SMILES,UMAP_1,UMAP_2,Cluster_ID,S_Score,Sel_Window,Measured_Count,Cluster_Fit,Confidence
Brc1ccc2[nH]nc(-c3ccccc3)c2c1,2.7099535,2.734044,23,0.0610687022900763,1.5999998139434195,131,0.3584905660377358,Moderate
Brc1ccc2c(c1)-c1[nH]ncc1C2,2.4261222,2.877832,23,0.0075757575757575,1.39999741696269,132,0.26666666666666666,Low
Brc1cnc2[nH]cc(-c3ccccc3)c2c1,2.7387187,4.192668,26,0.3115942028985507,2.300014562647405,138,0.5434782608695652,High
C#Cc1cccc(Nc2ncnc3cc(OC)c(OCCCCCCC(=O)NO)cc23)c1,-1.8728857,2.7595758,24,0.0225225225225225,3.2730012720637376,222,0.671875,High
C#Cc1cccc(Nc2ncnc3cc(OCCOC)c(OCCOC)cc23)c1,-1.8640323,2.78641,24,0.0707070707070707,4.164309428507574,396,0.671875,High
C#Cc1cccc(Nc2ncnc3cc4c(cc23)OCCOCCOCCO4)c1,-1.932693,2.7542908,24,0.0133928571428571,2.1248744062150138,224,0.55,High
C1=N/C2=N/c3ccc(OCCN4CCCC4)c(c3)COC/C=C/COCc3cccc(c3)C(=C1)N2,0.064810194,3.0493824,29,0.1155778894472361,4.0,199,0.26595744680851063,Low
C=CC(=O)N1CCC(Oc2cc3c(Nc4ccc(Cl)c(Cl)c4F)ncnc3cc2OC)CC1,-1.764844,2.4824436,24,0.0390243902439024,4.211381796198534,205,0.6097560975609756,High
C=CC(=O)N1CCC[C@@H](n2nc(-c3ccc(Oc4ccccc4)cc3)c3c(N)ncnc32)C1,-0.6610366,-0.7847804,1,0.1233480176211453,4.753542239048553,227,0.6266666666666667,High
C=CC(=O)N1CCC[C@H](n2c(=O)n(-c3ccc(Oc4ccccc4)cc3)c3c(N)ncnc32)C1,-0.7951708,-0.6656364,1,0.056338028169014,3.8750612633917,213,0.6266666666666667,High
C=CC(=O)Nc1cc(Nc2nccc(-c3cn(C)c4ccccc34)n2)c(OC)cc1N(C)CCN(C)C,-0.8731233,3.9145637,-1,0.02803738317757,4.154901959985743,214,,Outlier
C=CC(=O)Nc1cc2c(Nc3ccc(F)c(Cl)c3)ncnc2cc1C#CC(C)(C)N1CCN(C)CC1,-1.8610314,2.5598693,24,0.0188679245283018,3.904057236880544,212,0.5617977528089888,High
C=CC(=O)Nc1cc2c(Nc3ccc(F)c(Cl)c3)ncnc2cc1OCCCN1CCOCC1,-1.6828477,2.5531108,24,0.0706806282722513,4.178273661756904,382,0.6973684210526315,High
C=CC(=O)Nc1cccc(Nc2nc(Nc3ccc(N4CCN(C(C)=O)CC4)cc3OC)ncc2C(F)(F)F)c1,-1.1500078,4.2974415,34,0.0495049504950495,2.8143634230380883,202,0.44680851063829785,High
C=CCN(/C=C1/C(=O)O[C@H](COC)[C@@]2(C)C1=C(O)C(=O)C1=C2[C@H](OC(C)=O)C[C@]2(C)C(=O)CC[C@@H]12)CC=C,5.310293,0.25065583,2,0.0100502512562814,3.6320232147054057,199,0.1504424778761062,Low
C=CCn1c(=O)c2cnc(Nc3ccc(N4CCN(C)CC4)cc3)nc2n1-c1cccc(C(C)(C)O)n1,-0.84730744,4.1912513,35,0.0493827160493827,3.5795289598784503,243,0.37362637362637363,Moderate
CC(=O)N(c1ccncc1)c1c(NC(C)C(C)(C)C)c(=O)c1=O,0.52459425,5.2028823,28,0.0955882352941176,2.0000076363593218,136,0.5319148936170213,High
CC(=O)N1CCC(Nc2nccc(-c3c(-c4ccc(F)cc4)nc4occn34)n2)CC1,1.0766938,7.304664,4,0.0902255639097744,2.700015251394028,133,0.7230769230769231,High
CC(=O)N1CCN(C2CCC(n3nc(-c4ccc(NC(=O)c5cc6ccccc6n5C)cc4)c4c(N)ncnc43)CC2)CC1,-0.5332797,-0.825443,1,0.2446043165467626,2.700007318532885,139,0.42391304347826086,High
CC(=O)NCC(=O)N1C2CCC1c1cc(Nc3ncc(C(F)(F)F)c(NC4CCC4)n3)ccc12,-0.80057114,4.2882166,35,0.3468634686346863,3.62075126030443,271,0.3409090909090909,Moderate
CC(=O)Nc1c(C(N)=O)sc2ccc(Cl)c(Cl)c12,1.654496,4.3838987,31,0.1428571428571428,1.4000149335675929,133,0.6956521739130435,High
CC(=O)Nc1cc(N)c(C#N)c(-c2ccccc2)n1,0.9435042,1.4379305,18,0.0373831775700934,1.1953964142510678,107,0.56,High
CC(=O)Nc1cccc(-n2c(=O)n(C3CC3)c(=O)c3c(Nc4ccc(I)cc4F)n(C)c(=O)c(C)c32)c1,-3.466785,2.5768013,0,0.0088105726872246,3.8287886595888967,227,0.37209302325581395,Moderate
CC(=O)Nc1cccc(CNc2c(Nc3ccc4[nH]ncc4c3)c(=O)c2=O)c1,0.7438122,4.735453,-1,0.2313432835820895,2.599988433794872,134,,Outlier
CC(=O)c1c(C)c2cnc(Nc3ccc(N4CCNCC4)cn3)nc2n(C2CCCC2)c1=O,-1.0990856,4.0807962,34,0.0408163265306122,3.435728569561437,245,0.6052631578947368,High
CC(=O)c1cccc(-c2cnc3[nH]ccc3c2)c1,2.3152452,3.8592885,30,0.1089743589743589,1.5000003213429354,156,0.6326530612244898,High
CC(=O)c1cnc2ccc(-c3cc(Cl)c(O)c(Cl)c3)nc2c1N[C@H]1CC[C@H](CN(C)C)CC1,-1.1043705,3.4886403,-1,0.535,3.6146115393100144,200,,Outlier
CC(C)(C(N)=O)n1cc(-c2cnc(N)c3c(-c4ccc(NC(=O)Nc5cccc(F)c5)cc4)csc23)cn1,1.8542532,-1.1814473,7,0.3951612903225806,3.199999125196797,124,0.7971014492753623,High
CC(C)(C)C(=O)Oc1ccc2c(c1)nc(NC(=O)c1cccc([N+](=O)[O-])c1)n2CCCO,0.88851684,3.0171807,32,0.0350877192982456,3.720818516843021,114,0.696969696969697,High
CC(C)(C)NS(=O)(=O)c1cncc(-c2ccn3nc(N)nc3c2)c1,3.1193395,0.75487936,-1,0.0,0.3600077924532172,149,,Outlier
CC(C)(C)OC(=O)n1ncc2cc(Nc3c(NCc4ccc(S(N)(=O)=O)cc4)c(=O)c3=O)ccc21,0.45334893,4.949451,28,0.0307692307692307,1.6999997975545824,130,0.40789473684210525,High
CC(C)(C)c1cc(NC(=O)Nc2ccc(-c3cn4c(n3)sc3cc(OCCN5CCOCC5)ccc34)cc2)no1,0.015542921,2.733648,33,0.0476190476190476,3.212839649542346,399,0.3229166666666667,Moderate
CC(C)(C)c1cc(NC(=O)Nc2cccc3ccccc23)n(-c2cccc(C(=O)NCC#N)c2)n1,-0.35859087,2.2654445,-1,0.0186915887850467,1.5999978974840443,107,,Outlier
CC(C)(C)c1ccc2nc(-c3n[nH]c4ccccc34)[nH]c2c1,2.4418156,2.4568243,23,0.4154929577464789,2.2999722235572184,142,0.3137254901960784,Moderate
CC(C)(C)c1cnc(CSc2cnc(NC(=O)C3CCNCC3)s2)o1,1.038372,3.6312377,27,0.0956072351421188,3.769551078621726,387,0.25,Low
CC(C)(C)c1n[nH]c2c1C(c1ccccc1F)C(C#N)=C(N)O2,1.961905,1.4730821,-1,0.0073529411764705,1.7999997628906463,136,,Outlier
CC(C)(C)c1nc(-c2cccc(NS(=O)(=O)c3c(F)cccc3F)c2F)c(-c2ccnc(N)n2)s1,1.4799321,5.2974863,14,0.1403508771929824,3.8059099143085593,228,0.27848101265822783,Low
CC(C)(CO)CNc1nccc(-c2c(-c3ccc(F)cc3)nc3c(CC4CC4)nccn23)n1,0.9277668,7.6353555,4,0.063063063063063,2.6999997975545824,111,0.7794117647058824,High
CC(C)(CO)CNc1nccc(-c2c(-c3ccc(F)cc3)nc3c(CCN)nccn23)n1,0.9517475,7.619851,4,0.088,2.8000152350051906,125,0.7794117647058824,High
CC(C)(CO)CNc1nccc(-c2c(-c3ccc(F)cc3)nc3c(Cl)nccn23)n1,0.8910224,7.6759787,4,0.056,2.300037897294456,125,0.78125,High
CC(C)(CO)CNc1nccc(-c2c(-c3ccc(F)cc3)nc3c(OCC(F)(F)F)nccn23)n1,0.93028677,7.684,4,0.056,2.899970438310449,125,0.8307692307692308,High
CC(C)(CO)CNc1nccc(-c2c(-c3ccc(F)cc3)nc3cnccn23)n1,1.0397578,7.4418716,4,0.0434782608695652,2.3999705473896498,138,0.8064516129032258,High
CC(C)(CO)c1nnc2ccc(-c3c(-c4ccc(F)cc4F)nc4n3CCC4)nn12,0.6672908,8.0404625,3,0.0403225806451612,1.8000152350051914,124,0.647887323943662,High
CC(C)(CO)c1nnc2ccc(-c3c(-c4ccc(F)cc4F)nc4occn34)nn12,0.7842261,8.0057955,3,0.024390243902439,1.7999997628906463,123,0.7313432835820896,High
CC(C)(O)CC(=O)NCCn1ccc2ncnc(Nc3ccc(Oc4cccc(C(F)(F)F)c4)c(Cl)c3)c21,-1.990474,2.641689,24,0.018348623853211,3.2466723333413885,218,0.2972972972972973,Low
CC(C)(O)CNc1nccc(-c2c(-c3ccc(F)cc3F)nc3c(CC4CC4)nccn23)n1,0.7072301,8.050966,3,0.044776119402985,2.8000152350051906,134,0.8088235294117647,High
CC(C)(O)Cc1nnc2ccc(-c3c(-c4ccc(F)cc4F)nc4occn34)nn12,0.68736786,8.021734,3,0.048780487804878,1.6000085640098982,123,0.7313432835820896,High
CC(C)CC(=O)Nc1n[nH]c2c1CN(C(=O)C1CCN(C)CC1)C2(C)C,1.9513427,2.341742,23,0.0648148148148148,3.6320232147054057,216,0.32222222222222224,Moderate
CC(C)COc1nccn2c(-c3ccnc(NCC(C)(C)CO)n3)c(-c3ccc(F)cc3)nc12,0.92160505,7.656401,4,0.0566037735849056,3.3999705473896498,106,0.8181818181818182,High
CC(C)Cc1cc(-c2ccc3[nH]nc(N)c3c2)on1,3.0743892,2.0523453,23,0.1791044776119403,2.199973766009121,134,0.42592592592592593,High
CC(C)Cn1c(N)nc2c(F)cc(-c3c(-c4ccc(F)cc4)nc4sccn34)cc21,1.3251694,7.0778255,-1,0.075187969924812,2.2000379319583923,133,,Outlier
CC(C)Cn1c(N)nc2ccc(-c3c(-c4ccc(F)cc4)nc4sccn34)cc21,1.3430716,7.076041,-1,0.1079136690647482,2.59999981394342,139,,Outlier
CC(C)N(C)C(=O)c1c(-c2ccc3[nH]ncc3c2)nnn1Cc1ccccc1,3.233193,3.0510373,22,0.1846153846153846,2.299974886868517,130,0.8245614035087719,High
CC(C)NC(=O)COc1cccc(-c2nc(Nc3ccc4[nH]ncc4c3)c3ccccc3n2)c1,0.66434985,4.4064455,31,0.0161290322580645,1.8870864409117267,124,0.38271604938271603,Moderate
CC(C)Nc1c(-c2ccc3[nH]ncc3c2)nc2ncccn12,3.302162,3.397018,22,0.2028985507246377,2.1195511351684075,138,0.6842105263157895,High
CC(C)Nc1cc(-c2c[nH]c(C(=O)N[C@H](CO)c3cccc(Cl)c3)c2)c(Cl)cn1,3.0966492,5.4836626,-1,0.014018691588785,3.6078895349886864,214,,Outlier
CC(C)OC1=NNC(=O)C1=Cc1c[nH]c2ccccc12,4.097486,0.5340676,8,0.1159420289855072,2.5999712577322462,138,0.2878787878787879,Low
CC(C)Oc1nccn2c(-c3ccnc(NCC(C)(C)CO)n3)c(-c3ccc(F)cc3F)nc12,0.68272686,8.032249,3,0.048,2.7999704546992863,125,0.855072463768116,High
CC(C)Oc1nccn2c(-c3ccnc(NCC(C)(C)O)n3)c(-c3ccc(F)cc3F)nc12,0.66701907,8.07217,3,0.048,2.4999705310008125,125,0.855072463768116,High
CC(C)c1cc(CNc2nc(Nc3cc(C4CC4)[nH]n3)cc(N3CCN(C)CC3)n2)on1,0.6143667,3.567031,29,0.25,4.0,212,0.3625,Moderate
CC(C)n1nc(-c2cc3cc(O)ccc3[nH]2)c2c(N)ncnc21,-0.60198593,-0.84909964,1,0.2841530054644808,3.4497260597184667,366,0.47619047619047616,High
CC(C)n1nnc2ccc(-c3c(-c4ccc(F)cc4F)nc4occn34)cc21,0.8540507,7.7955756,4,0.0681818181818181,1.899970438310448,132,0.38961038961038963,Moderate
CC(N)C1CCC(C(=O)Nc2ccnc3[nH]ccc23)CC1,1.0424346,3.67548,27,0.131578947368421,2.500016054426988,152,0.5490196078431373,High
CC(N)C1CCC(C(=O)Nc2ccncc2)CC1,0.94853246,3.7744873,27,0.0616438356164383,2.299513366100045,146,0.5490196078431373,High
CC(N)COc1cnc(Cl)c(C=Cc2ccncc2)c1,3.720101,-0.05957671,8,0.144,2.000038455746745,125,0.43333333333333335,High
CC(NC(=O)c1ccc(-c2ccncc2)cc1)c1ccccc1,2.9712055,5.62347,21,0.144,3.1999801788782616,125,0.6666666666666666,High
CC(Nc1c(Nc2ccncc2)c(=O)c1=O)C(C)(C)C,0.50194705,5.195801,28,0.0888888888888888,1.7000152513940288,135,0.5319148936170213,High
CC(Nc1nccc(-c2c(-c3ccc(F)cc3)nc3occn23)n1)c1ccccc1,1.077632,7.3331614,4,0.0977443609022556,2.724591253866356,133,0.582089552238806,High
CC(O)Cn1cc(-c2cnc(N)c3c(-c4ccc(NC(=O)Nc5cccc(F)c5)cc4)csc23)cn1,1.9538332,-1.1610675,7,0.3884297520661157,3.499988062874685,121,0.8472222222222222,High
CC(Oc1cc(-c2cnn(C3CCNCC3)c2)cnc1N)c1c(Cl)ccc(F)c1Cl,-0.46642828,2.8203456,-1,0.2179487179487179,3.1999713504226097,156,,Outlier
CC1(C)CNc2cc(NC(=O)c3cccnc3NCc3ccncc3)ccc21,1.085904,4.772202,-1,0.0493506493506493,3.5228787452803374,385,,Outlier
CC1(COc2ccc3c(c2)ncn3-c2ccc3cccc(N4CCC(N)CC4)c3n2)COC1,-0.26000834,2.689379,-1,0.1272727272727272,4.176091259055681,220,,Outlier
CC1(O)CC(c2nc(-c3ccc4ccc(-c5ccccc5)nc4c3)c3c(N)nccn23)C1,-0.73407537,-0.2703623,1,0.1171875,2.749970708399044,128,1.0,High
CC1CCN(C(=O)CC#N)CC1N(C)c1ncnc2[nH]ccc12,1.2904898,3.563818,27,0.075,2.714975349478486,160,1.0,High
CC1CCN(C(=O)CO)CC1N(C)c1ncnc2[nH]ccc12,1.3438904,3.6668158,27,0.0390625,2.300037897294456,128,0.7966101694915254,High
CCC(CO)Nc1nc(NCc2ccccc2)c2ncn(C(C)C)c2n1,2.5231044,4.67614,26,0.0660377358490566,1.900015200341256,106,1.0,High
CCC(N)(C#Cc1cnc(N)c2c(-c3ccc(NC(=O)Nc4cccc(C)c4)cc3)csc12)CC,1.3398054,-1.719532,6,0.3057851239669421,2.700007318532885,121,0.8307692307692308,High
CCC1C(=O)N(C)c2cnc(Nc3ccc(C(=O)NC4CCCCC4)cc3OC)nc2N1C1CCCC1,-1.4818215,4.1228504,-1,0.0373134328358208,2.700015251394028,134,,Outlier
CCC1C(=O)N(C)c2cnc(Nc3ccc(C(=O)NC4CCN(C)CC4)cc3OC)nc2N1C1CCCC1,-1.5394213,4.131429,-1,0.1521739130434782,2.7999892590208235,138,,Outlier
CCCC(=O)Nc1cccc(-c2nc(Nc3ccc4[nH]ncc4c3)c3cc(OCCN4CCCC4)ccc3n2)c1,0.48079258,3.9257894,-1,0.0489510489510489,2.2999905038103563,143,,Outlier
CCCC(=O)Nc1n[nH]c2ccc(-c3cccc(F)c3F)cc12,2.7185385,2.0968192,23,0.0948905109489051,3.099980686277777,137,0.6491228070175439,High
CCCC(=O)Nc1n[nH]c2ccc(-c3cn(Cc4ccccc4)nn3)cc12,2.8005896,2.2982557,23,0.2231404958677686,2.999980981911221,121,0.8032786885245902,High
CCCC(=O)Nc1n[nH]c2ccc(-c3nnn(Cc4ccccc4)c3-c3ccccc3)cc12,2.956742,2.3468866,23,0.2706766917293233,2.700037259600606,133,0.6666666666666666,High
CCCC(=O)Nc1n[nH]c2nc3ccccc3cc12,2.5139353,1.9950926,23,0.0583941605839416,2.400056897531816,137,0.5660377358490566,High
CCCC(=O)Nc1n[nH]c2nnc(-c3cccc(F)c3F)cc12,2.6333394,1.9403386,23,0.0655737704918032,2.2999801624894243,122,0.8,High
CCCC(=O)Nc1nn(C(=O)CC)c2nc3ccccc3cc12,2.5898952,2.0504773,23,0.0441176470588235,1.9999887352324697,136,0.5660377358490566,High
CCCCCCCCCCCCCCCCCCOP(=O)([O-])OC1CC[N+](C)(C)CC1,0.82880235,3.3764958,-1,0.0,0.6989700043360187,198,,Outlier
CCCCNc1ccc2c3c(cccc13)C(=O)N(CCNCCO)C2=O,2.5093775,4.2630424,26,0.0338983050847457,2.2000075853065484,118,0.23529411764705882,Low
CCCCNc1n[s+]([O-])nc1Nc1ccc(F)cc1,-1.5786363,3.2658112,24,0.0176991150442477,1.5999978974840443,113,0.22033898305084745,Low
CCCCOc1ncnc2[nH]cc(-c3ccccc3)c12,2.5368495,4.4661636,26,0.4525547445255474,1.9999758526934888,137,0.52,High
CCCCn1c(NC(=O)c2ccc(C#N)cc2)nc2cc(N(C)C(=O)C3CCCCC3)ccc21,0.9820799,3.2213802,32,0.0909090909090909,1.899988751621307,132,0.8450704225352113,High
CCCCn1c(NC(=O)c2cccc(C#N)c2)nc2cc(N(C)C(=O)C3CCCCC3)ccc21,0.99356306,3.1365147,32,0.1194029850746268,2.1999713504226097,134,0.8450704225352113,High
CCCOc1cccc(C(C)NC(=O)c2ccc(-c3ccncc3)cc2)c1,3.1897156,5.661957,20,0.096,2.1999801788782616,125,0.7450980392156863,High
CCCS(=O)(=O)Nc1ccc(-c2ccc3[nH]nc(N)c3c2)cc1,3.047826,2.0228324,23,0.1343283582089552,3.1999713504226097,134,0.8372093023255814,High
CCCS(=O)(=O)Nc1ccc(-c2ccc3[nH]nc(NC(=O)CC)c3c2)cc1,2.9318726,2.0249102,23,0.1119402985074626,2.050038202046987,134,0.8269230769230769,High
CCCS(=O)(=O)Nc1ccc(-c2ccc3[nH]nc(NC(C)=O)c3c2)cc1,2.9897962,2.0363903,23,0.1185185185185185,2.499974083835557,135,0.8269230769230769,High
CCCS(=O)(=O)Nc1ccc(F)c(C(=O)c2c[nH]c3ncc(-c4ccc(Cl)cc4)cc23)c1F,2.6584344,3.9257348,26,0.0365296803652968,2.7342605414788723,219,0.8225806451612904,High
CCCS(=O)(=O)Nc1ccc(F)c(C(=O)c2c[nH]c3ncc(Cl)cc23)c1F,2.7516997,3.961182,26,0.0521978021978022,4.795880017344077,364,0.8225806451612904,High
CCCn1cc(-c2cnc(N)c3c(-c4ccc(NC(=O)Nc5cccc(F)c5)cc4)csc23)cn1,1.8467777,-1.1990448,7,0.3471074380165289,3.700007318532883,121,0.8823529411764706,High
CCN(CC)CC#Cc1ccc2c(c1)-c1[nH]nc(-c3ccc(C#N)nc3)c1C2,0.50451064,2.6784465,33,0.0672268907563025,3.200037931958392,119,0.5466666666666666,High
CCN(CC)CC#Cc1cnc(N)c2c(-c3ccc(NC(=O)Nc4cccc(C)c4)cc3)csc12,1.3965318,-1.7258604,6,0.2198581560283688,2.700007318532885,141,0.8805970149253731,High
CCN(CC)CCNC(=O)C=Cc1cnc(N)c2c(-c3ccc(NC(=O)Nc4cccc(C)c4)cc3)csc12,1.5670508,-1.6607263,6,0.472,3.5000094052172512,125,0.6419753086419753,High
CCN(CC)CCNC(=O)c1c(C)[nH]c(/C=C2\C(=O)Nc3ccc(F)cc32)c1C,4.53046,1.3604802,10,0.4435897435897435,3.2388639801101577,390,1.0,High
CCN(CC)CCNC(=O)c1c(C)[nH]c(C=C2C(=O)Nc3ccc(F)cc32)c1C,4.5249233,1.363514,10,0.3795180722891566,3.199999125196797,166,1.0,High
CCN(CCCOc1ccc2c(Nc3cc(CC(=O)Nc4cccc(F)c4)[nH]n3)ncnc2c1)CCOP(=O)(O)O,-1.5908304,3.0921607,24,0.0429184549356223,4.908919530652666,233,0.8414634146341463,High
CCN(CCO)CCCOc1ccc2c(Nc3cc(CC(=O)Nc4cccc(F)c4)[nH]n3)ncnc2c1,-1.6449298,3.0879555,24,0.0494791666666666,4.164309428507574,384,0.8414634146341463,High
CCN1C(=O)N(C)c2cnc(Nc3ccc(C(=O)NC4CCN(C)CC4)cc3OC)nc2N1C1CCCC1,-1.5124952,4.1268415,-1,0.0381679389312977,2.699974032782784,131,,Outlier
CCN1CCN(CCCC(=O)Nc2n[nH]c3nnc(-c4cccc(F)c4F)cc23)CC1,2.5440304,2.021334,23,0.059322033898305,2.2999801624894243,118,0.75,High
CCN1CCN(Cc2ccc(-c3cc4c(N[C@H](C)c5ccccc5)ncnc4[nH]3)cc2)CC1,2.1163967,2.4645035,23,0.0316742081447963,3.807893007917361,221,0.27058823529411763,Low
CCN1CCN(Cc2ccc(NC(=O)Nc3ccc(Oc4cc(NC)ncn4)cc3)cc2C(F)(F)F)CC1,-0.392418,1.8065624,25,0.3705722070844686,4.137601816044464,367,0.4,High
CCN1CCN(Cc2ccc(Nc3ncc(F)c(-c4cc(F)c5nc(C)n(C(C)C)c5c4)n3)nc2)CC1,0.03247858,3.8919857,29,0.1342592592592592,4.176091259055681,216,0.2549019607843137,Low
CCN1CCN(c2ccc(Nc3nccc(-c4c(-c5cccc(C(=O)Nc6ccccc6F)c5)nc5ccccn45)n3)cc2)CC1,-0.02464086,3.989894,29,0.4285714285714285,2.90005622517403,126,0.4574468085106383,High
CCNC(=O)C#Cc1ccc2c(c1)NC(=O)/C2=C(\Nc1ccc(CN(C)C)cc1)c1ccccc1,3.792863,1.7373836,10,0.1512195121951219,3.353134621538759,205,0.24489795918367346,Low
CCNC(=O)c1cnc(N)c2c(-c3ccc(NC(=O)Nc4cccc(F)c4)cc3)csc12,1.6204808,-1.2807751,7,0.265625,3.2999710547891654,128,0.7014925373134329,High
CCOC(=O)C1=c2sc(=Cc3ccco3)c(=O)n2C(N)=C(C#N)C1c1ccco1,1.5049202,1.4255632,-1,0.072992700729927,2.0000076363593218,137,,Outlier
CCOC(=O)c1ccc2[nH]c3c(c2c1)CCNC3=O,3.9917493,2.825495,13,0.0909090909090909,1.650015505093786,132,0.2727272727272727,Low
CCOc1cc2ncc(C#N)c(Nc3ccc(F)c(Cl)c3)c2cc1NC(=O)/C=C/CN(C)C,-1.8382989,2.4615176,24,0.0955223880597015,3.323892334883668,335,0.75,High
CCOc1cc2ncc(C#N)c(Nc3ccc(OCc4ccccn4)c(Cl)c3)c2cc1NC(=O)/C=C/CN(C)C,-1.8771714,2.494084,24,0.1432291666666666,4.187086643357144,384,0.75,High
CCOc1ccc(NC(=O)Nc2ccc(-c3csc4c(-c5cnn(C)c5)cnc(N)c34)cc2)cc1,1.9292804,-0.87318397,7,0.2868852459016393,4.199980178878262,122,0.7903225806451613,High
CCOc1ccn(-c2ccc(F)cc2)c(=O)c1C(=O)Nc1ccc(Oc2ccnc(N)c2Cl)c(F)c1,-0.8246413,2.6200337,25,0.1084905660377358,3.926892901664569,212,0.3300970873786408,Moderate
CCOc1nc(C(=O)NCc2ccc(S(C)(=O)=O)cc2)cc(N)c1C#N,0.8672413,1.5208372,18,0.0547945205479452,2.660626924674956,146,0.7413793103448276,High
CCOc1nc(C(=O)NCc2ccc(S(C)(=O)=O)cc2)cc(N)c1Cl,0.740365,1.521866,18,0.0419580419580419,2.814891432209178,143,0.7413793103448276,High
CCOc1nc(C(=O)NCc2ccccc2S(N)(=O)=O)cc(N)c1C#N,0.8936005,1.5218737,18,0.0774647887323943,2.8659066706352263,142,0.65625,High
CCOc1nc(NC(=O)Cc2cc(OC)c(S(C)(=O)=O)cc2OC)cc(N)c1C#N,0.7707619,1.4519694,18,0.0413793103448275,2.77154733722241,145,0.796875,High
CCOc1nc(NC(=O)Cc2cc(OC)c(S(C)(=O)=O)cc2OC)cc(N)c1Cl,0.73866963,1.4496288,18,0.0410958904109589,2.783287885147171,146,0.7619047619047619,High
CCOc1nc(NC(=O)Cc2cc(OC)ccc2OC)cc(N)c1C#N,0.6839969,1.4886551,18,0.0546875,2.822878508170984,128,0.7076923076923077,High
CCOc1nc(NC(C)=O)cc(N)c1C#N,0.83242875,1.4802908,18,0.0476190476190476,1.210439398085997,126,0.603448275862069,High
CCS(=O)(=O)N1CC(CC#N)(n2cc(-c3ncnc4[nH]ccc34)cn2)C1,1.4475825,3.5820246,27,0.0934579439252336,3.721246399047171,214,0.4788732394366197,High
CCS(=O)(=O)N1CCN(c2ccc(Nc3ncc(C(N)=O)c(NC4CC4)n3)cc2)CC1,-0.76246315,4.153191,35,0.1772727272727272,4.574031267727719,220,0.34523809523809523,Moderate
CCS(=O)(=O)Nc1ccc(-c2ccc3[nH]nc(N)c3c2)cc1,3.0395932,1.9874,23,0.0526315789473684,1.899988751621307,133,0.8372093023255814,High
CCS(=O)(=O)c1cccc(-c2cc(C(=O)NC3CCN(C)CC3)c(C)c3[nH]c4ncc(C)cc4c23)c1,1.417608,2.8421254,32,0.1933962264150943,3.3010299956639813,212,0.24242424242424243,Low
CC[C@@H]1C(=O)N(C)c2cnc(Nc3ccc(C(=O)NC4CCN(C)CC4)cc3OC)nc2N1C1CCCC1,-1.4740978,4.1571345,-1,0.0717948717948717,4.080921907623926,390,,Outlier
CC[C@@H]1C(=O)N(C)c2cnc(Nc3ccc(C(=O)N[C@H]4CC[C@H](N5CCN(CC6CC6)CC5)CC4)cc3OC)nc2N1C(C)C,-1.586199,4.176625,-1,0.0272727272727272,3.778151250383644,220,,Outlier
CC[C@@](C)(Nc1ccnc(-c2c[nH]c3ncccc23)n1)C(=O)NCC(F)(F)F,3.5809448,4.62262,11,0.0738916256157635,3.778151250383644,203,0.36486486486486486,Moderate
CC[C@H](CO)Nc1nc(NCc2ccccc2)c2ncn(C(C)C)c2n1,2.5309575,4.6488824,26,0.015015015015015,1.4948500216800935,333,1.0,High
CC[C@H](Nc1ncnc2[nH]cnc12)c1nc2cccc(F)c2c(=O)n1-c1ccccc1,2.5905774,4.383826,26,0.0,1.4771212547196626,222,0.2631578947368421,Low
CCc1c(-c2ccc(C(C)(C)O)cc2)[nH]c2nccnc12,2.0766883,5.833382,17,0.1517241379310344,1.8000084393922815,145,0.22413793103448276,Low
CCc1cc2c(cc1N1CCC(N3CCOCC3)CC1)C(C)(C)c1[nH]c3cc(C#N)ccc3c1C2=O,0.7530374,2.6649568,33,0.0304347826086956,3.0268721464003017,230,0.28888888888888886,Low
CCc1cccc(NC(=O)Nc2ccc3c(c2)CCc2sc4ncnc(N)c4c2-3)c1,0.116299435,-1.5710754,5,0.2296296296296296,3.0000565960942165,135,0.7936507936507936,High
CCc1cnn2c(NCc3ccc[n+]([O-])c3)cc(N3CCCC[C@H]3CCO)nc12,0.63202935,4.84334,28,0.081081081081081,3.880524159093202,222,0.21153846153846154,Low
CCc1nc(-c2cccc(C)c2)c(-c2ccnc(NC(=O)c3ccccc3)c2)s1,1.902257,4.0522017,31,0.1328671328671328,2.1999801788782616,143,0.25,Low
CCc1nc(C(N)=O)c(Nc2ccc(N3CCC(N4CCN(C)CC4)CC3)c(OC)c2)nc1NC1CCOCC1,-1.0715948,4.037065,34,0.2415458937198067,4.933053210369387,207,0.31683168316831684,Moderate
CCc1nccn2c(-c3ccnc(NCC(C)(C)O)n3)c(-c3ccc(F)cc3F)nc12,0.65567994,8.094824,3,0.0451127819548872,2.8000152350051906,133,0.8412698412698413,High
CCn1c(-c2nonc2N)nc2c(C#CC(C)(C)O)ncc(OC[C@H]3CCCNC3)c21,0.013694179,2.604974,33,0.1256544502617801,3.6989700043360174,382,0.26495726495726496,Low
CCn1c(-c2nonc2N)nc2cnc(Oc3cccc(NC(=O)c4ccc(OCCN5CCOCC5)cc4)c3)cc21,0.0033252125,2.7996402,33,0.2671755725190839,3.069550574738709,131,0.31683168316831684,Moderate
CCn1c(=O)c(-c2cc[nH]n2)cc2c(C)nc(N)nc21,2.429087,1.6312976,-1,0.005,2.2812216023104286,200,,Outlier
CCn1c(C(=O)N(C2CC2)C2CC2)cc2c3c(ncn3C)c(Nc3cc(C)n(C)n3)nc21,-1.1449524,3.9166765,34,0.0138888888888888,3.832505206758281,216,0.23711340206185566,Low
CCn1c(C)c(-c2ccnc(Nc3cccc(OC)c3)n2)sc1=O,-0.11956487,4.205426,29,0.463768115942029,2.400007822415901,138,0.3561643835616438,Moderate
CCn1c2cc(Cl)c(F)cc2c(=O)c2c(=O)o[nH]c21,2.1234708,3.4291866,-1,0.0434782608695652,2.357577116732376,138,,Outlier
CCn1cc(-c2ccnc3[nH]c(-c4cccc(CN(C)C)c4)cc23)c(-c2ccc(NC(=O)N(C)C)cc2)n1,2.7261736,1.5658326,-1,0.0803571428571428,3.982618946870394,224,,Outlier
CN(C(=O)C1CCCCC1)c1ccc2c(c1)nc(NC(=O)c1ccc(C#N)cc1)n2C,1.0564886,3.1542394,32,0.1044776119402985,2.500000321342936,134,0.7910447761194029,High
CN(C)C(=O)Nc1ccc2nc(-c3ccco3)c(-c3ccco3)nc2c1,2.6263049,1.2306337,-1,0.0517241379310344,1.4499979403423993,116,,Outlier
CN(C)C(=O)c1c(-c2ccc3[nH]ncc3c2)nnn1Cc1ccccc1,3.2366414,3.0750165,22,0.1703703703703703,2.40000061697638,135,0.8245614035087719,High
CN(C)C(=O)c1cc2cnc(Nc3ccc(N4CCNCC4)cn3)nc2n1C1CCCC1,-1.1583071,4.083379,34,0.0236966824644549,2.333410756839747,211,0.6052631578947368,High
CN(C)C/C=C/C(=O)Nc1cc2c(Nc3ccc(F)c(Cl)c3)ncnc2cc1O[C@H]1CCOC1,-1.9064597,2.6696894,24,0.0284974093264248,4.354982694318741,386,0.6022727272727273,High
CN(C)C1CCN(C(=O)c2ccc(NC(=O)Nc3ccc(-c4nc(N5CCOCC5)nc(N5CCOCC5)n4)cc3)cc2)CC1,0.11694104,3.2706726,29,0.0046296296296296,4.3884973365918505,216,0.32926829268292684,Moderate
CN(C)CC(=O)N1CCC(c2ccc(NC(=O)c3nc(C#N)c[nH]3)c(C3=CCCCC3)c2)CC1,1.1982356,3.3764284,27,0.2672176308539944,3.6409138221142734,363,0.2653061224489796,Low
CN(C)CC(=O)NC(COc1cncc(-c2ccc3cnccc3c2)c1)Cc1c[nH]c2ccccc12,3.7200565,0.20879276,8,0.1386861313868613,1.999980981911221,137,0.49411764705882355,High
CN(C)CC(=O)Nc1n[nH]c2ccc(-c3cn(Cc4ccccc4)nn3)cc12,2.8168385,2.2944353,23,0.1176470588235294,2.699970962098802,119,0.8032786885245902,High
CN(C)CC(C)(C)CNc1nccc(-c2c(-c3ccc(F)cc3)nc3cnccn23)n1,1.0080067,7.4977803,4,0.0300751879699248,2.4999705310008125,133,0.8064516129032258,High
CN(C)CC(C)(C)CNc1nccc(-c2c(-c3ccc(F)cc3)nc3occn23)n1,1.0221472,7.479923,4,0.037593984962406,2.2999801624894243,133,0.7121212121212122,High
CN(C)CCCC(=O)Nc1n[nH]c2nnc(-c3cccc(F)c3F)cc12,2.6211975,2.0471997,23,0.0601503759398496,2.500509264225517,133,0.8,High
CN(C)CCN1CCN(C(=O)c2cc(C(C)(C)C)sc2NC(=O)Nc2cccc(Cl)c2Cl)CCC1=O,-0.13879135,2.5376768,33,0.014388489208633,3.134698573897456,139,0.20869565217391303,Low
CN(C)C[C@@H]1CCn2cc(c3ccccc32)C2=C(C(=O)NC2=O)c2cn(c3ccccc23)CCO1,4.8020263,0.47043383,-1,0.1191709844559585,3.6020599913279625,386,,Outlier
CN(C)c1cc2sncc2cc1NC(=O)C(=O)O,1.0856326,0.06376644,5,0.0942028985507246,2.0000076363593218,138,0.27419354838709675,Low
CN(C)c1ccc(C(=O)Nc2cccc(NC(=O)COc3ccc4c(=O)ccoc4c3)c2)cc1,0.8929095,4.1318374,-1,0.0131147540983606,3.5228787452803374,305,,Outlier
CN(C)c1ccc(CNC(=O)c2cc3c(-c4ccccc4)n[nH]c3s2)cc1,2.162435,2.9291284,23,0.1044776119402985,1.9500078900590792,134,0.7592592592592593,High
CN(C)c1cccc2c(S(=O)(=O)N(CCN)c3cncc(-c4ccc5cnccc5c4)c3)cccc12,3.4415781,0.3154886,8,0.1492537313432835,2.749989406837546,134,0.3783783783783784,Moderate
CN(C[C@@H]1COCCO1)S(=O)(=O)Nc1ccc2ccc3ncc(-c4cnn(C)c4)cc3c(=O)c2c1,2.1057217,0.2913155,12,0.0657276995305164,3.4771212547196626,213,0.47058823529411764,High
CN(c1ncccc1CNc1nc(Nc2ccc3c(c2)CC(=O)N3)ncc1C(F)(F)F)S(C)(=O)=O,-0.63050956,4.559204,35,0.1865671641791045,3.888560375418323,268,0.5116279069767442,High
CN1C(=O)[C@@H](N2CCc3c(nn(Cc4ccccc4)c3Br)C2=O)COc2ccccc21,2.907283,2.8131666,23,0.0035460992907801,2.8072415483004853,282,0.6716417910447762,High
CN1C(=O)[C@@H](N2CCc3cn(CC4CCS(=O)(=O)CC4)nc3C2=O)COc2ccccc21,2.7169733,2.9320297,23,0.0,0.0,327,0.7058823529411765,High
CN1C(=O)[C@@H](N2CCc3cn(Cc4ccccc4)nc3C2=O)COc2ccccc21,2.8055582,2.8381786,23,0.0035460992907801,2.054605119498932,282,0.7058823529411765,High
CN1C/C=C/CCOc2cccc(c2)-c2ccnc(n2)Nc2cccc(c2)C1,1.7666305,3.823108,-1,0.1029411764705882,4.278151250383644,204,,Outlier
CN1CCC(C(=O)n2nc(N)c3cc(-c4cn(Cc5ccccc5)nn4)ccc32)CC1,2.7278435,2.3677473,23,0.0666666666666666,2.1000379483472296,135,0.43037974683544306,High
CN1CCC(CNc2ccc3ncc(-c4cccc(OC(F)(F)F)c4)n3n2)CC1,1.1242781,2.702374,32,0.0319634703196347,3.2730012720637376,219,0.24242424242424243,Low
CN1CCC(COc2cnc(-c3cccc(Cn4nc(-c5cccc(C#N)c5)ccc4=O)c3)nc2)CC1,0.95778054,2.7375395,33,0.0046948356807511,3.4771212547196626,213,0.2391304347826087,Low
CN1CCC(NC(=O)c2cc3c(-c4ccccc4)n[nH]c3s2)CC1,1.9414535,2.8453763,23,0.0839694656488549,1.7000152513940288,131,0.5833333333333334,High
CN1CCC(c2c(O)cc(O)c3c(=O)cc(-c4ccccc4Cl)oc23)C(O)C1,1.3021332,2.822806,32,0.1533333333333333,3.5999712577322445,150,1.0,High
CN1CCN(C2CCC(n3cc(-c4ccc(Oc5ccccc5)cc4)c4c(N)ncnc43)CC2)CC1,-0.74825555,-0.67767864,1,0.2954545454545454,3.8228782413973192,132,0.5068493150684932,High
CN1CCN(C2CCN(C(=O)Nc3cc(Oc4ccc(NC(=O)C5(C(=O)Nc6ccc(F)cc6)CC5)c(F)c4)ccn3)CC2)CC1,-0.84327626,2.2177563,25,0.1150442477876106,3.8750612633917,226,0.4117647058823529,High
CN1CCN(CCCNc2cccc(-c3nc4c(C(N)=O)cccc4[nH]3)n2)CC1,1.0138779,3.6818569,27,0.0303030303030303,1.6000085640098982,132,0.36046511627906974,Moderate
CN1CCN(CCOc2cc(OC3CCOCC3)c3c(Nc4c(Cl)ccc5c4OCO5)ncnc3c2)CC1,-1.8675745,2.4847014,24,0.1116071428571428,4.176091259055681,224,0.32323232323232326,Moderate
CN1CCN(Cc2ccc3c(c2)Cc2c(-c4csc(C#CCOCC5CC5)c4)n[nH]c2-3)CC1,0.5249926,2.6943033,33,0.1570247933884297,4.000007636359319,121,0.5833333333333334,High
CN1CCN(c2ccc(C(=O)Nc3n[nH]c4ccc(Cc5cc(F)cc(F)c5)cc34)c(NC3CCOCC3)c2)CC1,1.9320276,2.2175112,23,0.10546875,4.277091988165893,256,0.30303030303030304,Moderate
CN1CCN(c2ccc3nc(-c4c(N)c5c(F)cccc5[nH]c4=O)[nH]c3c2)CC1,2.002327,2.0231152,23,0.255050505050505,3.482326338908094,396,0.2804878048780488,Low
CN1CCN(c2cccc(Nc3nccc(-c4c(C(N)=O)nc5ccccn45)n3)c2)CC1,-0.098991476,4.045989,29,0.0787401574803149,2.0000076363593218,127,0.4574468085106383,High
CN1CCN(c2nc(C3=C(c4c[nH]c5ccccc45)C(=O)NC3=O)c3ccccc3n2)CC1,4.26494,0.6577925,8,0.0785714285714285,4.038560534331541,280,0.2839506172839506,Low
CN1CC[C@@H](c2c(O)cc(O)c3c(=O)cc(-c4ccccc4Cl)oc23)[C@@H]1CO,1.3205658,2.8118079,32,0.0231481481481481,3.154901959985742,216,0.703125,High
CN1CC[C@H](c2c(O)cc(O)c3c(=O)cc(-c4ccccc4Cl)oc23)[C@H](O)C1,1.3812252,2.79719,32,0.1395348837209302,4.161150909262744,387,1.0,High
CN1N=C(N)c2cn([C@@H]3O[C@H](COP(=O)(O)O)[C@@H](O)[C@H]3O)c3ncnc1c23,-0.70673066,-0.912693,1,0.0,0.0,194,0.32432432432432434,Moderate
CNC(=O)C(C)n1cc(-c2cnc(N)c3c(-c4ccc(NC(=O)Nc5ccc(C)cc5)cc4)csc23)cn1,2.053582,-1.0292324,7,0.2741935483870967,3.64998899422457,124,0.8208955223880597,High
CNC(=O)C=Cc1cnc(N)c2c(-c3cc(F)c4[nH]c(C)cc4c3)csc12,1.8427433,-1.5300182,7,0.2975206611570248,3.4999701368728484,121,0.6,High
CNC(=O)C=Cc1cnc(N)c2c(-c3ccc4c(c3)OCO4)csc12,1.9190254,-1.4614905,7,0.225563909774436,3.0000565960942165,133,0.6515151515151515,High
CNC(=O)C=Cc1cnc(N)c2c(-c3ccc4sc(C)nc4c3)csc12,1.8453108,-1.5656891,7,0.18796992481203,3.000007636359321,133,0.6515151515151515,High
CNC(=O)CN1CCC(Oc2cc3c(Nc4cccc(Cl)c4F)ncnc3cc2OC)CC1,-1.8296883,2.4336884,24,0.0407239819004524,4.176091259055681,221,0.6097560975609756,High
CNC(=O)COc1ccc(Nc2nc(Nc3ccc(C)c(S(N)(=O)=O)c3)ncc2F)cc1,-0.555597,4.467144,35,0.375,1.999969858643027,128,0.5492957746478874,High
CNC(=O)c1c(F)cccc1Nc1nc(Nc2cc3c(cc2OC)CCN3C(=O)CN(C)C)nc2[nH]ccc12,-1.2978352,4.025094,-1,0.0961538461538461,4.280333653084869,364,,Outlier
CNC(=O)c1cc(COc2nnc(Nc3ccc(Cl)cc3)c3ccoc23)ccn1,-0.608995,1.795558,25,0.0277777777777777,4.477121254719663,216,0.32098765432098764,Moderate
CNC(=O)c1cc(Oc2ccc(NC(=O)Nc3cc(C(C)(C)C)nn3-c3ccc4ncccc4c3)c(F)c2)ccn1,-0.59860814,1.9650164,25,0.1272727272727272,4.176091259055681,220,0.49411764705882355,High
CNC(=O)c1cc(Oc2ccc(NC(=O)Nc3ccc(Cl)c(C(F)(F)F)c3)c(F)c2)ccn1,-0.6236095,1.7434257,25,0.1255605381165919,4.176091259055681,223,0.8305084745762712,High
CNC(=O)c1cc(Oc2ccc(NC(=O)Nc3ccc(Cl)c(C(F)(F)F)c3)cc2)ccn1,-0.53108317,1.7276987,25,0.1291139240506329,3.823908740944319,395,0.8305084745762712,High
CNC(=O)c1cc(Oc2ccc(NC(=O)Nc3cccc(C(F)(F)F)c3)cc2)ccn1,-0.520794,1.5299536,25,0.1782945736434108,3.3000569139206526,129,0.711864406779661,High
CNC(=O)c1cc2c(-c3ccccc3F)n[nH]c2s1,2.2417054,2.8453734,23,0.2290076335877862,1.2000082625722994,131,0.5,High
CNC(=O)c1ccc(-c2cnc3ncc(Cc4ccc5ncccc5c4)n3n2)cc1F,2.0559733,0.5035939,12,0.0046948356807511,5.181588951206413,213,0.3333333333333333,Moderate
CNC(=O)c1ccc(C)c(-n2c(C)cc(OCc3ccc(F)cc3F)c(Br)c2=O)c1,-0.9043209,3.1833262,-1,0.0146341463414634,4.0377885608894,205,,Outlier
CNC(=O)c1ccc(Nc2ncc(C(F)(F)F)c(NCc3nccnc3N(C)S(C)(=O)=O)n2)cc1,-0.588576,4.456961,35,0.0855855855855855,4.627636252551653,222,0.5116279069767442,High
CNC(=O)c1cccc(-c2ccc3c(N4CCOC[C@@H]4C)nc(N4CCOC[C@@H]4C)nc3n2)c1,0.5567708,3.1692863,29,0.0044843049327354,4.680478221209434,223,0.5915492957746479,High
CNC(=O)c1cccc2cc(Oc3ccnc4cc(OCC5(N)CC5)c(OC)cc34)ccc12,-0.94414276,2.063393,25,0.0506912442396313,3.778151250383644,217,0.44871794871794873,High
CNC(=O)c1ccccc1Nc1nc(Nc2ccc(N3CCOCC3)cc2OC)ncc1Cl,-1.0673757,4.2201076,34,0.4140127388535032,3.0999733950889343,157,0.5232558139534884,High
CNC(=O)c1ccccc1Sc1ccc2c(/C=C/c3ccccn3)n[nH]c2c1,2.2417467,2.6050642,23,0.0987012987012987,4.6989700043360205,385,1.0,High
CNC(=O)c1ccccc1Sc1ccc2c(C=Cc3ccccn3)n[nH]c2c1,2.254174,2.6253803,23,0.2123287671232876,3.5999712577322445,146,1.0,High
CNC(=O)c1cnc(N)c2c(-c3ccc(NC(=O)Nc4cc(C)ccc4F)cc3)csc12,1.3732458,-1.0651239,-1,0.358974358974359,3.700037259600604,117,,Outlier
CNC(=O)c1nn(C)c2c1C(C)(C)Cc1cnc(Nc3ccc(N4CCN(C)CC4)cc3)nc1-2,-0.78557694,4.1761694,35,0.1601731601731601,4.0,231,0.37362637362637363,Moderate
CNC1CC2OC(C)(C1OC)n1c3ccccc3c3c4c(c5c6ccccc6n2c5c31)C(=O)NC4,5.316829,0.16596752,2,0.9076923076923076,1.5000864592213663,130,1.0,High
CNS(=O)(=O)Nc1nccc(Cc2c(C)c3ccc(Oc4ncccn4)cc3oc2=O)c1F,-0.7751647,1.8873222,25,0.019047619047619,3.533875892133421,210,0.2111111111111111,Low
CNS(=O)(=O)c1ccccc1Nc1nc(Nc2cc(N3CCN(C(C)=O)CC3)ccc2OC)ncc1Br,-1.1321753,4.2691355,34,0.652542372881356,2.2499734404360545,118,0.4936708860759494,High
CNS(=O)(=O)c1ccccc1Nc1nc(Nc2cc(OC)c(OC)c(OC)c2)ncc1Cl,-0.9544881,4.538509,34,0.7891156462585034,2.400022696953198,147,0.4936708860759494,High
CN[C@@H]1C[C@H]2O[C@@](C)([C@@H]1OC)n1c3ccccc3c3c4c(c5c6ccccc6n2c5c31)C(=O)NC4,5.361724,0.20058496,2,0.85,2.420330256828404,400,1.0,High
CN[C@@H]1C[C@H]2O[C@@](C)([C@@H]1OC)n1c3ccccc3c3c4c(c5c6ccccc6n2c5c31)C(=O)N[C@H]4O,5.3352184,0.22674036,2,0.2431192660550458,4.0,218,0.726027397260274,High
CN[C@H]1C[C@@H]2O[C@](C)([C@H]1OC)n1c3ccccc3c3c4c(c5c6ccccc6n2c5c31)C(=O)NC4,5.3730345,0.20124802,2,0.8244897959183674,2.7160033436348003,245,1.0,High
CNc1ncnc2c1N=C(c1ccc(NC(=O)Nc3cccc(C(F)(F)F)c3)cc1)CCN2,0.6791911,-0.5480472,5,0.0902255639097744,1.9000387513801893,133,0.6164383561643836,High
COC(=O)N[C@@H](C)CNc1nccc(-c2cn(C(C)C)nc2-c2cc(Cl)cc(NS(C)(=O)=O)c2F)n1,0.5719402,7.7217965,-1,0.059090909090909,4.279840696594043,220,,Outlier
COC(=O)[C@@]1(O)C[C@H]2O[C@]1(C)n1c3ccccc3c3c4c(c5c6ccccc6n2c5c31)C(=O)NC4,5.3550506,0.19895896,2,0.2995594713656387,4.0,227,0.7246376811594203,High
COC(=O)c1ccc2c(c1)NC(=O)/C2=C(\Nc1ccc(N(C)C(=O)CN2CCN(C)CC2)cc1)c1ccccc1,3.6134508,1.9222946,-1,0.3860103626943005,3.238238689211979,386,,Outlier
COC(C(=O)N1Cc2[nH]nc(NC(=O)c3ccc(N4CCN(C)CC4)cc3)c2C1)c1ccccc1,1.923268,2.3545108,23,0.3733333333333333,3.199973766009121,150,1.0,High
COCC(=O)NC/C=C/c1ccc2ncnc(Nc3ccc(Oc4ccc(C)nc4)c(C)c3)c2c1,-1.9673826,2.795885,24,0.0059880239520958,2.430690783050254,334,0.37894736842105264,Moderate
COCC(C)(C)CNc1nccc(-c2c(-c3ccc(F)cc3)nc3c(C)nccn23)n1,0.99504536,7.669578,4,0.0634920634920634,2.400056897531816,126,0.6911764705882353,High
COCCN(C)C(=O)c1c(-c2ccc3[nH]ncc3c2)nnn1Cc1ccccc1,3.284261,3.067335,22,0.150375939849624,1.9000387513801893,133,0.7704918032786885,High
COCCN1CCN(Cc2ccc(-c3n[nH]c4c3C(=O)c3c(NC(=O)NN5CCOCC5)cccc3-4)cc2)CC1,0.49234346,2.6526842,33,0.1706161137440758,4.176091259055681,211,0.3877551020408163,Moderate
COCCNCc1ccc(-c2cc3nccc(Oc4ccc(NC(=S)NC(=O)Cc5ccc(F)cc5)cc4F)c3s2)nc1,-0.9331759,2.434804,25,0.0599078341013824,4.477121254719663,217,0.34234234234234234,Moderate
COCCNc1nccc(-c2c(-c3ccc(F)cc3)nc3cnccn23)n1,0.99888587,7.461035,4,0.0827067669172932,2.3999705473896498,133,0.6935483870967742,High
COCCOC1CCC(n2nc(-c3ccc(Nc4nc5cc(C)cc(C)c5o4)cc3)c3c(N)ncnc32)CC1,-0.5500574,-0.8024225,1,0.46875,3.0500007914006755,128,0.39215686274509803,Moderate
COCCOCC#Cc1cc(-c2n[nH]c3c2C(=O)c2cc(CN4CCN(C)CC4)ccc2-3)cs1,0.5592008,2.691653,33,0.0942028985507246,3.899988751621308,138,0.5833333333333334,High
COCCn1cc(-c2ccncn2)c(-c2ccc(Cl)cc2)n1,1.9632596,6.1250277,17,0.037593984962406,2.2999801624894243,133,0.5384615384615384,High
COCc1c(-c2ccc(NC(=O)Nc3cc(C(F)(F)F)ccc3F)c(F)c2)c2c(N)ncnn2c1CN1CCOCC1,0.6295344,-0.65881884,5,0.0189573459715639,2.875061263391699,211,0.39361702127659576,Moderate
CO[C@@H](C(=O)N1Cc2[nH]nc(NC(=O)c3ccc(N4CCN(C)CC4)cc3)c2C1)c1ccccc1,1.9130251,2.3060575,23,0.2445414847161572,3.778151250383644,229,1.0,High
CO[C@@H]1[C@H](N(C)C(=O)c2ccccc2)C[C@H]2O[C@]1(C)n1c3ccccc3c3c4c(c5c6ccccc6n2c5c31)C(=O)NC4,5.4061413,0.15588796,2,0.306282722513089,3.0315170514460643,382,1.0,High
CO[C@@H]1[C@H](N(C)C(=O)c2ccccc2)C[C@H]2O[C@]1(C)n1c3ccccc3c3c4c(c5c6ccccc6n2c5c31)C(=O)N[C@H]4O,5.4284263,0.13125388,2,0.125,2.8239087409443187,336,0.7625,High
CO[C@@H]1[C@H](N(C)CCOCCOCCOCCNC(=O)CCC2=[N+]3C(=Cc4c(C)cc(C)n4[B-]3(F)F)C=C2)C[C@H]2O[C@]1(C)n1c3ccccc3c3c4c(c5c6ccccc6n2c5c31)C(=O)NC4,5.387498,0.17657162,2,0.9142857142857144,1.7160033436347994,175,0.864406779661017,High
CO[C@@H]1[C@H](NCCOCCOCCOCCNC(=O)CCC2=[N+]3C(=Cc4c(C)cc(C)n4[B-]3(F)F)C=C2)C[C@H]2O[C@]1(C)n1c3ccccc3c3c4c(c5c6ccccc6n2c5c31)C(=O)NC4,5.3963227,0.22494794,2,0.953846153846154,2.0253058652647704,195,0.864406779661017,High
CO[C@H]1C[C@@H]2CC[C@@H](C)[C@@](O)(O2)C(=O)C(=O)N2CCCC[C@H]2C(=O)O[C@H]([C@H](C)C[C@@H]2CC[C@@H](O)[C@H](OC)C2)CC(=O)[C@H](C)/C=C(\C)[C@@H](O)[C@@H](OC)C(=O)[C@H](C)C[C@H](C)/C=C/C=C/C=C/1C,-2.047376,4.447635,-1,0.0045454545454545,4.636500636031869,220,,Outlier
CO[C@H]1C[C@@H]2CC[C@@H](C)[C@@](O)(O2)C(=O)C(=O)N2CCCC[C@H]2C(=O)O[C@H]([C@H](C)C[C@@H]2CC[C@@H](OC(=O)C(C)(CO)CO)[C@H](OC)C2)CC(=O)[C@H](C)/C=C(\C)[C@@H](O)[C@@H](OC)C(=O)[C@H](C)C[C@H](C)/C=C/C=C/C=C/1C,-2.041759,4.4479394,-1,0.0,1.2316085869055131,228,,Outlier
CO[C@H]1C[C@@H]2CC[C@@H](C)[C@@](O)(O2)C(=O)C(=O)N2CCCC[C@H]2C(=O)O[C@H]([C@H](C)C[C@@H]2CC[C@@H](OCCO)[C@H](OC)C2)CC(=O)[C@H](C)/C=C(\C)[C@@H](O)[C@@H](OC)C(=O)[C@H](C)C[C@H](C)/C=C/C=C/C=C/1C,-2.0459955,4.4464765,-1,0.0047169811320754,3.977121254719663,212,,Outlier
CO[C@H]1C[C@@H]2CC[C@@H](C)[C@@](O)(O2)C(=O)C(=O)N2CCCC[C@H]2C(=O)O[C@H]([C@H](C)C[C@@H]2CC[C@@H](OP(C)(C)=O)[C@H](OC)C2)CC(=O)[C@H](C)/C=C(\C)[C@@H](O)[C@@H](OC)C(=O)[C@H](C)C[C@H](C)/C=C/C=C/C=C/1C,-2.0089464,4.4164524,-1,0.0,1.376061899811547,220,,Outlier
CO[C@H]1[C@@H](N(C)C(=O)c2ccccc2)C[C@@H]2O[C@@]1(C)n1c3ccccc3c3c4c(c5c6ccccc6n2c5c31)C(=O)NC4,5.40586,0.15760493,2,0.5793103448275863,1.8888495478773333,145,1.0,High
COc1c(Cl)cc2c([nH]c3cnccc32)c1NC(=O)c1cccnc1C,3.3513472,5.531265,20,0.0054945054945054,2.157353109306608,364,0.2682926829268293,Low
COc1c(OCCCN2CCOCC2)ccc2c1N=C(NC(=O)c1cnc(N)nc1)N1CCN=C21,-0.8430795,2.5579846,25,0.004524886877828,2.8239087409443187,221,0.3269230769230769,Moderate
COc1cc(-c2ccc3[nH]nc(C(=O)Nc4ccccc4)c3c2)ccc1O,3.1835668,2.0867052,23,0.0970149253731343,2.59999981394342,134,0.3974358974358974,Moderate
COc1cc(-c2ccc3c(c2)NC(=O)c2ccc(-c4ccccc4NS(C)(=O)=O)cc2N3)cc(OC)c1OC,3.981975,1.6907749,10,0.0064516129032258,2.1999801788782616,155,0.4626865671641791,High
COc1cc(-c2ccc3c(c2)Nc2ccc(C(=O)NCCNC(C)=O)cc2NC3=O)ccc1O,4.0203266,1.7642376,10,0.1956521739130435,1.8000376305207937,138,0.6911764705882353,High
COc1cc(-c2ccc3c(c2)Nc2ccc(C(=O)NCc4cccc(F)c4)cc2NC3=O)ccc1O,3.9322932,1.820623,10,0.2733812949640288,1.7999794901316388,139,0.6911764705882353,High
COc1cc(-c2ccc3c(c2)Nc2ccc([N+](=O)[O-])cc2NC3=O)ccc1O,4.046568,1.7670945,10,0.1044776119402985,2.699970962098802,134,0.578125,High
COc1cc(C)c(Cl)cc1NC(=O)Nc1cnc(C#N)cn1,-1.4688544,1.5777752,16,0.0503597122302158,2.499974083835557,139,0.7678571428571429,High
COc1cc(C=C(C#N)c2nc3cc(C)ccc3[nH]2)c(Br)cc1O,3.9933207,2.1157255,9,0.282051282051282,2.599988433794872,117,0.7857142857142857,High
COc1cc(C=C(C#N)c2nc3ccccc3[nH]2)c(Br)cc1O,4.042162,2.1129115,9,0.2542372881355932,2.400014933567592,118,0.7857142857142857,High
COc1cc(C=C2SC(=Nc3ccccc3)NC2=O)ccc1O,4.2820625,2.1791265,9,0.1304347826086956,2.1999713504226097,138,0.84,High
COc1cc(C=C2SC(=O)NC2=O)ccc1O,4.2796445,2.257319,9,0.112781954887218,2.9000081437588365,133,0.7857142857142857,High
COc1cc(C=C2SC(=S)NC2=O)ccc1O,4.309923,2.1552885,9,0.150375939849624,2.5999712577322462,133,0.7857142857142857,High
COc1cc(CCc2cc(NC(=O)c3ccc(N4CC(C)NC(C)C4)cc3)n[nH]2)cc(OC)c1,1.9308772,2.3782914,23,0.045662100456621,4.176091259055681,219,0.28888888888888886,Low
COc1cc(F)c(F)c(Nc2ccc(I)cc2F)c1NS(=O)(=O)C1(C[C@H](O)CO)CC1,-3.540867,2.521308,0,0.0235849056603773,2.920818753952375,212,0.4520547945205479,High
COc1cc(N2CCC(N3CCN(C)CC3)CC2)ccc1Nc1ncc(Cl)c(Nc2ccccc2S(=O)(=O)C(C)C)n1,-1.2447459,4.3725185,34,0.5721925133689839,2.8422643893748667,374,0.8082191780821918,High
COc1cc(N2CCC(N3CCN(C)CC3)CC2)ccc1Nc1ncnc(Nc2ccccc2S(=O)(=O)C(C)C)n1,-1.2733674,4.297534,34,0.0714285714285714,3.778151250383644,210,0.8082191780821918,High
COc1cc(Nc2c(C#N)cnc3cc(OCCCN4CCN(C)CC4)c(OC)cc23)c(Cl)cc1Cl,-1.741041,2.4344277,24,0.3074935400516795,4.271695346919142,387,0.42857142857142855,High
COc1cc(Nc2ncc(F)c(Nc3ccc4c(n3)N(COP(=O)(O)O)C(=O)C(C)(C)O4)n2)cc(OC)c1OC,-0.9790325,4.638843,34,0.0319634703196347,3.0,219,0.37362637362637363,Moderate
COc1cc(Nc2ncc(F)c(Nc3ccc4c(n3)NC(=O)C(C)(C)O4)n2)cc(OC)c1OC,-0.88253206,4.7122593,35,0.4923469387755102,2.810943763779952,392,0.34375,Moderate
COc1cc(Nc2ncc([N+](=O)[O-])c(Nc3ccccc3C(N)=O)n2)cc(OC)c1OC,-0.98758245,4.530611,34,0.7711864406779662,1.5500337511761515,118,0.4861111111111111,High
COc1cc(Nc2ncc3c(n2)-c2ccc(Cl)cc2C(c2c(F)cccc2OC)=NC3)ccc1C(=O)O,-0.6833367,4.6015835,35,0.0611510791366906,4.109379317145108,278,0.6986301369863014,High
COc1cc(Nc2nccc(Nc3cc(C4CCCCC4)no3)n2)cc(OC)c1OC,-0.78661424,4.7553744,35,0.1983471074380165,2.700015251394028,121,0.34146341463414637,Moderate
COc1cc(OC)c(/C=C/S(=O)(=O)Cc2ccc(OC)c(NCC(=O)O)c2)c(OC)c1,0.4624884,1.768421,-1,0.0136363636363636,2.875061263391699,220,,Outlier
COc1cc(Oc2ccnc3cc(OC)c(OC)cc23)ccc1NC(=O)NC(C)c1nccs1,-0.99312335,1.9285307,25,0.0906593406593406,4.537602002101044,364,0.5066666666666667,High
COc1cc(S(C)(=O)=O)c(OC)cc1CC(=O)Nc1cc(N)c(C#N)c(OC(C)C)n1,0.7801214,1.4452963,18,0.0413793103448275,3.2269357450515272,145,0.796875,High
COc1cc([C@@H]2c3cc4c(cc3[C@H](O)[C@H]3COC(=O)[C@@H]23)OCO4)cc(OC)c1OC,4.322631,2.3208537,9,0.0,0.0,203,0.20588235294117646,Low
COc1cc2/c(=N/c3ccc(Br)cc3F)nc[nH]c2cc1OCC1CCN(C)CC1,-1.6975193,2.459759,24,0.1395348837209302,3.3372421683184257,387,0.31521739130434784,Moderate
COc1cc2c(N3CCN(C(=O)Nc4ccc(OC(C)C)cc4)CC3)ncnc2cc1OCCCN1CCCCC1,-1.4392738,2.468527,24,0.023076923076923,2.909879699522129,390,0.4157303370786517,High
COc1cc2c(Nc3ccc(Cl)c(Cl)c3F)ncnc2cc1OC[C@@H]1C[C@@H]2CN(C)C[C@@H]2C1,-1.8388695,2.472775,24,0.1040723981900452,4.176091259055681,221,0.5555555555555556,High
COc1cc2c(Oc3ccc(NC(=O)C4(C(=O)NC5=CCC(F)C=C5)CC4)cc3F)ccnc2cc1OCCCN1CCOCC1,-1.0856975,2.360763,25,0.3933518005540166,4.755874855672492,361,0.7906976744186046,High
COc1cc2c(Oc3ccc(NC(=O)C4(C(=O)Nc5ccc(F)cc5)CC4)cc3F)ccnc2cc1OCCCN1CCOCC1,-1.0894632,2.4367483,25,0.2609819121447028,4.6989700043360205,387,0.7906976744186046,High
COc1cc2c(Oc3ccc4[nH]c(C)cc4c3F)ncnc2cc1OCCCN1CCCC1,-1.4661698,2.4545705,24,0.1136363636363636,4.0,396,0.43373493975903615,High
COc1cc2c(cc1F)C(c1ccccc1Cl)=Nc1c(n[nH]c1C)N2,3.9243047,1.5734366,10,0.3986486486486486,2.256753762610556,148,0.2692307692307692,Low
COc1cc2cnc3c(c2cc1OC)C(=O)NC3=O,4.3588715,2.2477264,9,0.0588235294117647,1.7000152513940288,136,0.2545454545454545,Low
COc1cc2nccc(Oc3ccc(NC(=O)C4(C(=O)Nc5ccc(F)cc5)CC4)cc3)c2cc1OC,-1.0181422,2.1160476,25,0.0821917808219178,5.477121254719663,219,0.618421052631579,High
COc1cc2nccc(Oc3ccc(NC(=O)NC4CC4)c(Cl)c3)c2cc1C(N)=O,-1.1015778,1.9719572,25,0.0879629629629629,4.014981611688722,216,0.5753424657534246,High
COc1cc2nccc(Oc3ccc(NC(=O)Nc4cc(C)on4)c(Cl)c3)c2cc1OC,-1.0173155,1.874279,25,0.0803571428571428,4.1153934187020695,224,0.5753424657534246,High
COc1cc2ncn(-c3cc(OCc4ccccc4C(F)(F)F)c(C(=O)O)s3)c2cc1OC,0.012996133,1.8406744,25,0.2983870967741935,2.899979861051825,124,0.8548387096774194,High
COc1cc2ncn(-c3cc(OCc4ccccc4C(F)(F)F)c(C(N)=O)s3)c2cc1OC,0.02631103,1.838428,25,0.2540983606557377,3.1202162009377723,122,0.8548387096774194,High
COc1cc2ncnc(Nc3ccc(F)c(Cl)c3)c2cc1NC(=O)/C=C/CN1CCCCC1,-1.8301755,2.4960535,24,0.0235849056603773,3.7385606273598313,212,0.6022727272727273,High
COc1cc2ncnc(Nc3ccc(F)c(Cl)c3)c2cc1OCCCN1CCOCC1,-1.7129138,2.4600976,24,0.058080808080808,3.0604807473813818,396,0.6973684210526315,High
COc1cc2ncnc(Nc3ccc(O)cc3)c2cc1OC,-1.7931007,2.8137522,24,0.004524886877828,1.94433139735544,221,0.45614035087719296,High
COc1cc2ncnc(Oc3cccc(NC(=O)Nc4cc(C(C)(C)C(F)(F)F)on4)c3)c2cc1OC,-0.9215472,1.8607974,25,0.1327433628318584,4.176091259055681,226,0.40476190476190477,High
COc1cc2ncnc3c2cc1OCCCCCN(C)Cc1ccc(Br)cc1N3,-1.7215937,2.5323372,24,0.0338164251207729,3.6989700043360174,207,0.3013698630136986,Moderate
COc1ccc(-c2cc3c(C)nc(N)nc3n([C@H]3CC[C@H](OCCO)CC3)c2=O)cn1,1.6558189,0.7988723,12,0.0098039215686274,3.426247717746479,204,0.16666666666666666,Low
COc1ccc(-c2cc3nccn3c(Nc3ccccc3C(N)=O)n2)cc1OC,-0.6495127,3.810973,-1,0.1587301587301587,2.5499740756411384,126,,Outlier
COc1ccc(-c2cc3nccn3c(Nc3ncccc3C(N)=O)n2)cc1OC,-0.56385565,3.7198398,-1,0.232,2.3624688644211336,125,,Outlier
COc1ccc(-c2ccc(NC(=O)Nc3cc(F)cc(F)c3)cc2)c2c(N)noc12,0.28152847,-0.27688906,5,0.2014925373134328,2.9000387513801886,134,0.7758620689655172,High
COc1ccc(-c2ccc(NC(=O)Nc3ccc(F)c(C)c3)cc2)c2c(N)noc12,0.275698,-0.2414012,5,0.2313432835820895,2.800008439392281,134,0.7758620689655172,High
COc1ccc(-c2ccc(NC(=O)Nc3cccc(Br)c3)cc2)c2c(N)noc12,0.29921997,-0.24940114,5,0.2877697841726618,2.599988433794872,139,0.7166666666666667,High
COc1ccc(-c2ccc3c(N4CCOC[C@@H]4C)nc(N4CCOC[C@@H]4C)nc3n2)cc1CO,0.37339133,3.0711522,29,0.0045662100456621,4.096910013008056,219,0.5915492957746479,High
COc1ccc(-c2ccc3ncc4c(c3c2)n(-c2ccc(N3CCNCC3)c(C(F)(F)F)c2)c(=O)n4C)cn1,1.8656566,0.97047323,-1,0.0142180094786729,4.178268178309956,211,,Outlier
COc1ccc(-c2cnc3c(Br)cnn3c2)cc1,2.1182415,-0.66290355,-1,0.1081081081081081,1.399997948536818,111,,Outlier
COc1ccc(C(=O)N2c3ccccc3Sc3c(Cl)cncc32)cc1,3.1486514,5.2369466,-1,0.1666666666666666,1.4999701368728493,132,,Outlier
COc1ccc(C(=O)Nc2cnc3[nH]cc(-c4ccccc4)c3c2)cc1,2.7587407,4.409287,26,0.1145038167938931,1.4000149335675929,131,0.8113207547169812,High
COc1ccc(C(=O)Nc2n[nH]c3ccc(-c4cn(Cc5ccccc5)nn4)cc23)cc1OC,2.820338,2.3269312,23,0.5144927536231884,2.799975235045607,138,0.78125,High
COc1ccc(C=C2C(=O)ON=C2c2ccc(Br)cc2)cc1OC,4.180116,2.1672475,9,0.040983606557377,1.5999978974840443,122,0.3,Moderate
COc1ccc(C=C2SC(=Nc3ccccc3)NC2=O)cc1O,4.2907214,2.2547102,9,0.1605839416058394,2.1000577169536125,137,0.84,High
COc1ccc(C=NNc2ncnc3c2[nH]c2ccccc23)cc1OC,-1.5121208,2.949612,24,0.2030075187969924,2.59999981394342,133,0.2878787878787879,Low
COc1ccc(CNc2c(Nc3ccc4[nH]ncc4c3)c(=O)c2=O)cc1,0.66013944,4.8665423,28,0.0522388059701492,1.899970438310448,134,0.42105263157894735,High
COc1ccc(COc2ccc(Cc3cnc(N)nc3N)cc2OC)cc1,0.40008515,1.7207704,-1,0.010840108401084,2.400007822415902,369,,Outlier
COc1ccc(F)c(F)c1C(=O)c1cnc(NC2CCN(S(C)(=O)=O)CC2)nc1N,-0.95507675,3.913681,-1,0.0978835978835978,4.267606240177033,378,,Outlier
COc1ccc(N2CCN(C)CC2)cc1Nc1ncc2c(n1)-c1c(c(C(N)=O)nn1C)CC2,-1.1150317,4.1576557,34,0.0176991150442477,3.5477023290053697,226,0.4222222222222222,High
COc1ccc(NC(=O)Nc2ccc(-c3cccc4onc(N)c34)cc2)cc1Cl,0.22687069,-0.18639798,5,0.1777777777777777,4.000007636359319,135,0.6153846153846154,High
COc1ccc(NC(=O)Nc2ccc(-c3csc4c(-c5cnn(CC(C)(C)O)c5)cnc(N)c34)cc2)cc1,2.078432,-0.9740594,7,0.2953020134228188,3.3999745912350727,149,0.8088235294117647,High
COc1ccc(NC(=O)Nc2ccc(-c3csc4c(-c5cnn(CCO)c5)cnc(N)c34)cc2)cc1,2.106422,-0.89033085,7,0.1583333333333333,4.399980127825488,120,0.8088235294117647,High
COc1ccc(S(=O)(=O)N(C(C)=O)c2ccccc2/C=C/c2cc[n+]([O-])cc2)cc1,3.0207891,4.988752,-1,0.0,1.3331701382956993,219,,Outlier
COc1ccc2c(NC(=O)Nc3cc(C(F)(F)F)ccn3)ccnc2c1,-0.90675426,1.3090265,15,0.0483870967741935,2.3999705473896498,124,0.7017543859649122,High
COc1ccc2c(NC(=O)Nc3cccc(Br)n3)ccnc2c1,-0.9191282,1.3489722,15,0.1370967741935483,2.7999892590208235,124,0.7321428571428571,High
COc1ccc2c(NC(=O)Nc3cccc(C(F)(F)F)n3)ccnc2c1,-0.83819306,1.3209544,15,0.1632653061224489,2.1999713504226097,147,0.7454545454545455,High
COc1ccc2c(OCc3nnc4ccc(-c5ccccc5)nn34)ccnc2c1,1.8641444,0.54214877,12,0.0092165898617511,4.176091259055681,217,0.3246753246753247,Moderate
COc1ccc2c(c1)C(=Cc1c[nH]cn1)C(=O)N2,4.370438,1.4663982,10,0.3076923076923077,2.300014562647405,130,0.35714285714285715,Moderate
COc1cccc(-c2cc3c(=O)[nH]c4ccccc4n3c2)c1,3.60942,2.7885046,-1,0.0462962962962962,1.5999978974840443,108,,Outlier
COc1cccc(C(=O)Nc2cnc3[nH]cc(-c4ccccc4)c3c2)c1,2.7384248,4.305356,26,0.1428571428571428,2.0000565960942165,133,0.8113207547169812,High
COc1cccc(C(C)NC(=O)N2CC=C(c3c[nH]c4ncccc34)CC2)c1,3.482437,5.138475,-1,0.3385826771653543,2.300014562647405,127,,Outlier
COc1cccc(C(C)NC(=O)c2cc(C)c(-c3ccc4[nH]nc(C)c4c3)s2)c1,3.3942297,5.6415915,20,0.2,2.500016054426988,125,0.5285714285714286,High
COc1cccc(C(C)NC(=O)c2ccc(-c3ccncc3)c(C)c2)c1,3.329412,5.6630497,20,0.12,2.1999801788782616,125,0.7962962962962963,High
COc1cccc(C(C)NC(=O)c2ccc(-c3ccncc3)c(F)c2)c1,3.4064684,5.7467427,20,0.1417322834645669,2.1999713504226097,127,0.7962962962962963,High
COc1cccc(C(C)NC(=O)c2ccc(-c3ccncc3)cc2)c1,3.303364,5.6945667,20,0.0413793103448275,2.718316188650191,145,0.7647058823529411,High
COc1cccc(C(C)NC(=O)c2ccc(-c3ccncc3)cc2NCCCN)c1,3.3302598,5.7397633,20,0.096,2.3000569139206526,125,0.6333333333333333,High
COc1cccc(C(C)NC(=O)c2ccc(-c3ccncc3C)cc2)c1,3.3289835,5.6378207,20,0.1574803149606299,2.1000577169536125,127,0.7636363636363637,High
COc1cccc(C(C)NC(=O)c2ccc(-c3ccncc3F)cc2OC)c1,3.3783884,5.713743,20,0.152,2.200057421320168,125,0.609375,High
COc1cccc(C(C)NC(=O)c2ccc(-c3ccncn3)cc2)c1,3.2827122,5.7114453,20,0.0655737704918032,1.6999997975545824,122,0.7647058823529411,High
COc1cccc(C(C)NC(=O)c2cnc(-c3ccncc3)s2)c1,3.3708327,5.666577,20,0.088,2.000038455746745,125,0.6545454545454545,High
COc1cccc(C(CN)NC(=O)c2ccc(-c3ccncc3)cc2)c1,3.1111455,5.681388,20,0.1889763779527559,2.999980981911221,127,0.74,High
COc1cccc(C=C2SC(=Nc3ccccc3)NC2=O)c1,4.3303447,2.3480794,9,0.0526315789473684,2.1000076199704845,133,0.6792452830188679,High
COc1cccc(CNC(=O)c2cc3c(-c4ccccc4)n[nH]c3s2)c1,2.1747718,2.9789872,23,0.2556390977443609,2.299999496116984,133,0.6724137931034483,High
COc1cccc(Nc2ncnc3ccccc23)c1,-1.822128,2.9818335,24,0.0198675496688741,1.5873382947549235,151,0.5208333333333334,High
COc1cccc(Nc2ncnn3ccc(CN4CC[C@@H](N)[C@H](O)C4)c23)c1,-1.8604047,2.8979297,24,0.0980392156862745,4.999999999999998,204,0.36619718309859156,Moderate
COc1cccc2c1Nc1cc(Nc3ccncc3)ccc1C(=O)N2,4.0740366,1.7117826,10,0.0542635658914728,1.6000085640098982,129,0.3380281690140845,Moderate
COc1cccc2cc(-c3nc([C@H]4CC[C@H](C(=O)O)CC4)n4ncnc(N)c34)[nH]c12,-0.7342369,-0.33396944,1,0.0147058823529411,2.7212463990471694,204,0.25806451612903225,Low
COc1ncc(-c2ccc3nccc(-c4ccnnc4)c3c2)cc1NS(=O)(=O)c1ccc(F)cc1F,2.5918515,3.9259508,-1,0.0046296296296296,4.945642337677407,216,,Outlier
COc1nccc(-c2c(-c3ccc(F)cc3)ncn2C2CCC(O)CC2)n1,1.2789078,7.0323806,-1,0.0719424460431654,2.2999801624894243,139,,Outlier
COc1nccc(-c2c(-c3ccc(F)cc3)ncn2C2CCNCC2)n1,1.3020551,6.880621,-1,0.1118881118881118,2.3695508925651456,143,,Outlier
COc1nccn2c(-c3ccnc(NCC(C)(C)CO)n3)c(-c3ccc(F)cc3)nc12,0.8607033,7.7411075,4,0.0471698113207547,3.899988751621308,106,0.8307692307692308,High
COc1nccn2c(-c3ccnc(NCC(C)(C)CO)n3)c(-c3ccc(F)cc3F)nc12,0.739472,7.9931817,3,0.08,2.59997406744672,125,0.8405797101449275,High
CS(=O)(=O)CCNCc1ccc(-c2ccc3ncnc(Nc4ccc(OCc5cccc(F)c5)c(Cl)c4)c3c2)o1,-2.0226545,2.648537,24,0.0075566750629722,3.4559319556497243,397,0.38144329896907214,Moderate
CS(=O)(=O)N(Cc1ccc2[nH]c(=O)c3cccn3c2c1)C1CC1,3.5566518,2.8283007,-1,0.2866666666666667,2.299999496116984,150,,Outlier
CS(=O)(=O)N1CCN(Cc2cc3nc(-c4cccc5[nH]ncc45)nc(N4CCOCC4)c3s2)CC1,0.7169751,2.4868424,33,0.0205655526992287,1.2839966563652006,389,0.3229166666666667,Moderate
CS(=O)(=O)NCCOc1cncc(-c2ccc3cnccc3c2)c1,3.43293,0.34693947,8,0.1417910447761194,2.699989554654268,134,0.4050632911392405,High
CS(=O)(=O)Nc1cc2c(cc1Cl)NC(=O)Nc1cnc(C#N)c(n1)OCCCCCO2,-1.6083832,1.4877071,16,0.0743801652892562,2.6708752048567312,121,0.6756756756756757,High
CS(=O)(=O)Nc1ccc(-c2ccc3[nH]nc(N)c3c2)cc1,3.0717173,1.9630402,23,0.0681818181818181,1.6000157587935444,132,0.7619047619047619,High
CS(=O)(=O)Nc1cccc(CC(=O)Nc2nc(-c3c[nH]c4ncccc34)cs2)c1,3.5773242,4.6127267,11,0.1162790697674418,2.6989700043360187,129,0.5925925925925926,High
CSc1c[nH]c2ncnc(NCCCO)c12,2.4850452,4.4455295,26,0.0902255639097744,1.8000084393922815,133,0.5957446808510638,High
CSc1ccc(-c2nc(-c3ccc(F)cc3)c(-c3ccncc3)[nH]2)cc1,1.7811601,6.3439035,17,0.0820895522388059,2.1999801788782616,134,0.7894736842105263,High
CSc1ccc2nc3c(c(Cl)c2c1)CCNC3=O,3.9814806,3.075508,13,0.0757575757575757,1.649999805749001,132,0.2727272727272727,Low
CSc1cccc(Nc2ncc3cc(-c4c(Cl)cccc4Cl)c(=O)n(C)c3n2)c1,-0.43669567,4.4782996,35,0.3076923076923077,4.173925197299171,364,0.375,Moderate
CSc1ccccc1CNc1ncc([N+](=O)[O-])c(NCC2CCC(CN)CC2)n1,-0.69192463,4.8288,-1,0.140495867768595,2.601029491780965,121,,Outlier
C[C@@H](N)c1ccc(C(=O)Nc2ccnc3[nH]ccc23)cc1,1.4402828,3.757857,27,0.0887850467289719,3.920818753952375,214,0.5454545454545454,High
C[C@@H](NC(=O)c1ncnc(N)c1Cl)c1ncc(C(=O)Nc2cc(C(F)(F)F)c(Cl)cn2)s1,-0.2766853,1.2579721,-1,0.0588235294117647,2.6777807052660805,221,,Outlier
C[C@@H](Nc1cc(F)cc(F)c1)c1cc(C(=O)N(C)C)cc2c(=O)cc(N3CCOCC3)oc12,-0.04927587,2.5820029,33,0.0,1.3010299956639813,202,0.2808988764044944,Low
C[C@@H](Oc1cc(-c2cnn(C3CCNCC3)c2)cnc1N)c1c(Cl)ccc(F)c1Cl,-0.46101195,2.8167481,-1,0.2242268041237113,3.6989700043360174,388,,Outlier
C[C@@H](Oc1cc(-n2cnc3ccc(CN4CCN(C)CC4)cc32)sc1C(N)=O)c1ccccc1C(F)(F)F,0.059120104,1.9351251,25,0.0308483290488431,3.6575773191777934,389,0.5121951219512195,High
C[C@@H](Oc1cc(C(=O)Nc2ccc(C(=O)N3CCN(C)CC3)cc2)nnc1N)c1c(Cl)ccc(F)c1Cl,-0.51588166,2.807737,-1,0.015,4.477121254719663,200,,Outlier
C[C@@H](c1ccc2nccn2c1)n1nnc2ncc(-c3cnn(C)c3)nc21,2.1655953,0.2901433,12,0.0052356020942408,4.0,191,0.32051282051282054,Moderate
C[C@@H]1CCN(C(=O)CC#N)C[C@@H]1N(C)c1ncnc2[nH]ccc12,1.3081355,3.5652752,27,0.0233160621761658,3.8386319977650256,386,1.0,High
C[C@@H]1CN(Cc2ccc(F)cc2)[C@@H](C)CN1C(=O)c1cc2c(C(=O)C(=O)N(C)C)cn(C)c2cc1Cl,0.58439004,3.062011,-1,0.0137614678899082,4.136500636031869,218,,Outlier
C[C@@H]1COC(Nc2ccc3ncnc(Nc4ccc(OCc5nccs5)c(Cl)c4)c3c2)=N1,-2.1263075,2.626563,24,0.0267857142857142,4.176091259055681,224,0.38144329896907214,Moderate
C[C@@H]1C[C@H]1C(=O)N1CCN(c2cnc(C#N)c(-c3cnn(C)c3)n2)C[C@H]1C,1.8868035,-0.5906822,-1,0.0,0.8645493006544864,222,,Outlier
C[C@@]1(C(=O)Nc2ccc(F)nc2)CCCN1c1nc(Nc2cc(C3CC3)n[nH]2)c2cccn2n1,-0.4887603,3.607362,-1,0.0776699029126213,4.089443480574387,206,,Outlier
C[C@H]1CNCCCN1S(=O)(=O)c1cccc2cncc(F)c12,1.1669958,2.1213808,-1,0.0202020202020202,2.8640791967317503,198,,Outlier
C[C@]1(O)C[C@@H](c2nc(-c3ccc4ccc(-c5ccccc5)nc4c3)c3c(N)nccn32)C1,-0.7514349,-0.28231984,1,0.0454545454545454,3.4771212547196626,220,1.0,High
C[C@]12O[C@H](C[C@]1(O)CO)n1c3ccccc3c3c4c(c5c6ccccc6n2c5c31)CNC4=O,5.357903,0.20424232,2,0.6735218508997429,2.770663228991093,389,0.7246376811594203,High
C[S+]([O-])c1ccc(-c2nc(-c3ccc(F)cc3)c(-c3ccncc3)[nH]2)cc1,1.7780529,6.366198,17,0.0426666666666666,2.4148213714964832,375,0.75,High
Cc1[nH]c(/C=C2\C(=O)Nc3ccc(F)cc32)c(C)c1C(=O)NC[C@H](O)CN1CCOCC1,4.5244694,1.3650415,10,0.3549222797927461,4.134164301278275,386,0.5974025974025974,High
Cc1[nH]c(/C=C2\C(=O)Nc3ccc(S(=O)(=O)Cc4c(Cl)cccc4Cl)cc32)c(C)c1C(=O)N1CCC[C@@H]1CN1CCCC1,4.5460553,1.3561791,10,0.1698630136986301,3.693873046951781,365,0.3786407766990291,Moderate
Cc1[nH]c(/C=C2\C(=O)Nc3ccccc32)c(C)c1CCC(=O)O,4.474839,1.3808973,10,0.0454545454545454,4.574031267727719,220,1.0,High
Cc1[nH]c(C=C2C(=O)Nc3ccccc32)c(C)c1CCC(=O)O,4.463365,1.3922603,10,0.2733812949640288,2.0000565960942165,139,1.0,High
Cc1c(-c2ccc3[nH]nc(N)c3c2)nnn1Cc1ccccc1,3.0573816,2.4925203,23,0.3064516129032258,2.299999496116984,124,0.76,High
Cc1c(-c2cccc(OCc3ccccc3)c2)c2c(N)ncnc2n1C1CC(CN2CCCC2)C1,-0.7409195,-0.73229045,1,0.181159420289855,2.500000321342936,138,0.5526315789473685,High
Cc1c(C(=O)N2CCOc3ccc(-c4ccc(N)nc4)cc3C2)ccc(S(C)(=O)=O)c1F,1.7624363,3.5172818,-1,0.0,0.4559319556497243,127,,Outlier
Cc1c(CN2CCN(C(=O)[C@H](C)O)CC2)sc2c(N3CCOCC3)nc(-c3cnc(N)nc3)nc12,0.55855083,2.3092532,33,0.0392156862745098,3.2466723333413885,204,0.3229166666666667,Moderate
Cc1c(Cn2c(C)nc3c(C(=O)O)cc(N4CCOCC4)cc32)cccc1C(F)(F)F,0.08259053,2.174099,-1,0.0,0.0,214,,Outlier
Cc1c(F)cc(C(=O)NC2CC2)cc1-c1ccc(C(=O)NCC(C)(C)C)cn1,-1.5290194,4.108231,-1,0.0186915887850467,3.5228787452803374,214,,Outlier
Cc1c(NC(=O)OC[C@@H]2COCCN2)cn2ncnc(Nc3ccc4c(cnn4Cc4cccc(F)c4)c3)c12,-1.7017815,3.0509593,24,0.0144927536231884,3.485985638199878,207,0.26956521739130435,Low
Cc1c(O)ccc2c1CCCC2=NNC(=O)Cc1cccc2ccccc12,1.9273646,1.8178556,23,0.0437956204379562,1.899970438310448,137,0.21621621621621623,Low
Cc1c[nH]c2nccc(Oc3c(F)cc(Nc4cc(Cl)nc(N)n4)cc3F)c12,3.4443145,4.4965057,11,0.2297297297297297,3.3586079318181543,148,0.26582278481012656,Low
Cc1cc(-c2cc(O)ccc2Cl)cc2nnc(Nc3ccc(OCCN4CCCC4)cc3)nc12,-0.057460435,3.2456539,29,0.1486486486486486,4.875061263391698,222,0.75,High
Cc1cc(-c2cc(OC(=O)c3ccccc3)ccc2Cl)cc2nnc(Nc3ccc(OCCN4CCCC4)cc3)nc12,0.03771906,3.1998806,29,0.0324074074074074,2.664207898076807,216,0.75,High
Cc1cc(-c2ccccc2)n(-c2cc(NN=Cc3ccco3)ncn2)n1,-0.10241072,3.3476315,29,0.0977443609022556,2.400056897531816,133,0.21978021978021978,Low
Cc1cc(C(=O)NOCCO)c(Nc2ccc(I)cc2F)n(C)c1=O,-3.4834785,2.5324802,0,0.0095693779904306,3.364466613856731,209,0.48717948717948717,High
Cc1cc(C(=O)Nc2cc(Oc3ccc4nc(NC(=O)C5CC5)cn4n3)ccc2C)n(C)n1,0.50526905,3.620614,29,0.0518867924528301,4.499397649430815,212,0.24742268041237114,Low
Cc1cc(C)c(C=C2C(=O)Nc3ccccc32)[nH]1,4.374069,1.4873688,10,0.2681159420289855,2.599988433794872,138,0.5094339622641509,High
Cc1cc(C)c2oc(Nc3ccc(-c4cccc(C(N)=O)c4N)cc3F)nc2c1,0.092538066,-0.08554094,5,0.1185185185185185,2.1999801788782616,135,0.30120481927710846,Moderate
Cc1cc(C)cc(NC(=O)Nc2ccc(-c3c(C)sc4ncnc(N)c34)cc2)c1,0.026939811,-1.3482685,5,0.3382352941176471,2.600006947612698,136,0.6229508196721312,High
Cc1cc(C)cc(NC(=O)Nc2ccc(-c3cccc4c3CNC4=O)c(C(F)(F)F)c2)c1,0.84233254,0.18604669,5,0.1181102362204724,2.3999705473896498,127,0.7547169811320755,High
Cc1cc(C)cc(NC(=O)Nc2ccc(-c3cccc4c3CNC4=O)c(C)c2)c1,0.9204763,0.15639001,5,0.1953125,2.3999705473896498,128,0.7547169811320755,High
Cc1cc(C)cc(NC(=O)Nc2ccc(-c3cccc4sncc34)cc2)c1,0.95860356,-0.1553,5,0.0491803278688524,2.399980127825488,122,0.6428571428571429,High
Cc1cc(C)cc(NC(=O)Nc2ccc(NC(=O)c3csc4ncnc(N)c34)cc2)c1,0.2530259,-1.1765672,5,0.1590909090909091,3.349970801089407,132,0.8541666666666666,High
Cc1cc(C)cc(NC(=O)Nc2ccc3c(c2)CCc2sc4ncnc(N)c4c2-3)c1,0.09526702,-1.5444448,5,0.2071428571428571,2.9000387513801886,140,0.8620689655172413,High
Cc1cc(Cl)ccc1NC(=S)NNC(=O)C(O)(c1ccccc1)c1ccccc1,1.1402951,0.66029197,-1,0.3435114503816794,1.300014562647406,131,,Outlier
Cc1cc(N2CCOCC2)cc2[nH]c(-c3c(NCC(O)c4cccc(Cl)c4)cc[nH]c3=O)nc12,0.6724023,2.4554555,33,0.4676258992805755,2.500038134403809,139,0.24752475247524752,Low
Cc1cc(NC(=O)CCNC(=O)Nc2nc(C)c(-c3ccc(-n4cccn4)cc3)s2)no1,-0.26270536,1.4675188,25,0.0416666666666666,1.700008529345962,120,0.2736842105263158,Low
Cc1cc(NC(=O)Cc2ccc(-c3cccc4[nH]nc(N)c34)cc2)ccc1F,0.52971596,-0.052951116,5,0.1641791044776119,3.500000321342936,134,0.6060606060606061,High
Cc1cc(Nc2cc(N3CCN(C)CC3)nc(/C=C/c3ccccc3)n2)n[nH]1,0.6058038,3.5661008,29,0.0711111111111111,3.890819789114733,225,1.0,High
Cc1cc(Nc2cc(N3CCN(C)CC3)nc(C=Cc3ccccc3)n2)n[nH]1,0.66943806,3.501184,29,0.348993288590604,2.700007318532885,149,1.0,High
Cc1cc(Nc2cc(N3CCN(C)CC3)nc(Sc3ccc(NC(=O)C4CC4)cc3)n2)n[nH]1,0.618663,3.5119874,29,0.2046035805626598,3.2034028113452493,391,0.47297297297297297,High
Cc1cc(Nc2nc(N[C@@H](C)c3ncc(F)cn3)ncc2Cl)[nH]n1,-1.0655931,4.469013,34,0.081081081081081,2.6989700043360187,222,0.2727272727272727,Low
Cc1cc(Nc2ncc(Cl)c(Nc3ccccc3S(=O)(=O)C(C)C)n2)c(OC(C)C)cc1C1CCNCC1,-1.107812,4.4042535,34,0.0512820512820512,4.342949297744131,234,0.5168539325842697,High
Cc1cc(Nc2ncc(F)c(NC3C4C=CC(C4)C3C(N)=O)n2)ccc1N1CCN(C)CC1,-0.6838937,4.3151264,35,0.6711409395973155,2.3999725061624666,149,0.34831460674157305,Moderate
Cc1cc(Nc2ncnc3ccc(NC4=NC(C)(C)CO4)cc23)ccc1Oc1ccn2ncnc2c1,-2.0816927,2.680695,24,0.0046511627906976,3.638272163982407,215,0.37894736842105264,Moderate
Cc1cc(O)ccc1-n1cc(C(=O)NN)c(=O)c2ccc(-c3ccncc3)cc21,2.5210993,5.521711,19,0.152,2.500000321342936,125,0.8035714285714286,High
Cc1cc(O)ccc1-n1cc(C(N)=O)c(=O)c2ccc(-c3ccncc3)cc21,2.3241909,5.4131484,19,0.0935251798561151,2.2999710547891654,139,0.8035714285714286,High
Cc1cc(OC2CCCC2)c(NC(=O)Nc2cnc(C#N)cn2)cc1Cl,-1.4555548,1.5497552,16,0.0359712230215827,2.6999997975545824,139,0.7678571428571429,High
Cc1cc(OCC2CCC(C(=O)O)C2)c(NC(=O)Nc2cnc(C#N)cn2)cc1Cl,-1.4434221,1.6216611,16,0.0507246376811594,1.899970438310448,138,0.6825396825396826,High
Cc1cc([C@@H](C)Nc2ccccc2C(=O)O)c2nc(N3CCOCC3)cc(=O)n2c1,0.0067482977,2.4751139,33,0.0044843049327354,1.8538719643217616,223,0.2808988764044944,Low
Cc1cc2c(F)c(Oc3ncnn4cc(OC[C@@H](C)O)c(C)c34)ccc2[nH]1,3.3272483,0.22845083,8,0.0519480519480519,2.958607314841774,385,0.75,High
Cc1cc2c(F)c(Oc3ncnn4cc(OC[C@@H](C)OC(=O)[C@H](C)N)c(C)c34)ccc2[nH]1,3.3030946,0.24595372,8,0.0045662100456621,4.0,219,0.75,High
Cc1cc2cc(-c3csc4c(-c5cccc(S(C)(=O)=O)c5)cnc(N)c34)ccc2[nH]1,1.8485737,-1.3778837,7,0.1639344262295081,3.3999705473896498,122,0.41025641025641024,High
Cc1cc2nnc(SCc3cn4ccccc4n3)n2c2ccccc12,2.4530184,0.63915545,12,0.0454545454545454,1.8000152350051914,132,0.20987654320987653,Low
Cc1ccc(-c2ccc(NC(=O)Nc3cccc(Br)c3)cc2)c2c(N)n[nH]c12,0.5030432,-0.33968154,5,0.1785714285714285,3.0000384557467443,140,0.6271186440677966,High
Cc1ccc(-c2cnc(N)c3c(-c4ccc(NC(=O)Nc5cccc(F)c5)cc4)csc23)cn1,1.7228806,-1.253872,7,0.2272727272727272,3.249974326438819,132,0.7777777777777778,High
Cc1ccc(-c2nn(C(C)(C)C)c3ncnc(N)c23)cc1,-0.4996125,-0.8542228,1,0.2244897959183673,3.0000384557467443,147,0.41379310344827586,High
Cc1ccc(-n2nc(C(C)(C)C)cc2NC(=O)NCc2cc(F)ccc2Oc2ccc3c(cnn3CCO)c2)cc1,-0.5735289,2.3500485,-1,0.0593607305936073,3.364466613856731,219,,Outlier
Cc1ccc(-n2nc(C(C)(C)C)cc2NC(=O)Nc2ccc(OCCN3CCOCC3)c3ccccc23)cc1,-0.34148324,2.4244022,-1,0.0952380952380952,3.1443899972485294,378,,Outlier
Cc1ccc(C(=O)Nc2c(C#N)sc3ccc(Cl)c(Cl)c23)cc1,1.5842581,4.3749175,31,0.0522388059701492,2.400056897531816,134,0.6666666666666666,High
Cc1ccc(C(=O)Nc2c(C(N)=O)sc3ccc(Cl)c(Cl)c23)cc1,1.6599765,4.360178,31,0.106060606060606,1.4000006169763797,132,0.8222222222222222,High
Cc1ccc(C(=O)Nc2ccc(CN3CCN(C)CC3)c(C(F)(F)F)c2)cc1C#Cc1cnc2cccnn12,-0.015738051,3.5514135,29,0.2328767123287671,4.435728569561437,219,0.41509433962264153,High
Cc1ccc(C(=O)Nc2ccc(Oc3cc4cnn(C)c4cc3-c3cn[nH]c3)c(F)c2)c(=O)n1-c1ccc(F)cc1,-0.8299978,2.8821175,-1,0.0358744394618834,3.664207898076807,223,,Outlier
Cc1ccc(C(=O)Nc2ccon2)cc1Nc1ncnc2c1cnn2-c1ccccc1,0.052379273,3.584531,29,0.0625,3.7999997628906463,144,0.3,Moderate
Cc1ccc(CNc2c(Nc3ccncc3)c(=O)c2=O)cc1,0.6275943,5.2012615,28,0.1,1.450008834098493,130,0.7435897435897436,High
Cc1ccc(CNc2c(Nc3ccncc3)c(=O)c2=O)cc1C,0.6235382,5.234886,28,0.0689655172413793,1.4999979321479806,116,0.7317073170731707,High
Cc1ccc(CNc2ccc3nnc(-c4ccccc4)n3n2)cc1,2.2761116,4.5021825,26,0.0198019801980198,1.4999915603368337,101,0.2191780821917808,Low
Cc1ccc(F)c(NC(=O)Nc2ccc(-c3ccc4nccnc4c3N)cc2)c1,0.6219789,-0.38267136,5,0.0895522388059701,2.649999805749001,134,0.5967741935483871,High
Cc1ccc(F)c(NC(=O)Nc2ccc(-c3cccc4[nH]nc(N)c34)cc2)c1,0.5942373,-0.38179302,5,0.104325699745547,3.4685210829577446,393,0.7796610169491526,High
Cc1ccc(F)c(NC(=O)Nc2ccc(-c3cncc4c3c(N)nn4C)cc2)c1,0.81695354,-0.5438449,5,0.1798561151079136,3.800037630520791,139,0.7333333333333333,High
Cc1ccc(F)c(NC(=O)Nc2ccc(-c3nsc4ncnc(N)c34)cc2)c1,0.5257111,-0.7686515,5,0.2148148148148148,3.2999710547891654,135,0.5428571428571428,High
Cc1ccc(NC(=O)Nc2ccc(-c3cccc4c3CNC4=O)cc2)cc1C,0.8530881,0.12264865,5,0.0970149253731343,2.449970539195231,134,0.7916666666666666,High
Cc1ccc(NC(=O)Nc2ccc(-c3coc4ncnc(N)c34)cc2)cc1,0.15050586,-0.8152961,5,0.1851851851851851,3.0999702295632137,135,0.803921568627451,High
Cc1ccc(NC(=O)Nc2ccc(-c3csc4c(-c5cnn(C(C)C(=O)N(C)C)c5)cnc(N)c34)cc2)cc1,2.0485063,-1.0351988,7,0.328,2.899979861051825,125,0.8208955223880597,High
Cc1ccc(NC(=O)Nc2ccc(-c3csc4c(-c5cnn(C)c5)cnc(N)c34)cc2)cc1,1.914084,-0.91405874,7,0.2903225806451613,3.4999701368728484,124,0.8360655737704918,High
Cc1ccc(NC(=O)Nc2ccc(-c3csc4ncnc(N)c34)cc2)cc1C,0.46208116,-1.0246195,5,0.3712121212121212,3.799979490131639,132,0.7777777777777778,High
Cc1ccc(NC(=O)Nc2ccc(NC(=O)c3csc4ncnc(N)c34)cc2)cc1,0.2648077,-1.1919556,5,0.1679389312977099,3.5999712577322445,131,0.8541666666666666,High
Cc1ccc(NC(=O)c2ccc(CN3CCN(C)CC3)cc2)cc1Nc1nc(-c2cccnc2)cs1,0.27362528,3.580021,29,0.0516795865633074,3.1191864077192086,387,0.7466666666666667,High
Cc1ccc(NC(=O)c2ccc(CN3CCN(C)CC3)cc2)cc1Nc1nccc(-c2cccnc2)n1,0.10714361,3.7466323,29,0.0253164556962025,3.154901959985743,395,0.7466666666666667,High
Cc1ccc(NC(=O)c2ccc(CN3CC[C@H](N(C)C)C3)c(C(F)(F)F)c2)cc1Nc1nccc(-c2cncnc2)n1,-0.12335078,3.6493847,29,0.0672645739910313,3.4771212547196626,223,0.5212765957446809,High
Cc1ccc(Nc2nc3ccc([N+](=O)[O-])cc3[nH]2)nc1,2.6124942,1.3463873,-1,0.1712328767123287,2.500000321342936,146,,Outlier
Cc1ccc(Nc2nccc(N(C)c3ccc4c(C)n(C)nc4c3)n2)cc1S(N)(=O)=O,-0.31311104,4.497741,35,0.1174934725848564,3.400007822415901,383,0.34523809523809523,Moderate
Cc1ccc(S(=O)(=O)Nc2nc3ccccc3nc2Nc2ccc3nsnc3c2)cc1,2.7649121,1.0928625,-1,0.0,0.0,211,,Outlier
Cc1ccc2c(c1)NC(=O)c1ccccc1N2,4.350931,1.5442039,10,0.0225563909774436,2.2000075853065484,133,0.6896551724137931,High
Cc1ccc2nc(NCCN)c3ncc(C)n3c2c1,2.5245075,0.9525235,-1,0.021917808219178,1.5850266520291818,365,,Outlier
Cc1ccc2nccc(NC(=O)Nc3cccc(C(F)(F)F)n3)c2c1,-0.8399491,1.1828789,15,0.1259259259259259,1.6000157587935444,135,0.6909090909090909,High
Cc1cccc(-c2[nH]c(-c3ccnc(N)n3)cc2C(N)=O)c1C,1.6392968,5.2784286,14,0.2764227642276423,2.199999125196797,123,0.625,High
Cc1cccc(-c2c(-c3ccncc3)nc(NCC(N)Cc3ccccc3)n(C)c2=O)c1,2.632215,5.366311,19,0.0380952380952381,1.4999915603368337,105,0.7903225806451613,High
Cc1cccc(-c2nn3c(c2-c2ccnc4ccc(C(N)=O)cc24)CCC3)n1,1.73413,5.185046,14,0.0372093023255813,3.435728569561437,215,0.25301204819277107,Low
Cc1cccc(C2(c3cccc(C)c3)CC2C(=O)Nc2ccncc2)c1,0.7093812,-0.38235092,5,0.0256410256410256,1.5999978974840443,117,0.31746031746031744,Moderate
Cc1cccc(NC(=O)Nc2ccc(-c3cccc(C(N)=O)c3)cc2)c1,0.7845583,-0.23122637,5,0.037593984962406,2.7999997628906463,133,0.5,High
Cc1cccc(NC(=O)Nc2ccc(-c3cccc4[nH]nc(N)c34)cc2)c1,0.61153495,-0.1696774,5,0.1857142857142857,3.4999701368728484,140,0.75,High
Cc1cccc(NC(=O)Nc2ccc(-c3cccc4c3CNC4=O)cc2)c1,0.85240734,0.043064397,5,0.1605839416058394,3.000007636359321,137,0.7916666666666666,High
Cc1cccc(NC(=O)Nc2ccc(-c3cccc4c3CNC4=O)cc2C)c1,0.78809077,0.10121729,5,0.074074074074074,2.9000152003412545,135,0.7843137254901961,High
Cc1cccc(NC(=O)Nc2ccc(-c3cnc4c(-c5cnn(C)c5)cnn4c3N)cc2)c1,1.6391081,-0.5147384,-1,0.2761194029850746,3.299999496116984,134,,Outlier
Cc1cccc(NC(=O)Nc2ccc(-c3cncc4c3c(N)nn4C)cc2)c1,0.9024178,-0.49039584,5,0.2014388489208633,2.798959682920424,139,0.7627118644067796,High
Cc1cccc(NC(=O)Nc2ccc(-c3coc4ncnc(N)c34)cc2)c1,0.37142646,-0.68852115,5,0.2554744525547445,3.599988433794872,137,0.803921568627451,High
Cc1cccc(NC(=O)Nc2ccc(-c3csc4c(-c5cnn(C)c5)cnc(N)c34)cc2)c1,1.8024052,-1.0878831,7,0.4380165289256198,3.90005622517403,121,0.8360655737704918,High
Cc1cccc(NC(=O)Nc2ccc(-c3csc4c(-c5cnn(CC(C)O)c5)cnc(N)c34)cc2)c1,1.9749355,-1.1719278,7,0.4052287581699346,3.281680403547199,153,0.8472222222222222,High
Cc1cccc(NC(=O)Nc2ccc(-c3csc4c(C#CC(C)(C)N)cnc(N)c34)cc2)c1,1.3319557,-1.6542926,6,0.3524590163934426,3.199999125196797,122,0.8307692307692308,High
Cc1cccc(NC(=O)Nc2ccc(-c3csc4c(C#CCN(C)C)cnc(N)c34)cc2)c1,1.3901019,-1.7120658,6,0.3381294964028777,3.300014562647405,139,0.8805970149253731,High
Cc1cccc(NC(=O)Nc2ccc(-c3csc4c(C#CCN)cnc(N)c34)cc2)c1,1.3719295,-1.7407305,6,0.3388429752066115,3.6000069476126964,121,0.8333333333333334,High
Cc1cccc(NC(=O)Nc2ccc(-c3csc4c(C#CCN5CCCC5)cnc(N)c34)cc2)c1,1.3814969,-1.7421594,6,0.3405797101449275,3.300014562647405,138,0.875,High
Cc1cccc(NC(=O)Nc2ccc(-c3csc4c(C#CCN5CCOCC5)cnc(N)c34)cc2)c1,1.3574896,-1.7210118,6,0.3083333333333333,3.3500000565466816,120,0.875,High
Cc1cccc(NC(=O)Nc2ccc(-c3csc4c(C#CCNS(C)(=O)=O)cnc(N)c34)cc2)c1,1.4165787,-1.7507901,6,0.371900826446281,3.300014562647405,121,0.8088235294117647,High
Cc1cccc(NC(=O)Nc2ccc(-c3csc4ccnc(N)c34)cc2)c1,0.855929,-0.96405,5,0.181159420289855,3.1999713504226097,138,0.7962962962962963,High
Cc1cccc(NC(=O)Nc2ccc(-c3csc4nc(N)nc(N)c34)cc2)c1,0.7781589,-0.80799615,5,0.0935251798561151,3.200037931958392,139,0.7636363636363637,High
Cc1cccc(NC(=O)Nc2ccc(-c3csc4ncnc(N)c34)cc2)c1,0.47259885,-1.0190691,5,0.3475177304964539,4.299999496116984,141,0.7843137254901961,High
Cc1cccc(NC(=O)Nc2ccc(-c3noc4ncnc(N)c34)cc2)c1,0.26546812,-0.72723275,5,0.0814814814814814,2.59999981394342,135,0.7413793103448276,High
Cc1cccc(NC(=O)Nc2ccc(NC(=O)c3csc4ncnc(N)c34)cc2)c1,0.2925499,-1.2536985,5,0.1884057971014492,2.299974886868517,138,0.8269230769230769,High
Cc1cccc(NC(=O)Nc2ccc3c(c2)CCc2sc4ncnc(N)c4c2-3)c1,0.11936546,-1.5258703,5,0.2444444444444444,3.1000577169536125,135,0.8620689655172413,High
Cc1cccc(Nc2nc(NC3CCCCC3N)cnc2C(N)=O)c1,1.1944838,-0.44536766,5,0.4705882352941176,2.500038134403809,153,0.30434782608695654,Moderate
Cc1cccc(Nc2nccc(Nc3c(NC(C)C(C)(C)C)c(=O)c3=O)n2)c1,0.22523701,4.743092,-1,0.4033613445378151,1.999969858643027,119,,Outlier
Cc1ccccc1NC(=O)Nc1ccc(-c2coc3ncnc(N)c23)cc1,0.10738843,-0.8552993,5,0.1343283582089552,2.699989554654268,134,0.7692307692307693,High
Cc1ccccc1NC(=O)Nc1ccc(NC(=O)c2csc3ncnc(N)c23)cc1,0.20833673,-1.2195807,5,0.1578947368421052,3.0000384557467443,133,0.7843137254901961,High
Cc1ccccc1NC(=O)Nc1ccc2c(c1)CCc1sc3ncnc(N)c3c1-2,0.10393324,-1.5505061,5,0.0962962962962963,2.6000157587935435,135,0.8,High
Cc1cn(-c2cc(NC(=O)c3ccc(C)c(Nc4nccc(-c5cccnc5)n4)c3)cc(C(F)(F)F)c2)cn1,-0.0043044793,3.7442553,29,0.082901554404145,3.1625694296310947,386,0.5168539325842697,High
Cc1cn2c(-c3ccnc(NCC(C)(C)CO)n3)c(-c3ccc(F)cc3F)nc2c(C)n1,0.68454427,8.0817175,3,0.064,2.400056897531816,125,0.803030303030303,High
Cc1cnc(-c2cnc(NCCNc3ccc(C#N)cn3)nc2-c2ccc(Cl)cc2Cl)[nH]1,-1.2985905,1.3987032,16,0.0317460317460317,3.050518706594524,126,0.21649484536082475,Low
Cc1cnc(NC(=O)Nc2cc(Br)c(C)cc2OC[C@@H]2CNCCO2)cn1,-1.4519446,1.5823668,16,0.0045045045045045,3.156086941048909,222,0.4166666666666667,High
Cc1cnc(Nc2ccc(OCCN3CCCC3)cc2)nc1Nc1cccc(S(=O)(=O)NC(C)(C)C)c1,-0.40552208,4.1878633,-1,0.3315926892950391,3.394277005391705,383,,Outlier
Cc1cnc(Nc2cccc(S(N)(=O)=O)c2)nc1Nc1ccc(OCC(N)=O)cc1,-0.3816201,4.539939,35,0.4921875,2.400007822415901,128,0.5970149253731343,High
Cc1cncc2cccc(S(=O)(=O)N3CCCNCC3C)c12,1.1875142,2.1578412,-1,0.1848739495798319,2.500016054426988,119,,Outlier
Cc1csc(-c2nnc(Nc3ccc(Oc4ncccc4-c4ccnc(N)n4)cc3)c3ccccc23)c1,1.2341863,5.1369925,14,0.0424528301886792,4.477121254719663,212,0.25882352941176473,Low
Cc1csc(NC(=O)c2sc3nc(-c4ccncc4)ccc3c2N)n1,3.366815,5.2807746,-1,0.0314960629921259,1.9999887352324697,127,,Outlier
Cc1n[nH]c2c1C(c1ccccc1Cl)C(C#N)=C(N)O2,2.0748074,1.3848003,-1,0.0298507462686567,2.4500568801998472,134,,Outlier
Cc1n[nH]c2c1C(c1ccccc1F)C1=C(CC(C)(C)CC1=O)N2,2.0906208,1.4734063,23,0.0451127819548872,2.4999705310008125,133,0.20270270270270271,Low
Cc1n[nH]c2ccc(-c3cncc(OCC(N)Cc4c[nH]c5ccccc45)c3)cc12,3.5934978,0.1652196,8,0.4885496183206106,3.100015437450608,131,0.7377049180327869,High
Cc1n[nH]c2ccc(-c3cncc(OCC(N)Cc4ccc(Cl)c(Cl)c4)c3)cc12,3.4048116,0.13927692,8,0.5433070866141733,2.799975235045607,127,0.7868852459016393,High
Cc1n[nH]c2ccc(-c3cncc(OCC(N)Cc4cccc(Cl)c4)c3)cc12,3.4922965,0.08831535,8,0.5590551181102362,2.900017265268577,127,0.8103448275862069,High
Cc1n[nH]c2ccc(-c3cncc(OCC(N)Cc4cccc(OC(F)(F)F)c4)c3)cc12,3.3425944,0.1681925,8,0.453125,2.600039717205161,128,0.7580645161290323,High
Cc1n[nH]c2ccc(-c3cncc(OCC(N)Cc4ccccc4)c3)cc12,3.4040124,0.15386318,8,0.4044117647058823,2.2999722235572184,136,1.0,High
Cc1n[nH]c2ccc(-c3cncc(OCCN)c3)cc12,3.328854,0.17344303,8,0.2388059701492537,2.299999496116984,134,0.625,High
Cc1n[nH]c2ccc(-c3cncc(OC[C@@H](N)Cc4ccccc4)c3)cc12,3.4363995,0.12039578,8,0.2054794520547945,4.292429823902063,365,1.0,High
Cc1n[nH]c2cccc(-c3ccc(NC(=O)Nc4cccc(C(F)(F)F)c4)cc3)c12,0.7404689,-0.25235215,5,0.1239669421487603,2.899988751621308,121,0.6101694915254238,High
Cc1n[nH]c2cnc(-c3cncc(OCC(N)Cc4cccc(C(F)(F)F)c4)c3)cc12,3.3485,0.11765482,8,0.5132743362831859,2.799975235045607,113,0.6388888888888888,High
Cc1nc(COc2ccccc2Cl)sc1-c1ccnc(N)n1,1.413914,5.2626576,14,0.126865671641791,2.800008439392281,134,0.27848101265822783,Low
Cc1nc(N)sc1-c1ccnc(Nc2ccc(N3CCOCC3)cc2)n1,-0.17454211,4.091966,29,0.2689393939393939,2.9568831550942845,264,0.4927536231884058,High
Cc1nc(NC(=O)N2CCC[C@H]2C(N)=O)sc1-c1ccnc(C(C)(C)C(F)(F)F)c1,-0.39749625,1.4585661,25,0.0,1.1782681783099562,197,0.2736842105263158,Low
Cc1nc(Nc2n[nH]c3c2CN(C(=O)N[C@H](CN(C)C)c2ccccc2)C3(C)C)c2sccc2n1,1.9819201,2.3872647,23,0.2286995515695067,4.0,223,0.32222222222222224,Moderate
Cc1nc(Nc2ncc(C(=O)Nc3c(C)cccc3Cl)s2)cc(N2CCN(CCO)CC2)n1,0.39351064,3.4835792,29,0.2015113350125944,4.899999881445323,397,0.297029702970297,Low
Cc1nc2c(sc3c(Br)ccc(Cl)c32)c(=O)o1,1.8092843,4.2700586,31,0.0802919708029197,2.1000076199704845,137,0.38,Moderate
Cc1nc2cc(-c3nn(C(C)C)c4ncnc(N)c34)ccc2o1,-0.5704061,-0.8893452,1,0.055045871559633,3.3631779024128257,218,0.47619047619047616,High
Cc1nc2ccc(-n3ncc(C(=O)c4cc5ccccc5[nH]4)c3N)cc2[nH]1,2.200163,1.710275,23,0.034313725490196,3.754319153082864,204,0.2804878048780488,Low
Cc1nc2ccc(NS(=O)(=O)c3ccc(N)cc3)cc2nc1C,2.8726687,1.1526551,-1,0.1384615384615384,1.4000006169763797,130,,Outlier
Cc1ncc(-c2ccnc(Nc3ccc(S(C)(=O)=O)cc3)n2)n1C(C)C,-0.10825839,4.130623,29,0.0430622009569378,2.7367585652254185,209,0.323943661971831,Moderate
Cc1nccn2c(-c3ccnc(NCC(C)(C)C(=O)O)n3)c(-c3ccc(F)cc3F)nc12,0.64937854,8.065793,3,0.015267175572519,1.7999997628906463,131,0.8153846153846154,High
Cc1nccn2c(-c3ccnc(NCC(C)(C)CO)n3)c(-c3ccc(F)cc3F)nc12,0.70470905,8.096922,3,0.0328947368421052,4.499974083835555,152,0.8412698412698413,High
Cc1nccn2c(-c3ccnc(NCC(C)(C)O)n3)c(-c3ccc(F)cc3F)nc12,0.62064254,8.149659,3,0.0254777070063694,3.1000379483472287,157,0.8412698412698413,High
Cc1nccn2c(-c3ccnc(NCC4(O)CC4)n3)c(-c3ccc(F)cc3F)nc12,0.5815718,8.18454,3,0.0431654676258992,2.1999801788782616,139,0.7313432835820896,High
Cc1nccn2c(-c3ccnc(NCCC(C)(C)O)n3)c(-c3ccc(F)cc3F)nc12,0.6057061,8.150686,3,0.0601503759398496,2.1000379483472296,133,0.8412698412698413,High
Cc1nn(-c2ccccc2)c2c1c(=O)c1cc(Cl)ccc1n2O,2.1364765,3.3938622,-1,0.0172413793103448,1.0999973657483926,116,,Outlier
Cc1nnc(-c2cc3c(Oc4ccc(C(F)(F)F)cc4)cncc3s2)o1,0.05281898,0.95885164,-1,0.1044776119402985,2.9000081437588365,134,,Outlier
Clc1cc(-c2c[nH]c3ncccc23)cc(NCc2ccccc2)n1,3.3731008,4.5458174,11,0.6153846153846154,2.0999834329865354,117,0.4444444444444444,High
Clc1cc(-c2c[nH]c3ncccc23)nc(NC2CCCCC2)n1,3.6262262,4.5254025,11,0.3055555555555556,3.599988433794872,144,0.8235294117647058,High
Clc1cc(NC2CCCCC2)nc(-c2c[nH]c3ncccc23)n1,3.595226,4.551373,11,0.2827586206896552,3.0000565960942165,145,0.8235294117647058,High
Clc1ccc(-c2n[nH]cc2-c2ccncn2)cc1Cl,1.8609271,5.984078,17,0.0522388059701492,1.9999887352324697,134,0.39655172413793105,Moderate
Clc1ccc(Nc2nnc(Cc3ccncc3)c3ccccc23)cc1,1.0153328,5.113821,-1,0.0202020202020202,2.376750709602099,396,,Outlier
Clc1csc2ncnc(Nc3ccccc3)c12,0.23678859,-1.1962229,5,0.044776119402985,2.400056897531816,134,0.7317073170731707,High
Cn1c(=O)c(F)c(Nc2ccc(I)cc2F)c2c(=O)n(C[C@@H](O)CO)cnc21,-3.5220416,2.5081291,0,0.0093023255813953,3.5634366181927497,215,0.4383561643835616,High
Cn1c(=O)c(Oc2ccc(F)cc2F)cc2cnc(NC3CCOCC3)nc21,-0.85012966,3.669778,-1,0.0939597315436241,3.449484816111429,149,,Outlier
Cn1c(=O)c(S(=O)(=O)c2ccc(F)cc2F)cc2cnc(Nc3ccc4[nH]ccc4c3)nc21,-0.54700494,4.392903,35,0.006269592476489,1.465973893943865,319,0.375,Moderate
Cn1c(=O)n(-c2ccc(C(C)(C)C#N)cc2)c2c3cc(-c4cnc5ccccc5c4)ccc3ncc21,1.9580262,0.97358084,-1,0.0341880341880341,4.176091259055681,234,,Outlier
Cn1c(NCC(N)Cc2ccccc2)nc(-c2ccncc2)c(-c2ccc3ccccc3c2)c1=O,2.7366512,5.381518,19,0.0792682926829268,4.199980178878262,164,0.7903225806451613,High
Cn1c(Nc2ccc(C(F)(F)F)cc2)nc2cc(Oc3ccnc(-c4ncc(C(F)(F)F)[nH]4)c3)ccc21,-0.53547275,1.5335255,25,0.0678851174934725,2.886056647693163,383,0.30120481927710846,Moderate
Cn1cc(-c2ccc(F)c(C(F)(F)F)c2)nc1C1CCN(c2ncnc3[nH]ncc23)CC1,3.201753,3.3885634,22,0.0048780487804878,3.5880456295278407,205,0.27586206896551724,Low
Cn1cc(-c2ccc3nnc(C(F)(F)c4ccc5ncccc5c4)n3n2)cn1,2.0970895,0.38911527,12,0.0045871559633027,4.103027241216562,218,0.6507936507936508,High
Cn1cc(-c2ccc3nnc(Sc4ccc5ncccc5c4)n3n2)cn1,2.1491423,0.37298548,12,0.0052083333333333,3.74206307814416,384,0.6507936507936508,High
Cn1cc(-c2ccncn2)c(-c2ccc(F)cc2)n1,1.7805125,6.2885513,17,0.0077519379844961,1.6000085640098982,129,0.5384615384615384,High
Cn1cc(-c2cnc(N)c3c(-c4ccc(NC(=O)Nc5ccc(OC(F)F)cc5)cc4)csc23)cn1,1.9789251,-0.9548166,7,0.4354838709677419,3.499988062874685,124,0.7878787878787878,High
Cn1cc(-c2cnc(N)c3c(-c4ccc(NC(=O)Nc5cccc(F)c5)cc4)csc23)cn1,1.8396809,-1.0902845,7,0.3738317757009345,3.0999733950889343,107,0.8307692307692308,High
Cn1cc(-c2cnc3ccc4ccc(CS(=O)(=O)NCc5ccccn5)cc4c(=O)c3c2)cn1,2.1595497,0.38624594,12,0.0092165898617511,3.245922255770184,217,0.47058823529411764,High
Cn1cc(-c2cnn3c(N)c(-c4ccc(NC(=O)Nc5cccc(C(F)(F)F)c5)cc4)cnc23)cn1,1.565985,-0.525781,-1,0.2290076335877862,4.000007636359319,131,,Outlier
Cn1cc(-c2cnn3c(N)c(Br)c([C@@H]4CCCNC4)nc23)cn1,1.7608091,-0.4843845,-1,0.0234741784037558,3.717864284780719,213,,Outlier
Cn1cc(C(CN)c2cncc(C=Cc3ccncc3)c2)c2ccccc21,3.764329,-0.053370018,8,0.0814814814814814,2.0000076363593218,135,0.3728813559322034,Moderate
Cn1cc(C2=C(c3cn(C4CCN(Cc5ccccn5)CC4)c4ccccc34)C(=O)NC2=O)c2ccccc21,4.488436,0.62389785,8,0.0621761658031088,3.0809219076239263,386,0.3424657534246575,Moderate
Cn1cc(C2=Nc3cc(NC(=O)C(N)C4CCCCC4)cc4c3C2=CNNC4=O)cn1,1.7419775,-0.6378241,-1,0.1473214285714285,5.176091259055683,224,,Outlier
Cn1cc(C=C2C(=O)Nc3cccnc32)c2ccccc21,4.293148,0.9656655,8,0.2416666666666666,2.0999702295632137,120,0.3424657534246575,Moderate
Cn1cnc2c(F)c(Nc3ccc(Br)cc3Cl)c(C(=O)NOCCO)cc21,-3.4719703,2.4751258,0,0.0052083333333333,2.4291183848621056,384,0.8412698412698413,High
Cn1cnc2c(F)c(Nc3ccc(Br)cc3F)c(C(=O)NOCCO)cc21,-3.4866393,2.483359,0,0.0091743119266055,3.110924374808178,218,0.8412698412698413,High
Cn1cncc1C(OCc1c(-c2ccc(OC(F)(F)F)cc2)cc(C#N)c(=O)n1C)c1ccc(C#N)cc1,0.8714972,2.5943878,33,0.0476190476190476,1.5999978974840443,105,0.19811320754716982,Low
Cn1nc(C(F)(F)F)c2c(=O)c3cc(Cl)ccc3n(O)c21,2.168034,3.4703314,-1,0.0441176470588235,2.0499887179005016,136,,Outlier
Cn1nc(N)c2c(-c3ccc(NC(=O)Nc4cccc(C(F)(F)F)c4)cc3)cncc21,0.9172623,-0.40912476,5,0.3846153846153846,3.3999697659526618,130,0.7627118644067796,High
Cn1ncc(Cl)c1-c1cc(C(=O)N[C@H](CN)Cc2ccc(F)c(F)c2)oc1Cl,1.3318641,3.0243857,32,0.0561224489795918,3.4771212547196626,196,0.5753424657534246,High
Cn1ncc(Cl)c1-c1cc(C(=O)N[C@H](CN)Cc2cccc(F)c2)sc1Cl,1.4622082,2.7580054,32,0.0298507462686567,4.477121254719663,201,0.5753424657534246,High
Cn1nccc1Nc1nccc(-c2ccn([C@H](CO)c3ccc(Cl)c(F)c3)c(=O)c2)n1,0.7217943,7.883959,3,0.0333333333333333,4.115804293452756,210,0.2604166666666667,Low
FC(F)(F)c1ccc(/C=C/c2nc(COc3ccc(CCCCn4ccnn4)cc3)co2)cc1,3.5972743,-0.12207326,8,0.0046296296296296,2.574031267727719,216,0.19318181818181818,Low
FC(F)(F)c1ccc(CNc2ccc(Cc3c[nH]c4ncc(Cl)cc34)cn2)cn1,2.864926,4.210429,26,0.0231481481481481,3.6989700043360174,216,0.2839506172839506,Low
FC(F)(F)c1ccc(Cn2cc(-c3ccc4[nH]ncc4c3)nn2)c(C(F)(F)F)c1,3.220838,3.3532012,22,0.0672268907563025,3.100007619970484,119,0.5,High
Fc1ccc(-c2nc(-c3ccc(F)cc3)c(-c3ccncc3)[nH]2)cc1,1.772451,6.342999,17,0.0606060606060606,1.899970438310448,132,0.8571428571428571,High
Fc1ccc(-c2nc3cnccn3c2-c2ccnc(NCC3CC3)n2)cc1,1.0846944,7.3567452,4,0.1052631578947368,2.6000157587935435,133,0.6935483870967742,High
Fc1ccc(-c2nc3occn3c2-c2ccnc(NC3CCNCC3)n2)cc1,1.1410503,7.246878,4,0.0839694656488549,1.7999704546992854,131,0.7230769230769231,High
Fc1ccc(-c2nc3sccn3c2-c2ccncc2)cc1,1.5095404,6.84492,-1,0.0676691729323308,2.59999981394342,133,,Outlier
Fc1ccc(-c2ncn(CCN3CCOCC3)c2-c2ccc3[nH]ncc3c2)cc1,3.3109748,3.5704134,22,0.0526315789473684,2.4695508761763083,133,0.391304347826087,Moderate
Fc1cnc(Nc2ccccc2)nc1Nc1ccccc1,-0.5308325,4.6533794,35,0.2748091603053435,2.899979861051825,131,0.4,High
N#CC1(c2ccc(NC(=O)c3cccnc3NCc3ccncc3)cc2)CCCC1,1.1649778,4.7612906,-1,0.0091324200913242,4.477121254719663,219,,Outlier
N#CC1=C(N)n2c(sc(=Cc3ccco3)c2=O)=C(C(N)=O)C1c1ccco1,1.448186,1.4648433,-1,0.1363636363636363,1.399997948536818,110,,Outlier
N#CCNC(=O)c1ccc(-c2ccnc(Nc3ccc(N4CCOCC4)cc3)n2)cc1,-0.16684228,3.7648113,29,0.1708542713567839,3.8750612633917,199,0.5633802816901409,High
N#CCOc1ccc(Nc2nc(Nc3cccc(S(N)(=O)=O)c3)ncc2Br)cc1,-0.43287066,4.5449753,35,0.8195488721804511,2.100015437450608,133,0.5970149253731343,High
N#CC[C@H](C1CCCC1)n1cc(-c2ncnc3[nH]ccc23)cn1,1.4577055,3.5493784,27,0.1383812010443864,3.598944274228156,383,0.4788732394366197,High
N#Cc1ccc(-c2n[nH]c3c2Cc2ccc(OCCCCN4CCOCC4)cc2-3)cn1,0.34438267,2.7680418,33,0.0689655172413793,3.72493855055172,145,0.9047619047619048,High
N#Cc1ccc(-c2n[nH]c3c2Cc2ccc(OCCN4CCOCC4)cc2-3)cn1,0.35764387,2.7521665,33,0.0840336134453781,2.9145591121114443,119,0.9047619047619048,High
N#Cc1ccc(NC(=O)Nc2ccnc3cc(C(F)(F)F)ccc23)nc1,-1.0763414,1.1812575,15,0.0483870967741935,3.100007619970484,124,0.6607142857142857,High
N#Cc1ccc2[nH]c(O)c(-c3ccc(CN4CCOCC4)cn3)c2c1,0.74346805,2.7791572,33,0.0198675496688741,2.108638120109146,151,0.29069767441860467,Low
N#Cc1ccc2nc(N)n(-c3nc(-c4ccccc4)cs3)c2c1,1.2037549,1.5048691,18,0.24,2.800037630520793,125,0.25757575757575757,Low
N#Cc1cnc(NC(=O)Nc2ccc3cc(C(=O)O)ccc3c2)cn1,-1.4527556,1.460144,16,0.0820895522388059,1.6489747089066116,134,0.43548387096774194,High
N#Cc1ncc2nc1OCCCCCOc1cc(CCCO)c(Cl)cc1NC(=O)N2,-1.5883781,1.495616,16,0.1322314049586777,3.1419883662335337,121,0.6527777777777778,High
N#Cc1ncc2nc1OCCCCOc1cc(NCc3cncs3)c(Cl)cc1NC(=O)N2,-1.6438257,1.5045979,16,0.108695652173913,3.3999745912350727,138,0.6756756756756757,High
NC(=O)Cn1cc(-c2cc(-c3cc4ccccc4s3)c3[nH]ncc3c2)c2nc(N)ncc21,3.1905482,3.5019882,22,0.2781954887218045,2.400014933567592,133,0.7536231884057971,High
NC(=O)Nc1cc(-c2cccc(F)c2)sc1C(=O)N[C@H]1CCCNC1,1.8719509,2.8789442,23,0.2259615384615384,3.757454907804531,208,0.2857142857142857,Low
NC(=O)c1c(OCc2c(F)cc(Br)cc2F)nsc1NC(=O)NCCCCN1CCCC1,-1.4022253,2.4750779,24,0.1153846153846153,3.48650053480916,286,0.23076923076923078,Low
NC(=O)c1cc(-c2cccc(N)c2)cc2cccnc12,1.7976213,5.187284,14,0.0454545454545454,1.6999997975545824,132,0.3333333333333333,Moderate
NC(=O)c1cc(-c2ccnc(N)n2)[nH]c1-c1ccc(Cl)cc1Cl,1.7694366,5.2218614,14,0.4081632653061224,3.3999697659526618,147,0.803921568627451,High
NC(=O)c1cc(-c2ccnc(N)n2)[nH]c1-c1ccc(Cl)cc1F,1.70195,5.3594804,14,0.3228346456692913,2.3999697659526635,127,0.803921568627451,High
NC(=O)c1cc2c(-c3ccc(F)cc3)cncc2s1,0.36924428,0.80626225,-1,0.1751824817518248,1.5999884337948709,137,,Outlier
NC(=O)c1cc2c(Oc3ccc(Br)cc3)cncc2s1,0.20972382,0.9220731,-1,0.0808823529411764,1.5000003213429354,136,,Outlier
NC(=O)c1ccc(-c2c[nH]c3nccc(Cl)c23)cc1,2.3870184,4.6870937,26,0.4183006535947712,2.600006947612698,153,0.4,High
NC(=O)c1ccc(-c2nc(-c3ccccn3)c(-c3ccc4c(c3)OCO4)[nH]2)cc1,1.8335189,5.2294793,14,0.0209059233449477,2.0268721464003017,287,0.3230769230769231,Moderate
NC(=O)c1ccc(N(C(N)=O)c2c(F)cccc2F)nc1-c1ccc(F)cc1F,1.7847055,5.4413786,14,0.0372093023255813,4.999999999999998,215,0.28169014084507044,Low
NC(=O)c1cccc(-c2cnc3[nH]cc(-c4ccccc4)c3c2)c1,2.6801476,4.2563605,26,0.4924242424242424,1.79997073344623,132,0.5434782608695652,High
NC(=O)c1cccc2[nH]c(-c3ccc(NC(=O)c4cccc(S(=O)(=O)N5CCOCC5)c4)cc3)nc12,1.4074326,3.6351097,27,0.0521739130434782,1.6999997975545824,115,0.36046511627906974,Moderate
NC(=O)c1cccc2[nH]c(-c3ccncc3)nc12,1.81514,5.2528014,14,0.108695652173913,2.099980686277777,138,0.3333333333333333,Moderate
NC(=O)c1cn(-c2ccc(O)cc2Cl)c2cc(-c3ccncc3)ccc2c1=O,2.4232316,5.494718,19,0.32,2.700037259600606,125,0.7818181818181819,High
NC(=O)c1sc(-n2cnc3ccccc32)cc1OCc1ccccc1C(F)(F)F,0.062747955,1.8183038,25,0.0522388059701492,2.101033720815352,134,0.7903225806451613,High
NC(=O)c1sc2c(Br)ccc(Cl)c2c1N,1.7049708,4.3339367,31,0.1603053435114503,1.4000149335675929,131,0.38,Moderate
NC(=O)c1sc2ccc(Cl)c(Cl)c2c1NC(=O)c1ccc(Cl)cc1,1.6885818,4.4020195,31,0.1492537313432835,2.0000565960942165,134,0.8222222222222222,High
NC(COCc1ccccc1)COc1cncc(C=Cc2ccncc2)c1,3.7260282,-0.09024431,8,0.0757575757575757,2.3000569139206526,132,0.5737704918032787,High
NC(COc1cncc(-c2ccc3[nH]c(=O)oc3c2)c1)Cc1c[nH]c2ccccc12,3.7803493,0.1790565,8,0.1798561151079136,2.699989554654268,139,0.6666666666666666,High
NC(COc1cncc(-c2ccc3c(c2)C(=Cc2ccco2)C(=O)N3)c1)Cc1c[nH]c2ccccc12,3.83433,0.23139195,8,0.7076923076923077,2.5000030680516936,130,0.6329113924050633,High
NC(COc1cncc(-c2ccc3c(c2)CC(=O)N3)c1)Cc1c[nH]c2ccccc12,3.7926707,0.20131782,8,0.2074074074074074,2.700007318532885,135,0.6571428571428571,High
NC(COc1cncc(C=Cc2ccncc2)c1)Cc1c[nH]c2ccccc12,3.8138905,0.03198409,8,0.2101449275362318,2.9000387513801886,138,0.7894736842105263,High
NC(Cc1c[nH]c2ccccc12)C(=O)Nc1cncc(C=Cc2ccncc2)c1,3.8749623,0.033072166,8,0.1346153846153846,2.800008439392281,156,0.5909090909090909,High
NC1(C(=O)N[C@@H](CCO)c2ccc(Cl)cc2)CCN(c2nc[nH]c3nccc2-3)CC1,3.0025418,5.1574006,-1,0.0601851851851851,2.356472561164666,216,,Outlier
NC1(c2ccc(-c3nc4ccn5c(=O)[nH]nc5c4cc3-c3ccccc3)cc2)CCC1,2.6758783,2.694915,23,0.0140845070422535,3.2764209843288903,213,0.265625,Low
NC1C2CN(c3nc4c(cc3F)c(=O)c(C(=O)O)cn4-c3ccc(F)cc3F)CC12,2.2207878,5.4392715,19,0.0508474576271186,2.300037897294456,118,0.24390243902439024,Low
NC1CCC(Nc2nccc(-c3c[nH]c4ncccc34)n2)CC1,3.5938938,4.6201873,11,0.5966386554621849,2.2000405315460627,119,0.6981132075471698,High
NC1CCCCC1Nc1nccc(-c2c[nH]c3ncccc23)n1,3.6145835,4.6210217,11,0.5511811023622047,2.099990765495857,127,0.6981132075471698,High
NCC(NC(=O)c1ccc(-c2ccncc2)cc1)c1ccccc1,2.9580517,5.5826273,21,0.1830065359477124,3.3471143817199973,153,0.7804878048780488,High
NCC(O)C(O)Cn1cc(I)c2c(N)ncnc21,-0.6061004,-0.94654477,1,0.0514705882352941,1.699970962098801,136,0.32727272727272727,Moderate
NCC1CCC(CNc2nc(NCc3ccccc3Cl)ncc2[N+](=O)[O-])CC1,-0.7953007,4.876637,35,0.1338582677165354,1.699989554654267,127,0.21839080459770116,Low
NCCC(C(=O)Nc1ccc2[nH]ncc2c1)c1ccc(Cl)c(Cl)c1,0.9760605,4.521947,31,0.3909774436090225,3.199999125196797,133,0.55,High
NCCCNS(=O)(=O)c1cccc(C(=O)Nc2ccc(-c3n[nH]c(=O)c4ccccc34)cc2)c1,2.2824118,2.8351262,23,0.0555555555555555,2.4999705310008125,126,0.8983050847457628,High
NCCCOc1cc2c(c(-c3ccc(Nc4nc5ccc(Cl)cc5o4)cc3)c1)CNC2=O,0.781258,0.29222432,5,0.2100840336134453,1.8000084393922815,119,0.803030303030303,High
NCCCOc1cc2c(c(-c3ccc(Nc4nc5ccccc5o4)cc3)c1)CNC2=O,0.7652219,0.28737143,5,0.0869565217391304,1.4000090877982512,115,0.803030303030303,High
NCCCn1cc(-c2cc(-c3cc4ccccc4s3)c3[nH]ncc3c2)c2nc(N)ncc21,3.3039472,3.4134793,22,0.4125,2.999969858643027,160,0.7536231884057971,High
NCCNS(=O)(=O)c1cccc(C(=O)Nc2ccc(-c3n[nH]c(=O)c4ccccc34)cc2)c1,2.2971158,2.800753,23,0.0873015873015873,2.3999705473896498,126,0.8983050847457628,High
NCCOc1cncc(C=Cc2ccncc2)c1,3.7020118,-0.09886892,8,0.073170731707317,1.4999979321479806,123,0.5294117647058824,High
NC[C@@](O)(c1ccc(Cl)cc1)c1ccc(-c2cn[nH]c2)cc1,2.1444995,5.497021,-1,0.0575916230366492,3.5228787452803374,191,,Outlier
NS(=O)(=O)c1cccc(Nc2ncc3ccn(-c4ccccc4)c3n2)c1,-0.3604069,4.6094823,35,0.5867768595041323,2.1999834515625825,121,0.6964285714285714,High
NS(=O)(=O)c1cccc(Nc2ncc3ccn(Cc4ccccc4)c3n2)c1,-0.3118175,4.6155744,35,0.3833333333333333,2.499988062874685,120,0.6964285714285714,High
N[C@@H]1CCCN(c2c(/C=C3\SC(=O)NC3=O)cccc2-c2ccccc2)C1,4.2305784,2.2200372,9,0.035,4.698970004336019,200,0.34285714285714286,Moderate
Nc1c(-c2ccc(NC(=O)Nc3cccc(C(F)(F)F)c3)cc2)ccc2nccnc12,0.80299413,-0.37575993,5,0.1491228070175438,3.3000569139206526,114,0.5967741935483871,High
Nc1c(-c2ccccc2)c2cc(Cl)ccc2[nH]c1=O,2.7951078,3.3772404,-1,0.02,1.4999915603368337,100,,Outlier
Nc1cc(C(F)(F)F)c(-c2cc(N3CCOCC3)nc(N3CCOCC3)n2)cn1,0.14852042,2.1742234,-1,0.0049504950495049,2.178268178309956,202,,Outlier
Nc1ccc(-c2cncc(OCC(N)Cc3c[nH]c4ccccc34)c2)cc1C(=O)c1cccc(Cl)c1,3.7786636,0.1736484,8,0.016,1.7999997628906463,125,0.8529411764705882,High
Nc1ccc(-c2cncc(OCC(N)Cc3c[nH]c4ccccc34)c2)cc1C(=O)c1ccccc1,3.7395802,0.14612304,8,0.0291970802919708,2.9000081437588365,137,0.8529411764705882,High
Nc1ccc(-c2csc3c(C=Cc4nc5ccccc5[nH]4)cnc(N)c23)cc1,1.8610821,-1.5218017,7,0.1893939393939394,2.7999892590208235,132,0.4189189189189189,High
Nc1n[nH]c2ccc(-c3nnn(Cc4ccccc4)c3-c3ccc(F)cc3)cc12,3.074887,2.4787378,23,0.2734375,3.0999702295632137,128,0.8775510204081632,High
Nc1n[nH]c2ccc(-c3nnn(Cc4ccccc4)c3-c3ccccc3)cc12,3.0462906,2.521821,23,0.3384615384615385,2.999969858643027,130,0.8775510204081632,High
Nc1n[nH]c2ccc(-c3nnn(Cc4ccccc4)c3I)cc12,3.0338333,2.511271,23,0.4,2.499988062874685,130,0.76,High
Nc1n[nH]c2cccc(-c3ccc(NC(=O)Nc4cc(C(=O)O)ccc4F)cc3)c12,0.5005862,-0.39284602,5,0.1570247933884297,1.999980981911221,121,0.7796610169491526,High
Nc1n[nH]c2nnc(-c3ccccc3)c(-c3ccccc3)c12,2.9537795,2.6140823,23,0.0583941605839416,1.751048860420468,137,0.3157894736842105,Moderate
Nc1nc(N)c2nc(-c3cccc(O)c3)c(-c3cccc(O)c3)nc2n1,-0.027768565,0.027571598,5,0.0520833333333333,3.102372908709558,384,0.375,Moderate
Nc1nc(Nc2ccc(S(N)(=O)=O)cc2)nn1C(=O)c1c(F)cccc1F,-0.25762397,4.6897473,35,0.2226027397260274,2.9346200248635084,292,0.32432432432432434,Moderate
Nc1nc2ccc(-c3c(-c4ccc(F)cc4)nc4sccn34)cc2n1CC1CC1,1.3500075,7.030701,-1,0.0977443609022556,2.499974083835557,133,,Outlier
Nc1ncc(-c2ccoc2)c2scc(-c3ccc(NC(=O)Nc4cccc(F)c4)cc3)c12,1.6857961,-1.2025709,7,0.2916666666666667,2.999969858643027,120,0.7777777777777778,High
Nc1ncc(-c2ccoc2)c2scc(-c3ccc(NC(=O)Nc4ccccc4F)cc3)c12,1.7345469,-1.1351014,7,0.2748091603053435,3.0000565960942165,131,0.765625,High
Nc1ncc(-c2cnn(CCO)c2)c2scc(-c3ccc(NC(=O)Nc4cccc(F)c4)cc3)c12,1.8894726,-1.1674494,7,0.5066666666666667,3.0000164026040776,150,0.8823529411764706,High
Nc1ncc(C=CC(=O)NCCCn2ccnc2)c2scc(-c3ccc(Br)cc3)c12,1.8105997,-1.5203199,7,0.2857142857142857,3.700007318532883,133,0.4444444444444444,High
Nc1nccc(-c2c(-c3ccc(F)cc3)ncn2C2CCNCC2)n1,1.3573356,6.860648,-1,0.1239669421487603,2.3999745912350727,121,,Outlier
Nc1nccc2scc(-c3ccc(NC(=O)Nc4cccc(Br)c4)cc3)c12,0.9661136,-1.0385058,5,0.2537313432835821,3.199973766009121,134,0.7962962962962963,High
Nc1nccc2scc(-c3ccc(NC(=O)Nc4cccc(Cl)c4)cc3)c12,0.87187386,-1.0288217,5,0.1940298507462686,3.1000577169536125,134,0.7962962962962963,High
Nc1nccc2scc(-c3ccc(NC(=O)Nc4cccc(F)c4)cc3)c12,0.9623227,-0.93154335,5,0.1716417910447761,2.850008291575559,134,0.7962962962962963,High
Nc1nccc2scc(-c3ccc(NC(=O)Nc4ccccc4C(F)(F)F)cc3)c12,0.9128571,-0.96281534,5,0.0787401574803149,2.699970962098802,127,0.6557377049180327,High
Nc1nccn2c(C3CC(CN4CCCC4)C3)nc(-c3cccc(OCc4ccccc4)c3)c12,-0.7564606,-0.35232127,1,0.0592592592592592,1.8000152350051914,135,0.5443037974683544,High
Nc1ncnc(Nc2cc(CNC(=O)C(F)(F)F)c(O)c(-c3ccc(Cl)cc3)c2)n1,1.9406308,4.779251,-1,0.144927536231884,2.1000577169536125,138,,Outlier
Nc1ncnc2c1N=C(c1ccc(NC(=O)Nc3cc(C(F)(F)F)ccc3F)cc1)CCN2,0.68931395,-0.6468486,5,0.3257575757575757,3.3999697659526618,132,0.6164383561643836,High
Nc1ncnc2c1c(-c1cccc(OCc3ccccc3)c1)cn2[C@H]1C[C@H](N2CCC2)C1,-0.758947,-0.7554486,1,0.0373831775700934,3.778151250383644,214,0.5526315789473685,High
Nc1ncnc2c1c(I)nn2C1CCC(O)CC1,-0.6480947,-0.9103775,1,0.1343283582089552,2.1999713504226097,134,0.5294117647058824,High
Nc1ncnc2c1c(I)nn2C1OC(CO)C(O)C1O,-0.67132246,-0.9433295,1,0.0526315789473684,2.1000379483472296,133,0.5294117647058824,High
Nc1ncnc2c1sc1ncnc(N)c12,-0.0012991743,-1.3952454,5,0.1970802919708029,2.0999733950889343,137,0.3148148148148148,Moderate
Nc1ncnc2onc(-c3ccc(NC(=O)Nc4cccc(C(F)(F)F)c4)cc3)c12,0.39712945,-0.6645209,5,0.2388059701492537,2.800037630520793,134,0.7413793103448276,High
Nc1ncnc2sc(Br)c(-c3ccc(NC(=O)Cc4cccc(Cl)c4)cc3)c12,0.21011385,-1.379677,5,0.1223021582733813,2.699970962098802,139,0.463768115942029,High
Nc1ncnc2sc3c(c12)-c1ccc(NC(=O)Nc2ccccc2)cc1CC3,0.100030296,-1.5477468,5,0.1940298507462686,2.500016054426988,134,0.8275862068965517,High
Nc1ncnc2scc(-c3ccc(NC(=O)Nc4cc(C(F)(F)F)ccc4F)cc3)c12,0.53204006,-0.9108148,5,0.4306569343065693,3.0999733950889343,137,0.6440677966101694,High
Nc1ncnc2scc(-c3ccc(NC(=O)Nc4ccccc4)cc3)c12,0.35734707,-1.1171747,5,0.2706766917293233,2.700037259600606,133,0.7843137254901961,High
Nc1ncnc2scc(C(=O)Nc3ccc(NC(=O)Nc4ccccc4)cc3)c12,0.20966019,-1.2797973,5,0.2196969696969697,3.5999712577322445,132,0.8085106382978723,High
Nc1nnc(-c2cc3c(Oc4ccc(Cl)cc4)cncc3s2)o1,0.17638408,0.94084114,-1,0.1729323308270676,2.9000387513801886,133,,Outlier
Nc1noc2cccc(-c3cccc(O)c3)c12,0.1781682,-0.18477,5,0.0460526315789473,2.2000075853065484,152,0.4406779661016949,High
Nc1nonc1-n1nnc(C(=O)NN=Cc2cccs2)c1-c1cccs1,0.22635369,-1.1257625,5,0.0454545454545454,1.9499887434268883,132,0.20512820512820512,Low
O=C(CO)N1CCC(c2[nH]nc(-c3ccc(Cl)cc3F)c2-c2ccncn2)CC1,1.7926956,5.877523,17,0.0222222222222222,1.6999997975545824,135,0.28,Low
O=C(Cc1ccc(-c2ccc(OCCN3CCOCC3)cc2)cn1)NCc1ccccc1,0.20599161,2.7668247,33,0.0,1.2385606273598313,220,0.34523809523809523,Moderate
O=C(Cc1ccc(Cl)cc1)Nc1[nH]nc2c1CCC2,1.8473862,1.8607136,23,0.0227272727272727,1.6999997975545824,132,0.2835820895522388,Low
O=C(Cc1cccc(OCCCC2CCNCC2)c1)Nc1nc(-c2c[nH]c3ncccc23)cs1,3.5122182,4.619824,11,0.02803738317757,2.6020599913279625,107,0.5925925925925926,High
O=C(Cc1cccc(OCCCN2CCNCC2)c1)Nc1nc(-c2ccncc2)cs1,3.4318483,4.6926937,11,0.0158730158730158,3.096910013008056,126,0.5476190476190477,High
O=C(Cc1ccccc1)Nc1cccc(-c2nc3sccn3c2-c2ccnc(Nc3ccc(N4CCOCC4)cc3)n2)c1,0.01370191,3.9814286,29,0.2230215827338129,2.5999712577322462,139,0.9090909090909091,High
O=C(Cc1ccccc1)Nc1cccc(-c2nc3sccn3c2-c2ccnc(Nc3cccc(N4CCCC4=O)c3)n2)c1,0.081091836,4.0379686,29,0.3166666666666666,2.700007318532885,120,0.7647058823529411,High
O=C(Cc1ccccc1)Nc1cccc(-c2nc3sccn3c2-c2ccnc(Nc3cccc(N4CCOCC4)c3)n2)c1,0.00654253,4.1344147,29,0.2845528455284553,2.599988433794872,123,0.9090909090909091,High
O=C(NC(CO)Cc1ccc(Cl)cc1)c1ccc(-c2ccncc2)cc1,2.915242,5.569004,21,0.0465116279069767,1.6000085640098982,129,0.7727272727272727,High
O=C(NC(CO)Cc1ccccc1)c1ccc(-c2ccncc2)cc1,2.8830628,5.625028,21,0.0719424460431654,2.1000076199704845,139,0.7727272727272727,High
O=C(NC(CO)Cc1ccccc1)c1ccc(-c2ccncc2)cc1F,2.9099941,5.6398745,21,0.0387596899224806,1.6000085640098982,129,0.6938775510204082,High
O=C(NC(CO)c1cc(Cl)cc(Cl)c1)c1ccc(-c2ccncc2)cc1,2.949427,5.5356097,21,0.104,2.1999801788782616,125,0.7209302325581395,High
O=C(NC(CO)c1ccccc1)N1CC=C(c2c[nH]c3ncccc23)CC1,3.4962204,4.7192345,11,0.1811023622047244,1.7000073185328857,127,0.3333333333333333,Moderate
O=C(NC(CO)c1ccccc1)c1ccc(-c2ccncc2)cc1,2.9225173,5.6027994,21,0.1194029850746268,3.3999745912350727,134,0.7804878048780488,High
O=C(NC1CCNCC1)c1n[nH]cc1NC(=O)c1c(Cl)cccc1Cl,1.7510726,2.9006228,23,0.0813648293963254,4.022276394711152,381,0.2857142857142857,Low
O=C(NCC1CCCCC1)c1cc2c(-c3ccccc3)n[nH]c2s1,2.160975,2.916701,23,0.1764705882352941,2.299974886868517,136,0.603448275862069,High
O=C(NCCCCCCNC(=O)NCc1cccnc1)NCc1cccnc1,1.3277513,4.352379,31,0.0260869565217391,1.900015200341256,115,0.6153846153846154,High
O=C(NCCCCCCNC(=O)Nc1cccnc1)Nc1cccnc1,1.0757809,4.297432,31,0.0336134453781512,2.300037897294456,119,0.6153846153846154,High
O=C(NC[C@H](O)CO)c1ccncc1Nc1ccc(I)cc1F,-3.5314674,2.495839,0,0.0092592592592592,3.4805023664619235,216,0.4696969696969697,High
O=C(NCc1ccc(Br)cc1)Nc1ccc2[nH]ncc2c1,0.9763648,4.4923687,31,0.075187969924812,3.59997406744672,133,0.72,High
O=C(NCc1ccc(Cl)c(Cl)c1)Nc1ccc2[nH]ncc2c1,0.8804896,4.451623,31,0.1417910447761194,3.1999713504226097,134,0.72,High
O=C(NCc1ccc(Cl)cc1)c1cc2c(-c3ccccc3)n[nH]c2s1,2.1902928,3.0195615,23,0.2030075187969924,2.0000565960942165,133,0.7592592592592593,High
O=C(NCc1ccccc1)Nc1ncc([N+](=O)[O-])s1,1.4306421,4.2485967,31,0.0222222222222222,1.8000152350051914,135,0.3333333333333333,Moderate
O=C(NCc1ccccc1)c1ccc(-c2ccncc2)cc1,2.6658537,5.421034,19,0.104,2.8000152350051906,125,0.42,High
O=C(NCc1ccccc1)c1cccc(-c2cnc3[nH]ccc3c2)c1,2.202593,3.8799982,30,0.1544117647058823,2.2999710547891654,136,0.6326530612244898,High
O=C(NN=Cc1ccc(O)cc1O)Nc1cccc2nsnc12,-0.7155021,0.9179495,15,0.1567164179104477,2.599988433794872,134,0.2236842105263158,Low
O=C(NNC(=S)Nc1ccc(Cl)cc1)C(O)(c1ccccc1)c1ccccc1,1.1450592,0.5684897,-1,0.1526717557251908,1.4000149335675929,131,,Outlier
O=C(NNC(=S)Nc1ccc(F)cc1)C(O)(c1ccccc1)c1ccccc1,1.1184068,0.4587949,5,0.1259259259259259,1.4000149335675929,135,0.2318840579710145,Low
O=C(NOCC1CC1)c1ccc(F)c(F)c1Nc1ccc(I)cc1Cl,-3.4904523,2.4894469,0,0.0109890109890109,2.3451849162870504,364,0.5625,High
O=C(NOCCO)c1cc(CN2OCCCC2=O)c(F)c(F)c1Nc1ccc(I)cc1F,-3.4485893,2.4349422,0,0.0138248847926267,3.6989700043360174,217,0.48717948717948717,High
O=C(NOC[C@H](O)CO)c1ccc(F)c(F)c1Nc1ccc(I)cc1F,-3.536707,2.4888036,0,0.0226244343891402,3.174468731649108,221,0.5625,High
O=C(Nc1c[nH]nc1-c1nc2ccc(CN3CCOCC3)cc2[nH]1)NC1CC1,0.80351144,2.7447622,33,0.3655462184873949,3.60298807516702,238,0.3163265306122449,Moderate
O=C(Nc1cc(C(F)(F)F)cc(C(F)(F)F)c1)c1cc(Cl)ccc1O,1.2499616,4.433336,31,0.0045045045045045,2.079181246047625,222,0.2857142857142857,Low
O=C(Nc1ccc(-c2cccc3sncc23)cc1)Nc1ccc(F)c(C(F)(F)F)c1,0.9067779,-0.20255098,5,0.0735294117647058,2.6999997975545824,136,0.6428571428571429,High
O=C(Nc1ccc(-c2ccnc(Nc3ccc(N4CCOCC4)cc3)n2)cc1)C1CCCN1,-0.1547926,3.8447244,29,0.073394495412844,3.6989700043360174,218,0.5633802816901409,High
O=C(Nc1ccc(OC(F)(F)F)cc1)c1sccc1NCc1ccnc2ccccc12,-0.86787766,1.2561827,15,0.0224215246636771,3.6320232147054057,223,0.2962962962962963,Low
O=C(Nc1ccc2[nH]ncc2c1)c1ccc(Cl)cc1,1.0233493,4.4949994,31,0.037593984962406,1.9999887352324697,133,0.8048780487804879,High
O=C(Nc1ccc2cn[nH]c2c1)c1ccc(Cl)cc1,1.1128612,4.4297476,31,0.0084745762711864,1.5999978974840443,118,0.8048780487804879,High
O=C(Nc1cccc(-c2nc3sccn3c2-c2ccnc(Nc3cccc(N4CCCC4=O)c3)n2)c1)c1c(F)cccc1F,0.10378308,3.996568,29,0.2644628099173554,3.0000565960942165,121,0.7558139534883721,High
O=C(Nc1cccc(C(F)(F)F)n1)Nc1ccnc2c(C(F)(F)F)cccc12,-0.784399,1.184406,15,0.0476190476190476,2.899970438310449,126,0.7959183673469388,High
O=C(Nc1cccc(C(F)(F)F)n1)Nc1ccnc2c(Cl)cccc12,-0.8524896,1.2359853,15,0.040650406504065,2.0999887005685336,123,0.78,High
O=C(Nc1cccc(C(F)(F)F)n1)Nc1ccnc2c(F)cccc12,-0.8299554,1.2084984,15,0.1370967741935483,2.499974083835557,124,0.7959183673469388,High
O=C(Nc1cccc(C(F)(F)F)n1)Nc1ccnc2cc(C(F)(F)F)ccc12,-0.91025466,1.1488949,15,0.0476190476190476,2.899988751621308,126,0.7454545454545455,High
O=C(Nc1cccc(Cl)c1)Nc1ncc(CCNc2ncnc3ccsc23)s1,0.7480545,-1.1390631,5,0.0797101449275362,3.913531250917369,276,0.34177215189873417,Moderate
O=C(Nc1cccc(N2CCOCC2)n1)Nc1ccnc2c(C(F)(F)F)cccc12,-0.22657411,1.7984945,25,0.0416666666666666,2.7999997628906463,120,0.26136363636363635,Low
O=C(Nc1cnc2[nH]cc(-c3ccccc3)c2c1)c1c(F)cccc1F,2.7554414,4.2921515,26,0.3037037037037037,2.700037259600606,135,0.7843137254901961,High
O=C(Nc1cnc2[nH]cc(-c3ccccc3)c2c1)c1ccc(Cl)cc1,2.6773326,4.216942,26,0.056910569105691,1.4999979321479806,123,0.75,High
O=C(Nc1cnc2[nH]cc(-c3ccccc3)c2c1)c1cccc(F)c1F,2.7852266,4.242161,26,0.1515151515151515,1.2999994961169836,132,0.7843137254901961,High
O=C(Nc1cnccn1)Nc1ccnc2c(C(F)(F)F)cccc12,-0.77157104,1.1798165,15,0.072463768115942,2.7999704546992863,138,0.7346938775510204,High
O=C(Nc1cnccn1)Nc1ccnc2c(F)cccc12,-0.76356375,1.0876107,15,0.0962962962962963,2.7999892590208235,135,0.7346938775510204,High
O=C(Nc1cnccn1)Nc1ccnc2cc(C(F)(F)F)ccc12,-0.98172504,1.156558,15,0.072992700729927,2.1999801788782616,137,0.8333333333333334,High
O=C(Nc1cnccn1)Nc1ccnc2ccc(C(F)(F)F)cc12,-0.8809591,1.1057494,15,0.1428571428571428,2.800008439392281,133,0.8333333333333334,High
O=C(Nc1cnccn1)Nc1ccnc2ccccc12,-0.8263783,1.1003455,15,0.1145038167938931,2.500016054426988,131,0.6595744680851063,High
O=C(Nc1n[nH]c2ccc(-c3cn(Cc4ccccc4)nn3)cc12)c1cccc(F)c1,2.8035576,2.3208807,23,0.488,3.199970640755865,125,0.85,High
O=C(Nc1n[nH]c2ccc(-c3cn(Cc4ccccc4)nn3)cc12)c1ccccc1,2.905375,2.358958,23,0.6129032258064516,2.8999920243056287,124,0.85,High
O=C(Nc1nc2cccc(-c3ccc(CN4CCS(=O)(=O)CC4)cc3)n2n1)C1CC1,0.51262444,3.5999732,29,0.0230414746543778,2.612746383234863,217,0.2826086956521739,Low
O=C(Nc1nc2ccccc2n1CCCO)c1cccc([N+](=O)[O-])c1,1.1591562,3.1092,32,0.1111111111111111,2.249971202605888,126,0.696969696969697,High
O=C(O)C1(Cc2cccc(Nc3nccs3)n2)CCC(Oc2cccc(Cl)c2F)CC1,-1.6190251,2.0903919,-1,0.0818181818181818,4.438600439557973,220,,Outlier
O=C(O)C1CN(Cc2ccc(OCc3ccc(Cl)c(Cl)c3)cc2)C1,0.3545946,3.2400537,29,0.0,0.0,120,0.24719101123595505,Low
O=C(O)c1c2c(nc3ccccc13)C(=C1CCCC1)CC2,2.1837232,2.084735,23,0.126865671641791,1.5999712577322454,134,0.2112676056338028,Low
O=C(O)c1ccc(Nc2ncc3c(n2)-c2ccc(Cl)cc2C(c2c(F)cccc2F)=NC3)cc1,-0.28198177,4.663222,35,0.0612244897959183,3.4390560074481584,392,0.6986301369863014,High
O=C(O)c1ccc2c(c1)nc(Nc1cccc(Cl)c1)c1ccncc12,0.33665836,4.5811,31,0.1055045871559633,4.728933227713462,218,0.26436781609195403,Low
O=C(O)c1ccccc1Nc1ccnc(Nc2ccc3[nH]ncc3c2)n1,0.5564583,4.5309725,31,0.6746031746031746,2.0999834329865354,126,0.8490566037735849,High
O=C(O)c1ccccc1Nc1ccnc(Nc2ccc3cn[nH]c3c2)n1,0.42774484,4.476689,31,0.688,2.39997382007397,125,0.8490566037735849,High
O=C(O)c1ccccc1Nc1ccnc(Nc2cccc(O)c2)n1,0.15186779,4.5385013,-1,0.6141732283464567,2.100010219558155,127,,Outlier
O=C(c1cc(-c2ccc3[nH]ncc3c2)on1)N1CCCC(O)C1,3.3058755,3.3675723,22,0.044776119402985,2.400056897531816,134,0.3472222222222222,Moderate
O=C(c1cc(Cc2n[nH]c(=O)c3c2CCCC3)ccc1F)N1CCN(c2ncccn2)CC1,1.9194624,1.9451563,23,0.08,1.899970438310448,125,0.24752475247524752,Low
O=C(c1ccc(/C=C/c2n[nH]c3ccccc23)cc1)N1CCNCC1,2.193575,2.5520196,23,0.4493506493506493,2.616783248148669,385,0.2972972972972973,Low
O=C(c1ccc(F)c(F)c1Nc1ccc(I)cc1F)N1CC(O)([C@@H]2CCCCN2)C1,-3.5354493,2.5298517,0,0.0094786729857819,3.1250459962997628,211,0.41333333333333333,High
O=C(c1cccc(-c2cnc3[nH]ccc3c2)c1)N1CCOCC1,1.7823884,3.564295,-1,0.0707964601769911,1.5999978974840443,113,,Outlier
O=C1CCCN1Cc1ccc2c(c1)[nH]c(=O)c1cccn12,3.480109,2.7906637,22,0.2834645669291338,1.8999798610518253,127,0.17721518987341772,Low
O=C1CCCc2oc3cc(C(F)(F)F)ccc3c(=O)c21,-1.0628731,1.0534714,15,0.0075757575757575,1.700008529345962,132,0.24615384615384617,Low
O=C1Cc2c([nH]c3ccc([N+](=O)[O-])cc23)-c2ccccc2N1,4.2097144,1.5811651,10,0.1920529801324503,2.797940625648417,151,0.2857142857142857,Low
O=C1NC(=O)/C(=C/c2ccc3nccc(-c4ccncc4)c3c2)S1,4.3081155,2.4570663,9,0.0588235294117647,4.875061263391698,221,0.4107142857142857,High
O=C1NC(=O)[C@@H](c2cn3c4c(cccc24)CCC3)[C@@H]1c1c[nH]c2ccccc12,4.2096114,0.62978154,8,0.0047846889952153,1.920818753952375,209,0.28,Low
O=C1NC(=S)SC1=C1C(=O)Nc2ccc(Br)cc21,4.279471,1.8445808,10,0.1544117647058823,1.649988994224569,136,0.28,Low
O=C1NCCc2[nH]c(-c3ccnc(-c4ccccc4F)c3)cc21,4.098848,3.2267437,13,0.1693548387096774,2.421244829915996,124,0.6363636363636364,High
O=C1NCCc2[nH]c(-c3ccnc(-c4cnc5ccccc5c4)c3)cc21,4.0910263,3.235615,13,0.1914893617021276,2.800008439392281,141,0.6363636363636364,High
O=C1NCCc2[nH]c(-c3ccnc(C=Cc4ccccc4)c3)cc21,4.1279902,3.1618,13,0.5811965811965812,2.100010219558155,117,0.6,High
O=C1NCCc2[nH]c(-c3ccncc3)cc21,4.086849,3.318228,13,0.2797619047619047,2.700007318532885,168,0.5957446808510638,High
O=C1NCc2c1cccc2-c1ccc(Nc2nc3ccccc3[nH]2)cc1,0.7986439,0.26908234,5,0.1052631578947368,2.000038455746745,133,0.6181818181818182,High
O=C1NCc2c1cccc2-c1ccc(Nc2nc3ccccc3o2)cc1,0.8148369,0.27617,5,0.1440677966101695,2.0000076363593218,118,0.6612903225806451,High
O=C1NN=Cc2c[nH]c3cc(NC(=O)C4CC4c4ccccc4)cc1c23,0.8504556,0.29092926,5,0.4242424242424242,2.899972316247582,132,0.24358974358974358,Low
O=C1Nc2cc(CCOc3ccc(N4CCOCC4)cc3)ccc2Nc2cc(-c3cn(Cc4cc(F)c(F)c(F)c4)c4cnccc34)ccc21,3.820866,1.8124896,10,0.027027027027027,2.3000569139206526,111,0.25225225225225223,Low
O=C1Nc2ccc3ncsc3c2C1=CNc1ccc(S(=O)(=O)Nc2ccccn2)cc1,3.2335296,1.1675855,-1,0.6694214876033058,1.8000463369576218,121,,Outlier
O=C1Nc2ccccc2Nc2ccccc21,4.274734,1.5848796,10,0.0087719298245614,1.3499968492051613,114,0.6896551724137931,High
O=C1Nc2ccccc2Nc2nnc(I)cc21,4.2921987,1.5560149,10,0.1323529411764706,1.5000160544269887,136,0.47058823529411764,High
O=NC1CCc2cc(-c3cn(CCO)nc3-c3ccncc3)ccc21,2.3398738,6.065114,-1,0.0110803324099723,4.732828271596986,361,,Outlier
O=S(=O)(c1cccc2c(O)nccc12)N1CCCNCC1,1.1734074,2.121112,-1,0.0091324200913242,1.7512096224246143,219,,Outlier
O=S(=O)(c1cccc2cnccc12)N1CCCNCC1,1.1465575,2.163885,-1,0.02734375,2.77711019239755,256,,Outlier
O=c1[nH]c(C2CCCN2)nc2c1oc1ccc(Cl)cc12,2.4814699,3.5484984,30,0.0151515151515151,3.134698573897456,198,0.48148148148148145,High
O=c1[nH]c2cc(-c3ccccc3)cnc2[nH]1,2.72321,3.5851898,30,0.0610687022900763,1.7000152513940288,131,0.32727272727272727,Moderate
O=c1[nH]c2cnc(-n3cnc4ccc(F)cc43)nc2n1C1CCOc2c(F)cccc21,-0.72004694,3.652329,-1,0.2985074626865671,2.599988433794872,134,,Outlier
O=c1[nH]c2sc3c(c2c2nc(-c4ccccc4)nn12)CCCC3,3.9556203,3.6187348,13,0.0074626865671641,1.6999997975545824,134,0.82,High
O=c1[nH]c2sc3c(c2c2nc(-c4cccnc4)nn12)CCCC3,4.035333,3.5834718,13,0.018348623853211,1.5999978974840443,109,0.7924528301886793,High
O=c1[nH]c2sc3c(c2c2nc(-c4ccncc4)nn12)CCCC3,3.9728794,3.6891513,13,0.1015625,2.499974083835557,128,0.82,High
O=c1[nH]c2sccc2c2nc(-c3ccncc3)nn12,3.9397426,3.7775939,13,0.088,1.7999704546992854,125,0.5849056603773585,High
O=c1[nH]cc(I)c2nc(-c3cccc(Cl)c3)cn12,2.8588762,3.6379745,30,0.0526315789473684,1.899988751621307,133,0.21666666666666667,Low
O=c1[nH]ccc2cc(OC3CCNCC3)ccc12,2.56836,3.5714226,30,0.0504587155963302,3.8750612633917,218,0.22388059701492538,Low
O=c1[nH]cnc2c1oc1ccc(Cl)cc12,2.4705946,3.6509557,30,0.044776119402985,1.8000152350051914,134,0.48148148148148145,High
O=c1[nH]cnc2c1sc1c(Cl)ccc(Cl)c12,1.8656006,4.2658916,31,0.1605839416058394,2.45860763618471,137,0.36,Moderate
O=c1c(NCCc2ccc(Oc3ccccc3)cc2)c(Nc2ccncc2)c1=O,0.6000516,5.269411,28,0.0423728813559322,1.999970403646512,118,0.5,High
O=c1c(NCc2ccc(Cl)c(Cl)c2)c(Nc2ccncc2)c1=O,0.6428255,5.200166,28,0.2105263157894736,2.800008439392281,133,0.7317073170731707,High
O=c1c(NCc2ccc(Cl)cc2)c(Nc2ccncc2)c1=O,0.65768194,5.2362666,28,0.1407407407407407,2.000038455746745,135,0.7435897435897436,High
O=c1c(NCc2cccc(C(F)(F)F)c2)c(Nc2ccncc2)c1=O,0.6299123,5.231852,28,0.1407407407407407,1.9000387513801893,135,0.5918367346938775,High
O=c1c(NCc2ccccc2F)c(Nc2ccncc2)c1=O,0.58642936,5.2825828,28,0.1417910447761194,1.699970962098801,134,0.5555555555555556,High
O=c1cc(-c2ccncc2)nc(NC2CCCCC2)[nH]1,3.8206513,3.906221,13,0.171875,2.999980981911221,128,0.32075471698113206,Moderate
O=c1nc(-c2cc3c(Oc4ccc(I)cc4)cncc3s2)[nH]o1,0.17752318,0.9229606,-1,0.2246376811594203,2.199973766009121,138,,Outlier
O=c1nc(-c2ccc3[nH]ncc3c2)cc(-c2ccccc2)[nH]1,3.179672,3.457597,22,0.171875,2.449993964955928,128,0.4716981132075472,High
O=c1ncn2nc(Sc3ccc(F)cc3F)ccc2c1-c1c(Cl)cccc1Cl,-0.5055745,4.0265355,-1,0.005420054200542,3.536704390037997,369,,Outlier
O=c1sn(-c2cccc3ccccc23)c(=O)n1Cc1ccccc1,2.8549836,2.94503,23,0.0,1.038723766619312,213,0.21333333333333335,Low
OC(COc1cncc(C=Cc2ccncc2)c1)Cc1c[nH]c2ccccc12,3.8524165,0.05145361,8,0.1111111111111111,2.1999713504226097,135,0.7894736842105263,High
OC1CCC(Nc2cc(Cl)nc(-c3c[nH]c4ncccc34)n2)CC1,3.5528305,4.5653048,11,0.4466666666666666,3.0,150,0.8235294117647058,High
OC1CCC(Nc2nc(Cl)cc(-c3c[nH]c4ncccc34)n2)CC1,3.6058981,4.5877914,11,0.6756756756756757,3.2499734404360545,148,0.8235294117647058,High
OCC(CO)Nc1ncnc2[nH]cc(-c3ccccc3)c12,2.617877,4.5443425,26,0.2644628099173554,2.400014933567592,121,0.6304347826086957,High
OCCC(Nc1nc2ccc(-c3ccncc3)cc2s1)c1ccccc1,2.9030452,5.55279,21,0.1259842519685039,2.1000577169536125,127,0.41379310344827586,High
OCCCNc1ncnc2[nH]cc(-c3ccccc3)c12,2.5724854,4.4313188,26,0.2246376811594203,2.0000565960942165,138,0.6304347826086957,High
OCCCn1cnc(-c2ccc(F)cc2)c1-c1ccncc1,1.9526442,6.309847,17,0.0153846153846153,1.850015217673224,130,0.36,Moderate
OCCCn1cnc(-c2ccccc2)c1-c1ccncc1,2.45966,5.902878,-1,0.0288461538461538,1.5999978974840443,104,,Outlier
OCCNc1cc2cc(-c3cccnc3)ccc2cn1,2.1715562,4.00086,30,0.0888888888888888,3.0000384557467443,135,0.625,High
OCCNc1cc2cc(-c3ccsc3)ccc2cn1,2.2933235,3.9247437,30,0.0454545454545454,1.5999998139434195,132,0.625,High
OCCn1cc(-c2ccc3c(c2)CC/C3=N\O)c(-c2ccncc2)n1,2.2917855,6.073735,17,0.0110192837465564,4.721246399047171,363,0.3188405797101449,Moderate
OCCn1cc(-c2cnc3nnn(Cc4ccc5ncccc5c4)c3n2)cn1,2.1501381,0.399405,12,0.0041322314049586,3.8750612633917,242,0.35443037974683544,Moderate
O[C@H]1CC[C@H](Nc2ncc3nc(Nc4c(F)cc(F)cc4F)n([C@H]4CCOC4)c3n2)CC1,-0.87453115,3.716406,-1,0.0229357798165137,4.088045629527841,218,,Outlier
Oc1c2ccccc2c2c3c(cccc13)N=N2,1.2327514,1.9070735,-1,0.4893617021276595,2.400007822415901,141,,Outlier
Oc1ccc(-c2n[nH]c(Nc3cccc(Cl)c3)c2-c2ccc(O)cc2)cc1,2.5391312,2.6647537,23,0.1353383458646616,1.5999712577322454,133,0.6829268292682927,High
Oc1ccc(-c2nc(-c3ccc(F)cc3)c(-c3ccncc3)[nH]2)cc1,1.7832462,6.304677,17,0.047945205479452,2.886056647693163,292,0.8571428571428571,High
Oc1ccc(Nc2[nH]nc(-c3ccc(O)cc3)c2-c2ccc(O)cc2)cc1,2.6069427,2.6879807,23,0.126865671641791,2.1999713504226097,134,0.6829268292682927,High
Oc1cccc(-c2nc(N3CCOCC3)c3oc4ncccc4c3n2)c1,0.6343133,2.2561643,33,0.0188172043010752,2.853871964321762,372,0.2840909090909091,Low
Oc1cccc(Nc2ncnc3scc(Cl)c23)c1,0.28190035,-1.1557678,5,0.0551181102362204,1.5000085803987355,127,0.7317073170731707,High
S=C(NCc1ccc2c(c1)OCO2)N1CCN(c2ncnc3c2oc2ccccc23)CC1,0.7287417,2.3718598,33,0.0,1.4771212547196626,208,0.2413793103448276,Low
S=c1[nH]nc2c3c4c(sc3n3c(=S)[nH]nc3n12)CCC4,3.9844291,3.6172512,13,0.1716417910447761,2.400014933567592,134,0.26153846153846155,Low
c1cc(OCCN2CCCCC2)cc(-c2n[nH]c3ccc(-c4nnc[nH]4)cc23)c1,0.24447307,3.0788598,29,0.063063063063063,3.1994613124881344,222,0.26595744680851063,Low
c1cc2[nH]ncc2cc1-c1cn(CC2CCOCC2)nn1,3.3039987,3.4067564,22,0.1119402985074626,2.000038455746745,134,0.5,High
c1cc2cc(-c3ccc4cn[nH]c4c3)cnc2[nH]1,2.641807,3.6090026,30,0.2518518518518518,1.7000372596006068,135,0.48936170212765956,High
c1ccc(CNc2nc(-c3ccc4[nH]ncc4c3)cs2)cc1,3.1676953,3.4743161,22,0.0656934306569343,1.899988751621307,137,0.6938775510204082,High
c1ccc(CNc2nc3ccc(-c4ccncc4)cc3s2)cc1,2.7923622,5.298825,19,0.1085271317829457,3.000007636359321,129,0.42,High
c1ccc(COc2ccc(Nc3ncnc4ccccc34)cc2)cc1,-1.9269695,2.9082115,24,0.0454545454545454,1.7999997628906463,132,0.5208333333333334,High
c1ccc(Nc2nc(-c3ccc4[nH]ncc4c3)cs2)cc1,3.1572049,3.4565125,22,0.0962962962962963,1.6000157587935444,135,0.6938775510204082,High
c1cnc2nc(-c3ccc4[nH]ncc4c3)c(NC3CCCCC3)n2c1,3.3679311,3.472487,22,0.181159420289855,2.40000061697638,138,0.6842105263157895,High
c1cnc2nc(-c3ccc4[nH]ncc4c3)cn2c1,3.2298286,3.4894137,22,0.1044776119402985,2.299974886868517,134,0.5178571428571429,High
