Standardized_SMILES,Measured_Count,Gini_padded,Gini_measured,Entropy_log,Entropy_lin,Gini_linear,S5,S6,S7,S_Score,Sel_Window
Brc1ccc2[nH]nc(-c3ccccc3)c2c1,131,0.7293443823502692,0.0413419344314877,0.9993903420987433,0.8235701675942304,0.5942922706490891,0.9007633587786259,0.061068702290076333,0.0,0.061068702290076333,1.5999998139434197
Brc1ccc2c(c1)-c1[nH]ncc1C2,132,0.7251343242109922,0.03380550328712424,0.9995398576493111,0.9032681618053748,0.41817081849715776,0.7651515151515151,0.007575757575757576,0.0,0.007575757575757576,1.39999741696269
Brc1cnc2[nH]cc(-c3ccccc3)c2c1,138,0.720865162343408,0.06145967628508194,0.9987391525047963,0.6355791017056881,0.8204233850238841,0.927536231884058,0.3115942028985507,0.050724637681159424,0.3115942028985507,2.300014562647405
C#Cc1cccc(Nc2ncnc3cc(OC)c(OCCCCCCC(=O)NO)cc23)c1,222,0.5296494780886033,0.016925035284288115,0.9994506806610334,0.2799804501782594,0.9176897552719689,0.05405405405405406,0.02252252252252252,0.009009009009009009,0.02252252252252252,3.2730012720637376
C#Cc1cccc(Nc2ncnc3cc(OCCOC)c(OCCOC)cc23)c1,396,0.18175618055282425,0.041249666102299166,0.9992963428585513,0.1570612819235149,0.9682790281767425,0.4772727272727273,0.0707070707070707,0.015151515151515152,0.0707070707070707,4.164309428507574
C#Cc1cccc(Nc2ncnc3cc4c(cc23)OCCOCCOCCO4)c1,224,0.5219531570144191,0.009760110958439514,0.9997133070448277,0.6633486709083318,0.605510578811522,0.03125,0.013392857142857142,0.0,0.013392857142857142,2.1248744062150138
C1=N/C2=N/c3ccc(OCCN4CCCC4)c(c3)COC/C=C/COCc3cccc(c3)C(=C1)N2,199,0.5991554702229496,0.06536752856004341,0.9975854422084653,0.3960886834846698,0.9550975486822723,0.21105527638190955,0.11557788944723618,0.05527638190954774,0.11557788944723618,4.0
C=CC(=O)N1CCC(Oc2cc3c(Nc4ccc(Cl)c(Cl)c4F)ncnc3cc2OC)CC1,205,0.5702608688828078,0.027322161764013603,0.9986890614987882,0.23559844111509234,0.9812700579275051,0.05853658536585366,0.03902439024390244,0.024390243902439025,0.03902439024390244,4.211381796198534
C=CC(=O)N1CCC[C@@H](n2nc(-c3ccc(Oc4ccccc4)cc3)c3c(N)ncnc32)C1,227,0.5466548049535809,0.07333845594035927,0.9963987513811005,0.4157398506378089,0.9675828452912807,0.15418502202643172,0.12334801762114538,0.07929515418502203,0.12334801762114538,4.753542239048553
C=CC(=O)N1CCC[C@H](n2c(=O)n(-c3ccc(Oc4ccccc4)cc3)c3c(N)ncnc32)C1,213,0.5597912325871643,0.04104756770161608,0.9975464145534415,0.45332682660461054,0.9518095823837737,0.056338028169014086,0.056338028169014086,0.056338028169014086,0.056338028169014086,3.8750612633917
C=CC(=O)Nc1cc(Nc2nccc(-c3cn(C)c4ccccc34)n2)c(OC)cc1N(C)CCN(C)C,214,0.5485578650461115,0.02117219337100822,0.9990236613136554,0.18498528348550636,0.9810996188017143,0.04205607476635514,0.028037383177570093,0.014018691588785047,0.028037383177570093,4.154901959985743
C=CC(=O)Nc1cc2c(Nc3ccc(F)c(Cl)c3)ncnc2cc1C#CC(C)(C)N1CCN(C)CC1,212,0.5488734859242289,0.012628761645482071,0.9994254927740743,0.138447307446974,0.9722315700506108,0.02830188679245283,0.018867924528301886,0.009433962264150943,0.018867924528301886,3.9040572368805435
C=CC(=O)Nc1cc2c(Nc3ccc(F)c(Cl)c3)ncnc2cc1OCCCN1CCOCC1,382,0.20977599595661614,0.04014675948657036,0.9991889286218207,0.17401887531985988,0.9723418949671052,0.25392670157068065,0.07068062827225131,0.013089005235602094,0.07068062827225131,4.178273661756904
C=CC(=O)Nc1cccc(Nc2nc(Nc3ccc(N4CCN(C(C)=O)CC4)cc3OC)ncc2C(F)(F)F)c1,202,0.5752711209603024,0.02438514913653602,0.9990828598732324,0.4821307510096982,0.8854928253895363,0.0594059405940594,0.04950495049504951,0.009900990099009901,0.04950495049504951,2.8143634230380883
C=CCN(/C=C1/C(=O)O[C@H](COC)[C@@]2(C)C1=C(O)C(=O)C1=C2[C@H](OC(C)=O)C[C@]2(C)C(=O)CC[C@@H]12)CC=C,199,0.574879412920321,0.00876405826647715,0.999521265249847,0.17520003296234252,0.96372613736434,0.01507537688442211,0.010050251256281407,0.010050251256281407,0.010050251256281407,3.6320232147054057
C=CCn1c(=O)c2cnc(Nc3ccc(N4CCN(C)CC4)cc3)nc2n1-c1cccc(C(C)(C)O)n1,243,0.5036889031372618,0.052311321216828986,0.9987197446512694,0.36869314878559717,0.9474020279337869,0.26337448559670784,0.04938271604938271,0.01646090534979424,0.04938271604938271,3.5795289598784503
CC(=O)N(c1ccncc1)c1c(NC(C)C(C)(C)C)c(=O)c1=O,136,0.7198672826764947,0.044253082072746024,0.999306389428198,0.7012528579643947,0.720632049160754,0.8823529411764706,0.09558823529411764,0.014705882352941176,0.09558823529411764,2.0000076363593218
CC(=O)N1CCC(Nc2nccc(-c3c(-c4ccc(F)cc4)nc4occn34)n2)CC1,133,0.7269684927757022,0.04746902742801302,0.9991189864538154,0.4682965193521501,0.8698319387105571,0.8796992481203008,0.09022556390977443,0.03007518796992481,0.09022556390977443,2.700015251394028
CC(=O)N1CCN(C2CCC(n3nc(-c4ccc(NC(=O)c5cc6ccccc6n5C)cc4)c4c(N)ncnc43)CC2)CC1,139,0.7207529419574917,0.0678371587645767,0.9983853250113678,0.5426196185940968,0.8976028994928631,0.920863309352518,0.2446043165467626,0.08633093525179857,0.2446043165467626,2.700007318532885
CC(=O)NCC(=O)N1C2CCC1c1cc(Nc3ncc(C(F)(F)F)c(NC4CCC4)n3)ccc12,271,0.47929234074073385,0.1084562586852418,0.9967171503784589,0.5416537604362355,0.9214230978304316,0.6568265682656826,0.34686346863468637,0.14391143911439114,0.34686346863468637,3.62075126030443
CC(=O)Nc1c(C(N)=O)sc2ccc(Cl)c(Cl)c12,133,0.7256366523963275,0.04282260685636056,0.9993911847461541,0.8394143970102078,0.5951108736972708,0.9398496240601504,0.14285714285714285,0.007518796992481203,0.14285714285714285,1.4000149335675927
CC(=O)Nc1cc(N)c(C#N)c(-c2ccccc2)n1,107,0.7769841530460694,0.032903243115666,0.999582936026163,0.908980335588676,0.47418878047850627,0.9158878504672897,0.037383177570093455,0.0,0.037383177570093455,1.1953964142510678
CC(=O)Nc1cccc(-n2c(=O)n(C3CC3)c(=O)c3c(Nc4ccc(I)cc4F)n(C)c(=O)c(C)c32)c1,227,0.5147218358786633,0.00806577906475678,0.9995630577939153,0.15220192177399874,0.9695774975083681,0.013215859030837005,0.00881057268722467,0.00881057268722467,0.00881057268722467,3.8287886595888967
CC(=O)Nc1cccc(CNc2c(Nc3ccc4[nH]ncc4c3)c(=O)c2=O)c1,134,0.7276158782890834,0.05681916064279648,0.9988648710743309,0.5427020002644806,0.8576124326089395,0.9626865671641791,0.23134328358208955,0.05970149253731343,0.23134328358208955,2.5999884337948718
CC(=O)c1c(C)c2cnc(Nc3ccc(N4CCNCC4)cn3)nc2n(C2CCCC2)c1=O,245,0.498926800539993,0.05102871612472135,0.9989007104504783,0.40753790641462995,0.9255496612098233,0.2571428571428571,0.04081632653061224,0.0163265306122449,0.04081632653061224,3.4357285695614372
CC(=O)c1cccc(-c2cnc3[nH]ccc3c2)c1,156,0.6767804742466174,0.03862910288737466,0.9994862599395936,0.8541296751821404,0.5642009291601975,0.9423076923076923,0.10897435897435898,0.0,0.10897435897435898,1.5000003213429354
CC(=O)c1cnc2ccc(-c3cc(Cl)c(O)c(Cl)c3)nc2c1N[C@H]1CC[C@H](CN(C)C)CC1,200,0.620913929591385,0.12052031665201354,0.9953634126825371,0.280031687852282,0.9554727159438313,0.555,0.535,0.22,0.535,3.6146115393100144
CC(C)(C(N)=O)n1cc(-c2cnc(N)c3c(-c4ccc(NC(=O)Nc5cccc(F)c5)cc4)csc23)cn1,124,0.7568924173877224,0.09030711022502567,0.997252710702672,0.5034957857314547,0.9222328262285504,0.9274193548387096,0.3951612903225806,0.18548387096774194,0.3951612903225806,3.199999125196797
CC(C)(C)C(=O)Oc1ccc2c(c1)nc(NC(=O)c1cccc([N+](=O)[O-])c1)n2CCCO,114,0.7640964060319628,0.03983098595465599,0.9992268847268356,0.0824696167564888,0.9681087402494717,0.8421052631578947,0.03508771929824561,0.008771929824561403,0.03508771929824561,3.7208185168430212
CC(C)(C)NS(=O)(=O)c1cncc(-c2ccn3nc(N)nc3c2)c1,149,0.6793562093228062,0.0014851082267250668,0.9999925777749464,0.9984591772765831,0.02297986429978393,0.04697986577181208,0.0,0.0,0.0,0.36000779245321723
CC(C)(C)OC(=O)n1ncc2cc(Nc3c(NCc4ccc(S(N)(=O)=O)cc4)c(=O)c3=O)ccc21,130,0.7300443010817717,0.03646581309186215,0.9995390228484273,0.8514182616812264,0.5351750692512314,0.9,0.03076923076923077,0.0,0.03076923076923077,1.6999997975545824
CC(C)(C)c1cc(NC(=O)Nc2ccc(-c3cn4c(n3)sc3cc(OCCN5CCOCC5)ccc34)cc2)no1,399,0.16467758570393437,0.028597493149437433,0.9993467113172855,0.4238685457767736,0.9243247504295813,0.08771929824561403,0.047619047619047616,0.017543859649122806,0.047619047619047616,3.212839649542346
CC(C)(C)c1cc(NC(=O)Nc2cccc3ccccc23)n(-c2cccc(C(=O)NCC#N)c2)n1,107,0.7771343454916031,0.03355454493554984,0.9995747346649088,0.8642082225223463,0.5104578169795865,0.8130841121495327,0.018691588785046728,0.0,0.018691588785046728,1.5999978974840445
CC(C)(C)c1ccc2nc(-c3n[nH]c4ccccc34)[nH]c2c1,142,0.7149152872153232,0.06845558639373224,0.9985102114273908,0.6700922721977252,0.8123430439280219,0.9295774647887324,0.4154929577464789,0.1056338028169014,0.4154929577464789,2.2999722235572184
CC(C)(C)c1cnc(CSc2cnc(NC(=O)C3CCNCC3)s2)o1,387,0.20429230958551226,0.045973208391932044,0.9990084360970776,0.37917754743812426,0.9540292373672468,0.3488372093023256,0.09560723514211886,0.03359173126614987,0.09560723514211886,3.769551078621726
CC(C)(C)c1n[nH]c2c1C(c1ccccc1F)C(C#N)=C(N)O2,136,0.7167927751261574,0.033763585724536985,0.9996061146728914,0.8608086523459666,0.5023200013233612,0.8602941176470589,0.007352941176470588,0.0,0.007352941176470588,1.7999997628906463
CC(C)(C)c1nc(-c2cccc(NS(=O)(=O)c3c(F)cccc3F)c2F)c(-c2ccnc(N)n2)s1,228,0.5433823720744494,0.07074307299361646,0.9974782186433964,0.4813398087350713,0.9416585980288812,0.2236842105263158,0.14035087719298245,0.05263157894736842,0.14035087719298245,3.8059099143085593
CC(C)(CO)CNc1nccc(-c2c(-c3ccc(F)cc3)nc3c(CC4CC4)nccn23)n1,111,0.7711479979605155,0.0433573968799932,0.9992081253800317,0.4369670879410094,0.8607470780023484,0.8738738738738738,0.06306306306306306,0.018018018018018018,0.06306306306306306,2.6999997975545824
CC(C)(CO)CNc1nccc(-c2c(-c3ccc(F)cc3)nc3c(CCN)nccn23)n1,125,0.7424384446961362,0.043931506712057325,0.9992612210064556,0.412187371215607,0.848452461445155,0.872,0.088,0.008,0.088,2.8000152350051906
CC(C)(CO)CNc1nccc(-c2c(-c3ccc(F)cc3)nc3c(Cl)nccn23)n1,125,0.7413996602198591,0.04007553873611744,0.9993841019880568,0.6514334938573215,0.725178883286812,0.864,0.056,0.016,0.056,2.300037897294456
CC(C)(CO)CNc1nccc(-c2c(-c3ccc(F)cc3)nc3c(OCC(F)(F)F)nccn23)n1,125,0.7420964185711807,0.042661905736222826,0.9992136689594702,0.3448571959146027,0.9057010595925553,0.872,0.056,0.016,0.056,2.899970438310449
CC(C)(CO)CNc1nccc(-c2c(-c3ccc(F)cc3)nc3cnccn23)n1,138,0.7146677888020755,0.04062213046494963,0.9993678968005625,0.561687883463966,0.7857896936633914,0.8913043478260869,0.043478260869565216,0.021739130434782608,0.043478260869565216,2.3999705473896498
CC(C)(CO)c1nnc2ccc(-c3c(-c4ccc(F)cc4F)nc4n3CCC4)nn12,124,0.742793814261062,0.037551046912360865,0.9995077862213061,0.8341473939044888,0.5526797032913969,0.8790322580645161,0.04032258064516129,0.008064516129032258,0.04032258064516129,1.8000152350051914
CC(C)(CO)c1nnc2ccc(-c3c(-c4ccc(F)cc4F)nc4occn34)nn12,123,0.7445091668236615,0.03619718216405661,0.9995240354759225,0.8316773489073112,0.5585788694633287,0.8617886178861789,0.024390243902439025,0.0,0.024390243902439025,1.7999997628906463
CC(C)(O)CC(=O)NCCn1ccc2ncnc(Nc3ccc(Oc4cccc(C(F)(F)F)c4)c(Cl)c3)c21,218,0.5398949410450596,0.02069381947205375,0.9994739329217037,0.29138635198002844,0.9117295284898888,0.04128440366972477,0.01834862385321101,0.009174311926605505,0.01834862385321101,3.2466723333413885
CC(C)(O)CNc1nccc(-c2c(-c3ccc(F)cc3F)nc3c(CC4CC4)nccn23)n1,134,0.7229756402163959,0.04075147060005722,0.9993377743386521,0.4031081762925196,0.8547262464578627,0.8656716417910447,0.04477611940298507,0.014925373134328358,0.04477611940298507,2.8000152350051906
CC(C)(O)Cc1nnc2ccc(-c3c(-c4ccc(F)cc4F)nc4occn34)nn12,123,0.7451625796013234,0.03866208890255297,0.9994682665032129,0.8353115229976262,0.5726914670442622,0.8699186991869918,0.04878048780487805,0.0,0.04878048780487805,1.6000085640098982
CC(C)CC(=O)Nc1n[nH]c2c1CN(C(=O)C1CCN(C)CC1)C2(C)C,216,0.5567004985556893,0.04772699689740654,0.9982511206699415,0.4035497438925879,0.959859913444817,0.10185185185185185,0.06481481481481481,0.037037037037037035,0.06481481481481481,3.6320232147054057
CC(C)COc1nccn2c(-c3ccnc(NCC(C)(C)CO)n3)c(-c3ccc(F)cc3)nc12,106,0.7808147879469877,0.04054775101322881,0.9990750107609913,0.17775459770604468,0.9573471830140997,0.9339622641509434,0.05660377358490566,0.03773584905660377,0.05660377358490566,3.3999705473896498
CC(C)Cc1cc(-c2ccc3[nH]nc(N)c3c2)on1,134,0.7263379104949641,0.052393958728831,0.9990165704048211,0.6029822228551229,0.8266491669957351,0.9552238805970149,0.1791044776119403,0.029850746268656716,0.1791044776119403,2.199973766009121
CC(C)Cn1c(N)nc2c(F)cc(-c3c(-c4ccc(F)cc4)nc4sccn34)cc21,133,0.7260689117888258,0.044330639624174675,0.9992469830718953,0.6411705904312022,0.7724099914842906,0.8796992481203008,0.07518796992481203,0.03007518796992481,0.07518796992481203,2.2000379319583923
CC(C)Cn1c(N)nc2ccc(-c3c(-c4ccc(F)cc4)nc4sccn34)cc21,139,0.7160331970283993,0.05208203900127595,0.9989281223407857,0.5157627826825042,0.8795910178769061,0.8992805755395683,0.1079136690647482,0.03597122302158273,0.1079136690647482,2.5999998139434197
CC(C)N(C)C(=O)c1c(-c2ccc3[nH]ncc3c2)nnn1Cc1ccccc1,130,0.736198249378449,0.05843067470461828,0.9987510342399125,0.6124074103086539,0.8500110603301523,0.9230769230769231,0.18461538461538463,0.046153846153846156,0.18461538461538463,2.299974886868517
CC(C)NC(=O)COc1cccc(-c2nc(Nc3ccc4[nH]ncc4c3)c3ccccc3n2)c1,124,0.7425745176895789,0.03673045329003681,0.9995034258627369,0.7661278665386269,0.6114971521697049,0.8709677419354839,0.016129032258064516,0.008064516129032258,0.016129032258064516,1.8870864409117267
CC(C)Nc1c(-c2ccc3[nH]ncc3c2)nc2ncccn12,138,0.7204603216752581,0.06009847287912856,0.998727799993661,0.6571018619233651,0.8352172381248444,0.9347826086956522,0.2028985507246377,0.07246376811594203,0.2028985507246377,2.1195511351684075
CC(C)Nc1cc(-c2c[nH]c(C(=O)N[C@H](CO)c3cccc(Cl)c3)c2)c(Cl)cn1,214,0.543067820828402,0.009268546095226829,0.9995731005778241,0.15892949720512686,0.9508225862079139,0.018691588785046728,0.014018691588785047,0.009345794392523364,0.014018691588785047,3.6078895349886864
CC(C)OC1=NNC(=O)C1=Cc1c[nH]c2ccccc12,138,0.7167024014559101,0.047463146924219345,0.9991657065540985,0.43477617978505817,0.8561060274455097,0.8913043478260869,0.11594202898550725,0.014492753623188406,0.11594202898550725,2.5999712577322462
CC(C)Oc1nccn2c(-c3ccnc(NCC(C)(C)CO)n3)c(-c3ccc(F)cc3F)nc12,125,0.7421658336667573,0.0429195745710036,0.9992167715595586,0.34964457119188,0.9019040872143091,0.864,0.048,0.016,0.048,2.7999704546992863
CC(C)Oc1nccn2c(-c3ccnc(NCC(C)(C)O)n3)c(-c3ccc(F)cc3F)nc12,125,0.7414085108852042,0.0401083924058775,0.999363142879831,0.523264971015846,0.7969684024151992,0.864,0.048,0.016,0.048,2.4999705310008125
CC(C)c1cc(CNc2nc(Nc3cc(C4CC4)[nH]n3)cc(N3CCN(C)CC3)n2)on1,212,0.5938511128553273,0.1110703602116602,0.995383988124556,0.5855161784696307,0.9182528169462258,0.3584905660377358,0.25,0.12264150943396226,0.25,4.0
CC(C)n1nc(-c2cc3cc(O)ccc3[nH]2)c2c(N)ncnc21,366,0.26977121584961977,0.07424547583121202,0.9982887935325223,0.5515658124171584,0.9283209074527391,0.5327868852459017,0.28415300546448086,0.08196721311475409,0.28415300546448086,3.4497260597184667
CC(C)n1nnc2ccc(-c3c(-c4ccc(F)cc4F)nc4occn34)cc21,132,0.7270483812729865,0.04053370386867968,0.9994302254993457,0.8079450364765085,0.6051848875316275,0.8712121212121212,0.06818181818181818,0.007575757575757576,0.06818181818181818,1.899970438310448
CC(N)C1CCC(C(=O)Nc2ccnc3[nH]ccc23)CC1,152,0.6873101875460159,0.04547320408783769,0.9992284288857034,0.5464777742209608,0.8377982918977387,0.9671052631578947,0.13157894736842105,0.02631578947368421,0.13157894736842105,2.500016054426988
CC(N)C1CCC(C(=O)Nc2ccncc2)CC1,146,0.6972013949897441,0.03768114572083096,0.99943888540244,0.6177099340066258,0.7565200961159464,0.9315068493150684,0.06164383561643835,0.0136986301369863,0.06164383561643835,2.2995133661000455
CC(N)COc1cnc(Cl)c(C=Cc2ccncc2)c1,125,0.74394112309438,0.04950944892633825,0.9991291211198622,0.7093473361555965,0.7528751810689065,0.912,0.144,0.024,0.144,2.000038455746745
CC(NC(=O)c1ccc(-c2ccncc2)cc1)c1ccccc1,125,0.746003858905726,0.05716632425805416,0.9986698739259017,0.3620990809387128,0.9363369723464743,0.88,0.144,0.048,0.144,3.1999801788782616
CC(Nc1c(Nc2ccncc2)c(=O)c1=O)C(C)(C)C,135,0.7217739528055085,0.04372677112411834,0.999337730054168,0.7817083180742648,0.6620370011651197,0.8740740740740741,0.08888888888888889,0.014814814814814815,0.08888888888888889,1.7000152513940288
CC(Nc1nccc(-c2c(-c3ccc(F)cc3)nc3occn23)n1)c1ccccc1,133,0.7263952118863019,0.04546900988905363,0.9992271249403955,0.4593401085617928,0.845055940794302,0.9022556390977443,0.09774436090225563,0.015037593984962405,0.09774436090225563,2.7245912538663557
CC(O)Cn1cc(-c2cnc(N)c3c(-c4ccc(NC(=O)Nc5cccc(F)c5)cc4)csc23)cn1,121,0.7634034602894496,0.09272070722565819,0.997064895982633,0.4658954518641865,0.9334150874036121,0.9338842975206612,0.3884297520661157,0.19834710743801653,0.3884297520661157,3.499988062874685
CC(Oc1cc(-c2cnn(C3CCNCC3)c2)cnc1N)c1c(Cl)ccc(F)c1Cl,156,0.6843540570043585,0.06115565673091224,0.9986589374829715,0.40792360734606553,0.9265062783716196,0.9423076923076923,0.21794871794871795,0.0641025641025641,0.21794871794871795,3.1999713504226097
CC1(C)CNc2cc(NC(=O)c3cccnc3NCc3ccncc3)ccc21,385,0.19564568141933456,0.0305963537105747,0.9991333344271708,0.4025568959325368,0.9562121046104947,0.09610389610389611,0.04935064935064935,0.025974025974025976,0.04935064935064935,3.5228787452803374
CC1(COc2ccc3c(c2)ncn3-c2ccc3cccc(N4CCC(N)CC4)c3n2)COC1,220,0.5592116954754779,0.07033739409373521,0.9973902502198392,0.384167990812887,0.9668763869377676,0.22272727272727272,0.12727272727272726,0.04090909090909091,0.12727272727272726,4.176091259055681
CC1(O)CC(c2nc(-c3ccc4ccc(-c5ccccc5)nc4c3)c3c(N)nccn23)C1,128,0.7372800412312923,0.047640149463434554,0.9991450651947155,0.416970704055599,0.8686329006227744,0.8671875,0.1171875,0.015625,0.1171875,2.7499707083990437
CC1CCN(C(=O)CC#N)CC1N(C)c1ncnc2[nH]ccc12,160,0.6692203997164882,0.04073915917781545,0.999289082048844,0.4550267124229437,0.8808568938026499,0.95,0.075,0.025,0.075,2.714975349478486
CC1CCN(C(=O)CO)CC1N(C)c1ncnc2[nH]ccc12,128,0.7346469792199606,0.0380952996723572,0.999461722545348,0.6757805322932973,0.6785806387274131,0.84375,0.0390625,0.0078125,0.0390625,2.300037897294456
CCC(CO)Nc1nc(NCc2ccccc2)c2ncn(C(C)C)c2n1,106,0.780046556927268,0.03718492843634262,0.999378352001708,0.708794296999902,0.7045282161247154,0.8301886792452831,0.0660377358490566,0.009433962264150943,0.0660377358490566,1.9000152003412554
CCC(N)(C#Cc1cnc(N)c2c(-c3ccc(NC(=O)Nc4cccc(C)c4)cc3)csc12)CC,121,0.756939565067188,0.06793353877004357,0.9983829177824716,0.5488186512162033,0.8867252714691278,0.9256198347107438,0.30578512396694213,0.08264462809917356,0.30578512396694213,2.700007318532885
CCC1C(=O)N(C)c2cnc(Nc3ccc(C(=O)NC4CCCCC4)cc3OC)nc2N1C1CCCC1,134,0.7229117429315204,0.0405302143300406,0.999323408926665,0.38518776964354773,0.8760161767185127,0.8656716417910447,0.03731343283582089,0.014925373134328358,0.03731343283582089,2.700015251394028
CCC1C(=O)N(C)c2cnc(Nc3ccc(C(=O)NC4CCN(C)CC4)cc3OC)nc2N1C1CCCC1,138,0.717565803216324,0.05036617893024868,0.999072016180029,0.43579843925314204,0.878560479503263,0.9130434782608695,0.15217391304347827,0.021739130434782608,0.15217391304347827,2.7999892590208235
CCCC(=O)Nc1cccc(-c2nc(Nc3ccc4[nH]ncc4c3)c3cc(OCCN4CCCC4)ccc3n2)c1,143,0.702585379989747,0.03496235185484342,0.9995520579765816,0.6022490507341406,0.7124246439454069,0.965034965034965,0.04895104895104895,0.006993006993006993,0.04895104895104895,2.2999905038103563
CCCC(=O)Nc1n[nH]c2ccc(-c3cccc(F)c3F)cc12,137,0.7196789635686458,0.05059152624709244,0.9989344526216422,0.3511285923321108,0.9290794648725865,0.8978102189781022,0.0948905109489051,0.043795620437956206,0.0948905109489051,3.0999806862777772
CCCC(=O)Nc1n[nH]c2ccc(-c3cn(Cc4ccccc4)nn3)cc12,121,0.7582153975292727,0.07282598721969029,0.9979547194758052,0.5027394673353667,0.9223566599320044,0.9008264462809917,0.2231404958677686,0.11570247933884298,0.2231404958677686,2.9999809819112215
CCCC(=O)Nc1n[nH]c2ccc(-c3nnn(Cc4ccccc4)c3-c3ccccc3)cc12,133,0.7309561390457741,0.06138081591909099,0.9986330124446863,0.48125940251433474,0.9097124513445785,0.9398496240601504,0.2706766917293233,0.07518796992481203,0.2706766917293233,2.700037259600606
CCCC(=O)Nc1n[nH]c2nc3ccccc3cc12,137,0.7165224262129146,0.039900771991185364,0.9994216039033998,0.6128851182503545,0.7302447537623054,0.8759124087591241,0.058394160583941604,0.0072992700729927005,0.058394160583941604,2.4000568975318153
CCCC(=O)Nc1n[nH]c2nnc(-c3cccc(F)c3F)cc12,122,0.7485196642600874,0.04355019849738233,0.999228548098246,0.5721108328491166,0.8108963014776125,0.8770491803278688,0.06557377049180328,0.02459016393442623,0.06557377049180328,2.2999801624894243
CCCC(=O)Nc1nn(C(=O)CC)c2nc3ccccc3cc12,136,0.718421247979036,0.03931955192847527,0.9994494989786871,0.762880821292343,0.6389800551700666,0.8676470588235294,0.04411764705882353,0.007352941176470588,0.04411764705882353,1.9999887352324697
CCCCCCCCCCCCCCCCCCOP(=O)([O-])OC1CC[N+](C)(C)CC1,198,0.5736283178338667,0.0008259569440112422,0.9999891674490209,0.9962475154888172,0.020229836227813155,0.005050505050505051,0.0,0.0,0.0,0.6989700043360187
CCCCNc1ccc2c3c(cccc13)C(=O)N(CCNCCO)C2=O,118,0.7550825959021541,0.036934953377961974,0.9994821139792818,0.6959371062532073,0.6571736241812458,0.8305084745762712,0.03389830508474576,0.00847457627118644,0.03389830508474576,2.2000075853065484
CCCCNc1n[s+]([O-])nc1Nc1ccc(F)cc1,113,0.7638493368177589,0.03031940073840853,0.9996360285731395,0.8605387445121817,0.5005325394938989,0.831858407079646,0.017699115044247787,0.0,0.017699115044247787,1.5999978974840445
CCCCOc1ncnc2[nH]cc(-c3ccccc3)c12,137,0.7239188757792807,0.06495152088749143,0.9986516165448182,0.7061456111693025,0.7987637179919775,0.9562043795620438,0.45255474452554745,0.0948905109489051,0.45255474452554745,1.9999758526934892
CCCCn1c(NC(=O)c2ccc(C#N)cc2)nc2cc(N(C)C(=O)C3CCCCC3)ccc21,132,0.7277945971545136,0.043156765755260285,0.9993247170128126,0.7067247470314617,0.7146972711466695,0.8787878787878788,0.09090909090909091,0.022727272727272728,0.09090909090909091,1.899988751621307
CCCCn1c(NC(=O)c2cccc(C#N)c2)nc2cc(N(C)C(=O)C3CCCCC3)ccc21,134,0.7251749339303933,0.04836693540076511,0.9991674514289718,0.6345174196483154,0.756926724983897,0.8656716417910447,0.11940298507462686,0.007462686567164179,0.11940298507462686,2.1999713504226097
CCCOc1cccc(C(C)NC(=O)c2ccc(-c3ccncc3)cc2)c1,125,0.7431548456808685,0.04659078716738394,0.9991801525422566,0.6221474840870233,0.790862143641927,0.872,0.096,0.024,0.096,2.1999801788782616
CCCS(=O)(=O)Nc1ccc(-c2ccc3[nH]nc(N)c3c2)cc1,134,0.7249356525268777,0.047538378899039446,0.9991115362089881,0.21460444331357093,0.942213928129752,0.9402985074626866,0.13432835820895522,0.029850746268656716,0.13432835820895522,3.1999713504226097
CCCS(=O)(=O)Nc1ccc(-c2ccc3[nH]nc(NC(=O)CC)c3c2)cc1,134,0.7253942132166502,0.049126230839743844,0.9991078375423103,0.6701051486884108,0.7825133234050341,0.8805970149253731,0.11194029850746269,0.03731343283582089,0.11194029850746269,2.050038202046987
CCCS(=O)(=O)Nc1ccc(-c2ccc3[nH]nc(NC(C)=O)c3c2)cc1,135,0.723891560877415,0.05100506849718993,0.9990073810513821,0.552097033347608,0.8558391414708402,0.8814814814814815,0.11851851851851852,0.02962962962962963,0.11851851851851852,2.499974083835557
CCCS(=O)(=O)Nc1ccc(F)c(C(=O)c2c[nH]c3ncc(-c4ccc(Cl)cc4)cc23)c1F,219,0.5395352273345058,0.024403404032925614,0.9992387313831862,0.5109046907679125,0.8510745119916032,0.0776255707762557,0.0365296803652968,0.0091324200913242,0.0365296803652968,2.7342605414788723
CCCS(=O)(=O)Nc1ccc(F)c(C(=O)c2c[nH]c3ncc(Cl)cc23)c1F,364,0.24010054906781195,0.03133696364688109,0.9992949036379007,0.0616093149654941,0.9904794649686375,0.21428571428571427,0.0521978021978022,0.019230769230769232,0.0521978021978022,4.795880017344077
CCCn1cc(-c2cnc(N)c3c(-c4ccc(NC(=O)Nc5cccc(F)c5)cc4)csc23)cn1,121,0.7636350807813259,0.09360890481434046,0.9969075658967431,0.42218470056148216,0.9409344583271677,0.9008264462809917,0.34710743801652894,0.18181818181818182,0.34710743801652894,3.700007318532883
CCN(CC)CC#Cc1ccc2c(c1)-c1[nH]nc(-c3ccc(C#N)nc3)c1C2,119,0.7546770726941675,0.04344673722767863,0.9992059702082596,0.2258063608587226,0.9283475511831933,0.8403361344537815,0.06722689075630252,0.01680672268907563,0.06722689075630252,3.2000379319583914
CCN(CC)CC#Cc1cnc(N)c2c(-c3ccc(NC(=O)Nc4cccc(C)c4)cc3)csc12,141,0.7163262140004589,0.06649193827101382,0.9984290098262663,0.5175836139631789,0.9061537501506998,0.9219858156028369,0.2198581560283688,0.07801418439716312,0.2198581560283688,2.700007318532885
CCN(CC)CCNC(=O)C=Cc1cnc(N)c2c(-c3ccc(NC(=O)Nc4cccc(C)c4)cc3)csc12,125,0.7557546338719799,0.09336120093278948,0.9971783843540137,0.49601977383473805,0.9077570418965034,0.96,0.472,0.24,0.472,3.5000094052172512
CCN(CC)CCNC(=O)c1c(C)[nH]c(/C=C2\C(=O)Nc3ccc(F)cc32)c1C,390,0.2423601130418892,0.09860280115752965,0.9974223940375553,0.6444657686427004,0.8890677613973716,0.5820512820512821,0.44358974358974357,0.16923076923076924,0.44358974358974357,3.2388639801101577
CCN(CC)CCNC(=O)c1c(C)[nH]c(C=C2C(=O)Nc3ccc(F)cc32)c1C,166,0.6699685846677056,0.07750254991455016,0.9980610744871451,0.5011851394739588,0.920620232666213,0.963855421686747,0.3795180722891566,0.1566265060240964,0.3795180722891566,3.199999125196797
CCN(CCCOc1ccc2c(Nc3cc(CC(=O)Nc4cccc(F)c4)[nH]n3)ncnc2c1)CCOP(=O)(O)O,233,0.5243305285980536,0.05274405695063035,0.9986027583170501,0.06894436285543329,0.9907299683639321,0.2575107296137339,0.04291845493562232,0.017167381974248927,0.04291845493562232,4.908919530652666
CCN(CCO)CCCOc1ccc2c(Nc3cc(CC(=O)Nc4cccc(F)c4)[nH]n3)ncnc2c1,384,0.20119670507353868,0.03477935196385913,0.9992963340163128,0.20383662281261677,0.9751060670240985,0.3463541666666667,0.049479166666666664,0.018229166666666668,0.049479166666666664,4.164309428507574
CCN1C(=O)N(C)c2cnc(Nc3ccc(C(=O)NC4CCN(C)CC4)cc3OC)nc2N1C1CCCC1,131,0.7287464075611728,0.039223916857894454,0.9993809472818359,0.4738310589030226,0.8178606337321929,0.8396946564885496,0.03816793893129771,0.015267175572519083,0.03816793893129771,2.6999740327827837
CCN1CCN(CCCC(=O)Nc2n[nH]c3nnc(-c4cccc(F)c4F)cc23)CC1,118,0.7561705333269804,0.04121294460778657,0.9993578052003725,0.6309263702114919,0.7322355663207111,0.8559322033898306,0.059322033898305086,0.00847457627118644,0.059322033898305086,2.2999801624894243
CCN1CCN(Cc2ccc(-c3cc4c(N[C@H](C)c5ccccc5)ncnc4[nH]3)cc2)CC1,221,0.536395741262443,0.026640832333816786,0.9990368508089748,0.22669679432750192,0.9723901916906265,0.07239819004524888,0.03167420814479638,0.01809954751131222,0.03167420814479638,3.807893007917361
CCN1CCN(Cc2ccc(NC(=O)Nc3ccc(Oc4cc(NC)ncn4)cc3)cc2C(F)(F)F)CC1,367,0.28555542082231505,0.09672401978625128,0.9972938655813642,0.5183159670105012,0.9479406900259202,0.6403269754768393,0.37057220708446864,0.16621253405994552,0.37057220708446864,4.137601816044464
CCN1CCN(Cc2ccc(Nc3ncc(F)c(-c4cc(F)c5nc(C)n(C(C)C)c5c4)n3)nc2)CC1,216,0.5713832321088093,0.07926768378929394,0.9965357029876231,0.5069470463302461,0.9420071582350011,0.2037037037037037,0.13425925925925927,0.09259259259259259,0.13425925925925927,4.176091259055681
CCN1CCN(c2ccc(Nc3nccc(-c4c(-c5cccc(C(=O)Nc6ccccc6F)c5)nc5ccccn45)n3)cc2)CC1,126,0.7548573596518892,0.0972524990355289,0.9968650291412854,0.6230672162630876,0.8788877341095975,0.9285714285714286,0.42857142857142855,0.21428571428571427,0.42857142857142855,2.90005622517403
CCNC(=O)C#Cc1ccc2c(c1)NC(=O)/C2=C(\Nc1ccc(CN(C)C)cc1)c1ccccc1,205,0.5885937701976547,0.06881711888639883,0.9976330738793695,0.5193118715379066,0.9271687297053971,0.23414634146341465,0.15121951219512195,0.03902439024390244,0.15121951219512195,3.353134621538759
CCNC(=O)c1cnc(N)c2c(-c3ccc(NC(=O)Nc4cccc(F)c4)cc3)csc12,128,0.7479504714498594,0.08632045900574002,0.9972492058573714,0.5357002521336435,0.9157941145822603,0.8828125,0.265625,0.15625,0.265625,3.2999710547891654
CCOC(=O)C1=c2sc(=Cc3ccco3)c(=O)n2C(N)=C(C#N)C1c1ccco1,137,0.7173878391609135,0.042831805625284027,0.9993418137494037,0.7312683495524789,0.6978779132095708,0.8978102189781022,0.072992700729927,0.014598540145985401,0.072992700729927,2.0000076363593218
CCOC(=O)c1ccc2[nH]c3c(c2c1)CCNC3=O,132,0.7274878913244119,0.042078648291871995,0.9993899111809911,0.800139967966297,0.6278592301581882,0.9015151515151515,0.09090909090909091,0.015151515151515152,0.09090909090909091,1.6500155050937861
CCOc1cc2ncc(C#N)c(Nc3ccc(F)c(Cl)c3)c2cc1NC(=O)/C=C/CN(C)C,335,0.3164412971414104,0.053220184697356454,0.9988827258296925,0.43465515846525327,0.9346671448773237,0.28955223880597014,0.0955223880597015,0.023880597014925373,0.0955223880597015,3.323892334883668
CCOc1cc2ncc(C#N)c(Nc3ccc(OCc4ccccn4)c(Cl)c3)c2cc1NC(=O)/C=C/CN(C)C,384,0.2200124945730278,0.057515097609075215,0.9984410864245015,0.3916848097615802,0.9647058592846989,0.2630208333333333,0.14322916666666666,0.057291666666666664,0.14322916666666666,4.187086643357144
CCOc1ccc(NC(=O)Nc2ccc(-c3csc4c(-c5cnn(C)c5)cnc(N)c34)cc2)cc1,122,0.7622948033017922,0.0959408912461601,0.9964968577116649,0.4120077997702555,0.949222651488844,0.8934426229508197,0.28688524590163933,0.18032786885245902,0.28688524590163933,4.199980178878262
CCOc1ccn(-c2ccc(F)cc2)c(=O)c1C(=O)Nc1ccc(Oc2ccnc(N)c2Cl)c(F)c1,212,0.5711953281041455,0.06148411434114877,0.9977415658757943,0.3772472784820927,0.9657786160513029,0.20754716981132076,0.10849056603773585,0.03773584905660377,0.10849056603773585,3.9268929016645693
CCOc1nc(C(=O)NCc2ccc(S(C)(=O)=O)cc2)cc(N)c1C#N,146,0.6972425297521355,0.03781187537664974,0.9993617183343192,0.4120736317784664,0.8802263207859612,0.9041095890410958,0.0547945205479452,0.02054794520547945,0.0547945205479452,2.660626924674956
CCOc1nc(C(=O)NCc2ccc(S(C)(=O)=O)cc2)cc(N)c1Cl,143,0.7044224810641146,0.040923295201043396,0.9993200216828956,0.4440987762800505,0.8530409788328115,0.9230769230769231,0.04195804195804196,0.013986013986013986,0.04195804195804196,2.814891432209178
CCOc1nc(C(=O)NCc2ccccc2S(N)(=O)=O)cc(N)c1C#N,142,0.7067554683355406,0.04179251625134376,0.9992257210763894,0.3865156168967153,0.9073215895034622,0.8943661971830986,0.07746478873239436,0.02112676056338028,0.07746478873239436,2.8659066706352263
CCOc1nc(NC(=O)Cc2cc(OC)c(S(C)(=O)=O)cc2OC)cc(N)c1C#N,145,0.7000848304862911,0.04027145755613126,0.9993375856709514,0.465473784500886,0.8443743094399113,0.9241379310344827,0.041379310344827586,0.020689655172413793,0.041379310344827586,2.77154733722241
CCOc1nc(NC(=O)Cc2cc(OC)c(S(C)(=O)=O)cc2OC)cc(N)c1Cl,146,0.6985528677222018,0.04197623714453195,0.9992691194524493,0.457137851790519,0.8537836359041014,0.910958904109589,0.0410958904109589,0.02054794520547945,0.0410958904109589,2.783287885147171
CCOc1nc(NC(=O)Cc2cc(OC)ccc2OC)cc(N)c1C#N,128,0.7358315381868816,0.04238932592744598,0.999211085055129,0.4118691092169914,0.874847295221482,0.8984375,0.0546875,0.015625,0.0546875,2.8228785081709837
CCOc1nc(NC(C)=O)cc(N)c1C#N,126,0.7372410242727858,0.032379644941052214,0.999614407157386,0.9034686332886028,0.4817982854748048,0.9206349206349206,0.047619047619047616,0.0,0.047619047619047616,1.210439398085997
CCS(=O)(=O)N1CC(CC#N)(n2cc(-c3ncnc4[nH]ccc34)cn2)C1,214,0.5598361201454204,0.04562598012838844,0.9983022086067824,0.35716528161752,0.9583828356364353,0.1261682242990654,0.09345794392523364,0.014018691588785047,0.09345794392523364,3.721246399047171
CCS(=O)(=O)N1CCN(c2ccc(Nc3ncc(C(N)=O)c(NC4CC4)n3)cc2)CC1,220,0.5702095786792021,0.09353292957795357,0.9959190573554152,0.4597321221725868,0.9555875994841447,0.2545454545454545,0.17727272727272728,0.10454545454545454,0.17727272727272728,4.574031267727719
CCS(=O)(=O)Nc1ccc(-c2ccc3[nH]nc(N)c3c2)cc1,133,0.7245668225947113,0.03909026830034598,0.9994630107261886,0.7768154441801975,0.6250957015315782,0.9022556390977443,0.05263157894736842,0.007518796992481203,0.05263157894736842,1.899988751621307
CCS(=O)(=O)c1cccc(-c2cc(C(=O)NC3CCN(C)CC3)c(C)c3[nH]c4ncc(C)cc4c23)c1,212,0.5808056509167692,0.08251802842160776,0.9973268033786229,0.5907089907149901,0.9055070453499019,0.33490566037735847,0.19339622641509435,0.04245283018867924,0.19339622641509435,3.3010299956639813
CC[C@@H]1C(=O)N(C)c2cnc(Nc3ccc(C(=O)NC4CCN(C)CC4)cc3OC)nc2N1C1CCCC1,390,0.19173965315658642,0.038377433499118194,0.9991236147216496,0.2460491902540417,0.9777793426677132,0.18717948717948718,0.07179487179487179,0.017948717948717947,0.07179487179487179,4.080921907623926
CC[C@@H]1C(=O)N(C)c2cnc(Nc3ccc(C(=O)N[C@H]4CC[C@H](N5CCN(CC6CC6)CC5)CC4)cc3OC)nc2N1C(C)C,220,0.5338020156529317,0.016746069377092165,0.9993123285178748,0.16845302931766726,0.962559049791622,0.03636363636363636,0.02727272727272727,0.00909090909090909,0.02727272727272727,3.778151250383644
CC[C@@](C)(Nc1ccnc(-c2c[nH]c3ncccc23)n1)C(=O)NCC(F)(F)F,203,0.5833214500912745,0.04759188592291318,0.9982227205612739,0.3715022473949656,0.957605928359209,0.13793103448275862,0.07389162561576355,0.03940886699507389,0.07389162561576355,3.778151250383644
CC[C@H](CO)Nc1nc(NCc2ccccc2)c2ncn(C(C)C)c2n1,333,0.2984216606924749,0.02242537706098594,0.9997307982967478,0.9033311966320414,0.3760256373955521,0.057057057057057055,0.015015015015015015,0.0,0.015015015015015015,1.4948500216800937
CC[C@H](Nc1ncnc2[nH]cnc12)c1nc2cccc(F)c2c(=O)n1-c1ccccc1,222,0.522556313766796,0.002099682827898059,0.9999519798157772,0.9461741433792858,0.1269266333782463,0.009009009009009009,0.0,0.0,0.0,1.4771212547196626
CCc1c(-c2ccc(C(C)(C)O)cc2)[nH]c2nccnc12,145,0.7021453035370929,0.04686497131869756,0.9992509664617301,0.7585666213239285,0.7071810029273994,0.9241379310344827,0.15172413793103448,0.013793103448275862,0.15172413793103448,1.8000084393922817
CCc1cc2c(cc1N1CCC(N3CCOCC3)CC1)C(C)(C)c1[nH]c3cc(C#N)ccc3c1C2=O,230,0.5159532197080865,0.023488234541530904,0.9991887852909663,0.4188859221320072,0.9073257396205385,0.06521739130434782,0.030434782608695653,0.013043478260869565,0.030434782608695653,3.0268721464003017
CCc1cccc(NC(=O)Nc2ccc3c(c2)CCc2sc4ncnc(N)c4c2-3)c1,135,0.7302965608552332,0.07301929064317131,0.9980308961777906,0.4989440083263899,0.9247568587937165,0.9333333333333333,0.22962962962962963,0.1037037037037037,0.22962962962962963,3.0000565960942165
CCc1cnn2c(NCc3ccc[n+]([O-])c3)cc(N3CCCC[C@H]3CCO)nc12,222,0.5421628191468092,0.043079045423961924,0.9980575543611194,0.3694147970919715,0.9689408840890887,0.09009009009009009,0.08108108108108109,0.04054054054054054,0.08108108108108109,3.880524159093202
CCc1nc(-c2cccc(C)c2)c(-c2ccnc(NC(=O)c3ccccc3)c2)s1,143,0.7079131830338554,0.05224976872523735,0.9990180564369242,0.6690064596592529,0.7986767125757911,0.8671328671328671,0.13286713286713286,0.02097902097902098,0.13286713286713286,2.1999801788782616
CCc1nc(C(N)=O)c(Nc2ccc(N3CCC(N4CCN(C)CC4)CC3)c(OC)c2)nc1NC1CCOCC1,207,0.5985111516493219,0.10004432060524324,0.9961014091084018,0.3394746778903645,0.9718084101543216,0.34782608695652173,0.24154589371980675,0.07729468599033816,0.24154589371980675,4.933053210369387
CCc1nccn2c(-c3ccnc(NCC(C)(C)O)n3)c(-c3ccc(F)cc3F)nc12,133,0.7248439942361923,0.04005724304957349,0.9993740825827555,0.3899848119961201,0.8449782338644722,0.8646616541353384,0.045112781954887216,0.007518796992481203,0.045112781954887216,2.8000152350051906
CCn1c(-c2nonc2N)nc2c(C#CC(C)(C)O)ncc(OC[C@H]3CCCNC3)c21,382,0.21788419118603422,0.04999545735685825,0.9985397940605523,0.46149296482060187,0.9593783374504784,0.18324607329842932,0.1256544502617801,0.049738219895287955,0.1256544502617801,3.6989700043360187
CCn1c(-c2nonc2N)nc2cnc(Oc3cccc(NC(=O)c4ccc(OCCN5CCOCC5)cc4)c3)cc21,131,0.7381543444715917,0.07254668576197346,0.9980872546544232,0.46427436958234314,0.9292162253233981,0.9083969465648855,0.26717557251908397,0.11450381679389313,0.26717557251908397,3.0695505747387095
CCn1c(=O)c(-c2cc[nH]n2)cc2c(C)nc(N)nc21,200,0.570044373973144,0.0025029476176942978,0.9998970739641724,0.6404506101228474,0.4848519014417974,0.005,0.005,0.0,0.005,2.2812216023104286
CCn1c(C(=O)N(C2CC2)C2CC2)cc2c3c(ncn3C)c(Nc3cc(C)n(C)n3)nc21,216,0.5389086531422594,0.009507477120409181,0.9995567864994804,0.09697762280895915,0.9656511198507481,0.018518518518518517,0.013888888888888888,0.004629629629629629,0.013888888888888888,3.832505206758281
CCn1c(C)c(-c2ccnc(Nc3cccc(OC)c3)n2)sc1=O,138,0.7233303863967198,0.06974854556578255,0.9983926452467126,0.6404957369309092,0.8497628051403965,0.9565217391304348,0.463768115942029,0.14492753623188406,0.463768115942029,2.400007822415901
CCn1c2cc(Cl)c(F)cc2c(=O)c2c(=O)o[nH]c21,138,0.7142983731096474,0.03938003712229263,0.9994002790598114,0.5970164286585583,0.761432350921388,0.8623188405797102,0.043478260869565216,0.014492753623188406,0.043478260869565216,2.357577116732376
CCn1cc(-c2ccnc3[nH]c(-c4cccc(CN(C)C)c4)cc23)c(-c2ccc(NC(=O)N(C)C)cc2)n1,224,0.5422217076832029,0.05174496591520625,0.9980861205191468,0.3403409138526542,0.9696153015092405,0.15625,0.08035714285714286,0.04017857142857143,0.08035714285714286,3.982618946870394
CN(C(=O)C1CCCCC1)c1ccc2c(c1)nc(NC(=O)c1ccc(C#N)cc1)n2C,134,0.7247464144750749,0.04688310683906515,0.9992035769646234,0.5224276772980451,0.8039891918859107,0.8731343283582089,0.1044776119402985,0.007462686567164179,0.1044776119402985,2.5000003213429354
CN(C)C(=O)Nc1ccc2nc(-c3ccco3)c(-c3ccco3)nc2c1,116,0.7589363123964337,0.03574524958573477,0.9995447400065169,0.8672838688910388,0.5296624924281569,0.896551724137931,0.05172413793103448,0.0,0.05172413793103448,1.4499979403423993
CN(C)C(=O)c1c(-c2ccc3[nH]ncc3c2)nnn1Cc1ccccc1,135,0.7238414768322716,0.05083292777906741,0.9990939983640412,0.5793953361512197,0.8019478373630134,0.9111111111111111,0.17037037037037037,0.014814814814814815,0.17037037037037037,2.4000006169763797
CN(C)C(=O)c1cc2cnc(Nc3ccc(N4CCNCC4)cn3)nc2n1C1CCCC1,211,0.5513494982091327,0.013394157199230023,0.9995901614422156,0.5951986187612237,0.7142347524640708,0.037914691943127965,0.023696682464454975,0.0,0.023696682464454975,2.333410756839747
CN(C)C/C=C/C(=O)Nc1cc2c(Nc3ccc(F)c(Cl)c3)ncnc2cc1O[C@H]1CCOC1,386,0.18747289166388176,0.023283475989743917,0.9994768251935746,0.1124792063941496,0.9823893663524697,0.09585492227979274,0.02849740932642487,0.010362694300518135,0.02849740932642487,4.354982694318741
CN(C)C1CCN(C(=O)c2ccc(NC(=O)Nc3ccc(-c4nc(N5CCOCC5)nc(N5CCOCC5)n4)cc3)cc2)CC1,216,0.5365549082245924,0.004451284334309658,0.9996881134734612,0.018006335569306642,0.9866579108982166,0.004629629629629629,0.004629629629629629,0.004629629629629629,0.004629629629629629,4.3884973365918505
CN(C)CC(=O)N1CCC(c2ccc(NC(=O)c3nc(C#N)c[nH]3)c(C3=CCCCC3)c2)CC1,363,0.275236331965197,0.07358032515661549,0.9982879569885396,0.5528688255332604,0.9251383478118037,0.5344352617079889,0.26721763085399447,0.08264462809917356,0.26721763085399447,3.6409138221142747
CN(C)CC(=O)NC(COc1cncc(-c2ccc3cnccc3c2)c1)Cc1c[nH]c2ccccc12,137,0.719600063720999,0.05032430340542767,0.9991014730772311,0.6893211894793052,0.7733464878997149,0.927007299270073,0.1386861313868613,0.021897810218978103,0.1386861313868613,1.9999809819112215
CN(C)CC(=O)Nc1n[nH]c2ccc(-c3cn(Cc4ccccc4)nn3)cc12,119,0.7569484583462028,0.05230323254317729,0.9989174350311618,0.47236261712038174,0.8836628962900592,0.8823529411764706,0.11764705882352941,0.03361344537815126,0.11764705882352941,2.699970962098802
CN(C)CC(C)(C)CNc1nccc(-c2c(-c3ccc(F)cc3)nc3cnccn23)n1,133,0.7241044199909006,0.037477074253969386,0.9994757772535295,0.5312935152282479,0.753044934899393,0.8721804511278195,0.03007518796992481,0.007518796992481203,0.03007518796992481,2.4999705310008125
CN(C)CC(C)(C)CNc1nccc(-c2c(-c3ccc(F)cc3)nc3occn23)n1,133,0.7245221342098125,0.03893436295754113,0.9994476650155157,0.6520781957705025,0.6967291997154127,0.8721804511278195,0.03759398496240601,0.007518796992481203,0.03759398496240601,2.2999801624894243
CN(C)CCCC(=O)Nc1n[nH]c2nnc(-c3cccc(F)c3F)cc12,133,0.7254693958850655,0.04223909541857454,0.999334927075012,0.5720974194105861,0.7735386373602313,0.8646616541353384,0.06015037593984962,0.015037593984962405,0.06015037593984962,2.500509264225517
CN(C)CCN1CCN(C(=O)c2cc(C(C)(C)C)sc2NC(=O)Nc2cccc(Cl)c2Cl)CCC1=O,139,0.7060808773726553,0.018859907200806797,0.9993872014713245,0.2476650492878532,0.9242429232982857,0.06474820143884892,0.014388489208633094,0.014388489208633094,0.014388489208633094,3.134698573897456
CN(C)C[C@@H]1CCn2cc(c3ccccc32)C2=C(C(=O)NC2=O)c2cn(c3ccccc23)CCO1,386,0.2077114915028826,0.047611741081185224,0.9989719148012226,0.4132129718566087,0.927738287616241,0.24093264248704663,0.11917098445595854,0.025906735751295335,0.11917098445595854,3.6020599913279625
CN(C)c1cc2sncc2cc1NC(=O)C(=O)O,138,0.715432501360833,0.04319333790888847,0.9993585335447822,0.7618858929400096,0.6672027150617713,0.8913043478260869,0.09420289855072464,0.007246376811594203,0.09420289855072464,2.0000076363593218
CN(C)c1ccc(C(=O)Nc2cccc(NC(=O)COc3ccc4c(=O)ccoc4c3)c2)cc1,305,0.347253291440501,0.006968941732434258,0.9997308437997203,0.21779664147055341,0.928413865588752,0.01639344262295082,0.013114754098360656,0.009836065573770493,0.013114754098360656,3.5228787452803374
CN(C)c1ccc(CNC(=O)c2cc3c(-c4ccccc4)n[nH]c3s2)cc1,134,0.7238576794760281,0.04380569609609732,0.9993376306479735,0.7746399412751077,0.6323857209220607,0.8955223880597015,0.1044776119402985,0.007462686567164179,0.1044776119402985,1.9500078900590792
CN(C)c1cccc2c(S(=O)(=O)N(CCN)c3cncc(-c4ccc5cnccc5c4)c3)cccc12,134,0.7268828595741386,0.05428094658507654,0.998915360923812,0.48360524541242955,0.8800784994109785,0.9253731343283582,0.14925373134328357,0.03731343283582089,0.14925373134328357,2.749989406837546
CN(C[C@@H]1COCCO1)S(=O)(=O)Nc1ccc2ccc3ncc(-c4cnn(C)c4)cc3c(=O)c2c1,213,0.5597376775505578,0.04093090320872694,0.998353303790409,0.44478798873523645,0.944698475364659,0.10328638497652583,0.06572769953051644,0.04225352112676056,0.06572769953051644,3.4771212547196626
CN(c1ncccc1CNc1nc(Nc2ccc3c(c2)CC(=O)N3)ncc1C(F)(F)F)S(C)(=O)=O,268,0.4707303869517527,0.08365261024482552,0.9979061833199551,0.32741976959816216,0.9565298966510067,0.5671641791044776,0.1865671641791045,0.041044776119402986,0.1865671641791045,3.888560375418323
CN1C(=O)[C@@H](N2CCc3c(nn(Cc4ccccc4)c3Br)C2=O)COc2ccccc21,282,0.3932444875813722,0.0016505043892080283,0.9999403070441528,0.4133457839256011,0.6918687475458026,1.0,0.0035460992907801418,0.0035460992907801418,0.0035460992907801418,2.8072415483004853
CN1C(=O)[C@@H](N2CCc3cn(CC4CCS(=O)(=O)CC4)nc3C2=O)COc2ccccc21,327,0.29540905012688473,0.00021345339105353065,0.9999986784140223,0.9998668915206916,0.0018932112861565758,1.0,0.0,0.0,0.0,0.0
CN1C(=O)[C@@H](N2CCc3cn(Cc4ccccc4)nc3C2=O)COc2ccccc21,282,0.39297587508247256,0.0012085320505931655,0.9999669267168602,0.8183621991112032,0.28397551276635263,1.0,0.0035460992907801418,0.0035460992907801418,0.0035460992907801418,2.054605119498932
CN1C/C=C/CCOc2cccc(c2)-c2ccnc(n2)Nc2cccc(c2)C1,204,0.5870525630866809,0.06074700623637221,0.9978934436089791,0.23281565869061213,0.9740077924441939,0.20098039215686275,0.10294117647058823,0.03431372549019608,0.10294117647058823,4.278151250383644
CN1CCC(C(=O)n2nc(N)c3cc(-c4cn(Cc5ccccc5)nn4)ccc32)CC1,135,0.7209476384644391,0.040886698129627745,0.9994094842955261,0.7125260378915598,0.6753875028795442,0.8666666666666667,0.06666666666666667,0.007407407407407408,0.06666666666666667,2.1000379483472296
CN1CCC(CNc2ccc3ncc(-c4cccc(OC(F)(F)F)c4)n3n2)CC1,219,0.5394367300028883,0.024194715622557966,0.9990852883925518,0.36331093999180974,0.9420412434786418,0.0730593607305936,0.0319634703196347,0.0228310502283105,0.0319634703196347,3.2730012720637376
CN1CCC(COc2cnc(-c3cccc(Cn4nc(-c5cccc(C#N)c5)ccc4=O)c3)nc2)CC1,213,0.5425914306721445,0.0035794546097420135,0.9997918510244836,0.111301844700345,0.9293026736592238,0.004694835680751174,0.004694835680751174,0.004694835680751174,0.004694835680751174,3.4771212547196626
CN1CCC(NC(=O)c2cc3c(-c4ccccc4)n[nH]c3s2)CC1,131,0.7299848579649065,0.04361048928028001,0.9993305244326899,0.8091587722891279,0.6260011493182843,0.9083969465648855,0.08396946564885496,0.007633587786259542,0.08396946564885496,1.7000152513940288
CN1CCC(c2c(O)cc(O)c3c(=O)cc(-c4ccccc4Cl)oc23)C(O)C1,150,0.6931651547915126,0.050857545488412766,0.9989257428805279,0.21676008261328664,0.9679091372613345,0.9533333333333334,0.15333333333333332,0.04,0.15333333333333332,3.5999712577322445
CN1CCN(C2CCC(n3cc(-c4ccc(Oc5ccccc5)cc4)c4c(N)ncnc43)CC2)CC1,132,0.7401861089249533,0.08671480713013899,0.997263764595769,0.3919031754533768,0.9525713924999525,0.9696969696969697,0.29545454545454547,0.16666666666666666,0.29545454545454547,3.8228782413973192
CN1CCN(C2CCN(C(=O)Nc3cc(Oc4ccc(NC(=O)C5(C(=O)Nc6ccc(F)cc6)CC5)c(F)c4)ccn3)CC2)CC1,226,0.5419708276479319,0.05962152225062134,0.9977563976591481,0.3980179446343244,0.9611524642260214,0.168141592920354,0.11504424778761062,0.03982300884955752,0.11504424778761062,3.8750612633917
CN1CCN(CCCNc2cccc(-c3nc4c(C(N)=O)cccc4[nH]3)n2)CC1,132,0.7258698591604306,0.0363910200790897,0.9995295645390009,0.8423183433380406,0.557250524894044,0.8787878787878788,0.030303030303030304,0.0,0.030303030303030304,1.6000085640098982
CN1CCN(CCOc2cc(OC3CCOCC3)c3c(Nc4c(Cl)ccc5c4OCO5)ncnc3c2)CC1,224,0.5500067116706192,0.06787104560342533,0.9973891051178461,0.40130792391870834,0.9652963116025375,0.19196428571428573,0.11160714285714286,0.05357142857142857,0.11160714285714286,4.176091259055681
CN1CCN(Cc2ccc3c(c2)Cc2c(-c4csc(C#CCOCC5CC5)c4)n[nH]c2-3)CC1,121,0.7558949564894514,0.06392776703392927,0.998195544103387,0.25333318685535644,0.9723702580537114,0.9173553719008265,0.15702479338842976,0.05785123966942149,0.15702479338842976,4.000007636359319
CN1CCN(c2ccc(C(=O)Nc3n[nH]c4ccc(Cc5cc(F)cc(F)c5)cc34)c(NC3CCOCC3)c2)CC1,256,0.4891296739527909,0.07404753403943357,0.9977671765115682,0.35997393386450743,0.9736345191048126,0.33203125,0.10546875,0.0390625,0.10546875,4.277091988165893
CN1CCN(c2ccc3nc(-c4c(N)c5c(F)cccc5[nH]c4=O)[nH]c3c2)CC1,396,0.21244424167217224,0.07720739428254525,0.99824262471569,0.5308731709766844,0.9284604782271236,0.5858585858585859,0.255050505050505,0.0707070707070707,0.255050505050505,3.482326338908094
CN1CCN(c2cccc(Nc3nccc(-c4c(C(N)=O)nc5ccccn45)n3)c2)CC1,127,0.7385348217212765,0.04472564786356109,0.9992559104278562,0.6943586025430027,0.7177590822095936,0.8661417322834646,0.07874015748031496,0.015748031496062992,0.07874015748031496,2.0000076363593218
CN1CCN(c2nc(C3=C(c4c[nH]c5ccccc45)C(=O)NC3=O)c3ccccc3n2)CC1,280,0.43919493554509964,0.07066589318902226,0.9981630100802278,0.34487476651009114,0.974065086352157,0.4107142857142857,0.07857142857142857,0.03571428571428571,0.07857142857142857,4.038560534331541
CN1CC[C@@H](c2c(O)cc(O)c3c(=O)cc(-c4ccccc4Cl)oc23)[C@@H]1CO,216,0.5448802706276559,0.022335396163112392,0.9992357665688366,0.3217075528950988,0.9354275016185216,0.07407407407407407,0.023148148148148147,0.013888888888888888,0.023148148148148147,3.154901959985742
CN1CC[C@H](c2c(O)cc(O)c3c(=O)cc(-c4ccccc4Cl)oc23)[C@H](O)C1,387,0.21218900693727058,0.05544108325295492,0.9987616499241642,0.2917956528713255,0.964872362825415,0.3281653746770026,0.13953488372093023,0.03875968992248062,0.13953488372093023,4.161150909262744
CN1N=C(N)c2cn([C@@H]3O[C@H](COP(=O)(O)O)[C@@H](O)[C@H]3O)c3ncnc1c23,194,0.5818965517241379,0.0,1.0,1.0,0.0,0.0,0.0,0.0,0.0,0.0
CNC(=O)C(C)n1cc(-c2cnc(N)c3c(-c4ccc(NC(=O)Nc5ccc(C)cc5)cc4)csc23)cn1,124,0.7606013360577789,0.10418564460330133,0.996004825036705,0.5688567286845285,0.9015268640055788,0.9032258064516129,0.27419354838709675,0.25,0.27419354838709675,3.64998899422457
CNC(=O)C=Cc1cnc(N)c2c(-c3cc(F)c4[nH]c(C)cc4c3)csc12,121,0.762182131923271,0.08803726621816257,0.9971744366884517,0.4699241324850323,0.9355064202521518,0.9338842975206612,0.2975206611570248,0.18181818181818182,0.2975206611570248,3.4999701368728484
CNC(=O)C=Cc1cnc(N)c2c(-c3ccc4c(c3)OCO4)csc12,133,0.7346859606163245,0.07439312575920669,0.9980087521583609,0.5187149814094768,0.9079704326861294,0.9323308270676691,0.22556390977443608,0.11278195488721804,0.22556390977443608,3.0000565960942165
CNC(=O)C=Cc1cnc(N)c2c(-c3ccc4sc(C)nc4c3)csc12,133,0.7330052134305233,0.06852946640423152,0.9981836441725995,0.525309687407961,0.9113086208572588,0.9022556390977443,0.18796992481203006,0.09774436090225563,0.18796992481203006,3.000007636359321
CNC(=O)CN1CCC(Oc2cc3c(Nc4cccc(Cl)c4F)ncnc3cc2OC)CC1,221,0.5367685375601444,0.0274235358728825,0.9988010230422779,0.23175665968201145,0.9806535874350345,0.06787330316742081,0.04072398190045249,0.01809954751131222,0.04072398190045249,4.176091259055681
CNC(=O)COc1ccc(Nc2nc(Nc3ccc(C)c(S(N)(=O)=O)c3)ncc2F)cc1,128,0.7430667071134396,0.0686168132862183,0.9984688905366254,0.7112328375556903,0.7942819882699056,0.921875,0.375,0.09375,0.375,1.999969858643027
CNC(=O)c1c(F)cccc1Nc1nc(Nc2cc3c(cc2OC)CCN3C(=O)CN(C)C)nc2[nH]ccc12,364,0.24779692758479174,0.04114773186632794,0.9988108475832714,0.2921731399272327,0.9771976046583675,0.1813186813186813,0.09615384615384616,0.04395604395604396,0.09615384615384616,4.280333653084869
CNC(=O)c1cc(COc2nnc(Nc3ccc(Cl)cc3)c3ccoc23)ccn1,216,0.5433072015043132,0.01895621063889502,0.9989186198113296,0.18396113952293702,0.9858781607203048,0.027777777777777776,0.027777777777777776,0.023148148148148147,0.027777777777777776,4.477121254719663
CNC(=O)c1cc(Oc2ccc(NC(=O)Nc3cc(C(C)(C)C)nn3-c3ccc4ncccc4c3)c(F)c2)ccn1,220,0.5594160140694653,0.07076832058287225,0.9976363615692942,0.3402378128008944,0.9654345170267541,0.2545454545454545,0.12727272727272726,0.03636363636363636,0.12727272727272726,4.176091259055681
CNC(=O)c1cc(Oc2ccc(NC(=O)Nc3ccc(Cl)c(C(F)(F)F)c3)c(F)c2)ccn1,223,0.5481152032905552,0.05975540056868874,0.9975610390246775,0.37341831908107587,0.9690204293769048,0.15695067264573992,0.12556053811659193,0.04035874439461883,0.12556053811659193,4.176091259055681
CNC(=O)c1cc(Oc2ccc(NC(=O)Nc3ccc(Cl)c(C(F)(F)F)c3)cc2)ccn1,395,0.19776766816831,0.05763088108885034,0.9987074815220877,0.44671271026007936,0.9468037926591913,0.48860759493670886,0.1291139240506329,0.05063291139240506,0.1291139240506329,3.8239087409443187
CNC(=O)c1cc(Oc2ccc(NC(=O)Nc3cccc(C(F)(F)F)c3)cc2)ccn1,129,0.7407083852009738,0.06735419173063481,0.9982099467237054,0.42571237170354137,0.9391018526977908,0.8682170542635659,0.17829457364341086,0.07751937984496124,0.17829457364341086,3.3000569139206526
CNC(=O)c1cc2c(-c3ccccc3F)n[nH]c2s1,131,0.731896648073451,0.05038202065710886,0.9991667494805566,0.8547259094930244,0.6140440107559582,0.9236641221374046,0.22900763358778625,0.0,0.22900763358778625,1.2000082625722994
CNC(=O)c1ccc(-c2cnc3ncc(Cc4ccc5ncccc5c4)n3n2)cc1F,213,0.5439343361924889,0.006504845039036914,0.9995488781123859,0.003529847055735062,0.9939108347278814,0.009389671361502348,0.004694835680751174,0.004694835680751174,0.004694835680751174,5.181588951206413
CNC(=O)c1ccc(C)c(-n2c(C)cc(OCc3ccc(F)cc3F)c(Br)c2=O)c1,205,0.563380475251106,0.011748978129332554,0.9994974062331535,0.0712254802912739,0.9772341371906778,0.01951219512195122,0.014634146341463415,0.00975609756097561,0.014634146341463415,4.0377885608894
CNC(=O)c1ccc(Nc2ncc(C(F)(F)F)c(NCc3nccnc3N(C)S(C)(=O)=O)n2)cc1,222,0.5482411162628724,0.055783233990868666,0.9981448060079982,0.13194792706666766,0.9855019893043588,0.1981981981981982,0.08558558558558559,0.02702702702702703,0.08558558558558559,4.627636252551653
CNC(=O)c1cccc(-c2ccc3c(N4CCOC[C@@H]4C)nc(N4CCOC[C@@H]4C)nc3n2)c1,223,0.5216065641059199,0.004598411413214496,0.9996629080965046,0.010046722407353062,0.9909039291420865,0.004484304932735426,0.004484304932735426,0.004484304932735426,0.004484304932735426,4.680478221209434
CNC(=O)c1cccc2cc(Oc3ccnc4cc(OCC5(N)CC5)c(OC)cc34)ccc12,217,0.546183342904012,0.029627055794753894,0.9985760179683036,0.33988732177088576,0.9685996545365475,0.055299539170506916,0.05069124423963134,0.03225806451612903,0.05069124423963134,3.778151250383644
CNC(=O)c1ccccc1Nc1nc(Nc2ccc(N3CCOCC3)cc2OC)ncc1Cl,157,0.687455360783271,0.07630119365246944,0.9980625104726312,0.5532515615719482,0.9107175427938253,0.9681528662420382,0.4140127388535032,0.12738853503184713,0.4140127388535032,3.0999733950889343
CNC(=O)c1ccccc1Sc1ccc2c(/C=C/c3ccccn3)n[nH]c2c1,385,0.21567421051865726,0.054734632936771416,0.9985024781194846,0.29952602451885385,0.9850527552067618,0.2597402597402597,0.0987012987012987,0.03896103896103896,0.0987012987012987,4.6989700043360205
CNC(=O)c1ccccc1Sc1ccc2c(C=Cc3ccccn3)n[nH]c2c1,146,0.7072973007586146,0.06976676405477497,0.9981187797642883,0.3811744093141208,0.9521861816428694,0.9452054794520548,0.21232876712328766,0.0958904109589041,0.21232876712328766,3.5999712577322445
CNC(=O)c1cnc(N)c2c(-c3ccc(NC(=O)Nc4cc(C)ccc4F)cc3)csc12,117,0.771971257832437,0.09568088576282698,0.9967296459939857,0.4593545508744814,0.9309964552847646,0.9230769230769231,0.358974358974359,0.19658119658119658,0.358974358974359,3.700037259600604
CNC(=O)c1nn(C)c2c1C(C)(C)Cc1cnc(Nc3ccc(N4CCN(C)CC4)cc3)nc1-2,231,0.5414200627705672,0.07886973647421305,0.997742990230262,0.4127744166632267,0.9503719558238763,0.354978354978355,0.16017316017316016,0.025974025974025976,0.16017316017316016,4.0
CNC1CC2OC(C)(C1OC)n1c3ccccc3c3c4c(c5c6ccccc6n2c5c31)C(=O)NC4,130,0.7404986724060691,0.07377987689550815,0.9981215430330952,0.7927685665479095,0.723729689578619,1.0,0.9076923076923077,0.8,0.9076923076923077,1.5000864592213663
CNS(=O)(=O)Nc1nccc(Cc2c(C)c3ccc(Oc4ncccn4)cc3oc2=O)c1F,210,0.5541549250147676,0.014894691461200656,0.9992743553618014,0.26011679070199323,0.9605060233391536,0.02857142857142857,0.01904761904761905,0.01904761904761905,0.01904761904761905,3.5338758921334215
CNS(=O)(=O)c1ccccc1Nc1nc(Nc2cc(N3CCN(C(C)=O)CC3)ccc2OC)ncc1Br,118,0.7678843900918616,0.08727421188664254,0.9975662754929888,0.6609200176911313,0.8402965933242738,0.9491525423728814,0.652542372881356,0.3135593220338983,0.652542372881356,2.2499734404360545
CNS(=O)(=O)c1ccccc1Nc1nc(Nc2cc(OC)c(OC)c(OC)c2)ncc1Cl,147,0.7119254459288854,0.09070344837416862,0.997379248117483,0.6683526688656312,0.8470769132329612,0.9727891156462585,0.7891156462585034,0.5102040816326531,0.7891156462585034,2.400022696953198
CN[C@@H]1C[C@H]2O[C@@](C)([C@@H]1OC)n1c3ccccc3c3c4c(c5c6ccccc6n2c5c31)C(=O)NC4,400,0.21466993099590403,0.08901711995524872,0.9978844966472697,0.7351906135681338,0.8258371618945586,0.955,0.85,0.65,0.85,2.4203302568284037
CN[C@@H]1C[C@H]2O[C@@](C)([C@@H]1OC)n1c3ccccc3c3c4c(c5c6ccccc6n2c5c31)C(=O)N[C@H]4O,218,0.5732866248374027,0.09176602717685702,0.9964178200241266,0.5239226830759321,0.9379798678894101,0.28440366972477066,0.24311926605504589,0.08256880733944955,0.24311926605504589,4.0
CN[C@H]1C[C@@H]2O[C@](C)([C@H]1OC)n1c3ccccc3c3c4c(c5c6ccccc6n2c5c31)C(=O)NC4,245,0.5317647145125155,0.11321970421962127,0.9956664230556814,0.6298609715924222,0.8925715652058709,0.9020408163265307,0.8244897959183674,0.5877551020408164,0.8244897959183674,2.7160033436348003
CNc1ncnc2c1N=C(c1ccc(NC(=O)Nc3cccc(C(F)(F)F)c3)cc1)CCN2,133,0.7263194346218003,0.04520464409410047,0.9992726298119997,0.7147980197350421,0.7136280016443568,0.8796992481203008,0.09022556390977443,0.015037593984962405,0.09022556390977443,1.9000387513801895
COC(=O)N[C@@H](C)CNc1nccc(-c2cn(C(C)C)nc2-c2cc(Cl)cc(NS(C)(=O)=O)c2F)n1,220,0.5410186202716791,0.031966544572996185,0.9987661238362842,0.15345969502774223,0.9819861297618584,0.08636363636363636,0.05909090909090909,0.01818181818181818,0.05909090909090909,4.279840696594043
COC(=O)[C@@]1(O)C[C@H]2O[C@]1(C)n1c3ccccc3c3c4c(c5c6ccccc6n2c5c31)C(=O)NC4,227,0.5639291416205967,0.1086481132685325,0.9960221758471016,0.613844741439295,0.9020181246241382,0.41409691629955947,0.29955947136563876,0.14096916299559473,0.29955947136563876,4.0
COC(=O)c1ccc2c(c1)NC(=O)/C2=C(\Nc1ccc(N(C)C(=O)CN2CCN(C)CC2)cc1)c1ccccc1,386,0.24877497263156106,0.09697302409596979,0.9974252127778466,0.6686931799671533,0.8880957367422482,0.5544041450777202,0.3860103626943005,0.17875647668393782,0.3860103626943005,3.238238689211979
COC(C(=O)N1Cc2[nH]nc(NC(=O)c3ccc(N4CCN(C)CC4)cc3)c2C1)c1ccccc1,150,0.7048898831983927,0.08712603869369494,0.9975097023607055,0.5589959973947768,0.9057341672025291,0.9533333333333334,0.37333333333333335,0.19333333333333333,0.37333333333333335,3.199973766009121
COCC(=O)NC/C=C/c1ccc2ncnc(Nc3ccc(Oc4ccc(C)nc4)c(C)c3)c2c1,334,0.2928062311080272,0.01755117135965456,0.9997846776265006,0.6491847427511072,0.5548358259554951,0.017964071856287425,0.005988023952095809,0.0029940119760479044,0.005988023952095809,2.430690783050254
COCC(C)(C)CNc1nccc(-c2c(-c3ccc(F)cc3)nc3c(C)nccn23)n1,126,0.7401742473403654,0.04318135528515505,0.9992645710191074,0.5382007971399088,0.8010834736782442,0.8571428571428571,0.06349206349206349,0.015873015873015872,0.06349206349206349,2.4000568975318153
COCCN(C)C(=O)c1c(-c2ccc3[nH]ncc3c2)nnn1Cc1ccccc1,133,0.7277367062105786,0.05014911038878567,0.9991236935806013,0.7187141286698502,0.747303652015171,0.8947368421052632,0.15037593984962405,0.015037593984962405,0.15037593984962405,1.9000387513801895
COCCN1CCN(Cc2ccc(-c3n[nH]c4c3C(=O)c3c(NC(=O)NN5CCOCC5)cccc3-4)cc2)CC1,211,0.585941413531023,0.08946358236205992,0.9961489203728073,0.49529254896074226,0.9481902175389992,0.24644549763033174,0.17061611374407584,0.08530805687203792,0.17061611374407584,4.176091259055681
COCCNCc1ccc(-c2cc3nccc(Oc4ccc(NC(=S)NC(=O)Cc5ccc(F)cc5)cc4F)c3s2)nc1,217,0.5484306658263365,0.03443239144433227,0.9987376931351749,0.0807480663025165,0.9863316509119417,0.0967741935483871,0.059907834101382486,0.013824884792626729,0.059907834101382486,4.477121254719663
COCCNc1nccc(-c2c(-c3ccc(F)cc3)nc3cnccn23)n1,133,0.7253390908851731,0.04178449752421299,0.999380142942176,0.5906589954359999,0.7429037793684632,0.8947368421052632,0.08270676691729323,0.007518796992481203,0.08270676691729323,2.3999705473896498
COCCOC1CCC(n2nc(-c3ccc(Nc4nc5cc(C)cc(C)c5o4)cc3)c3c(N)ncnc32)CC1,128,0.751102239614573,0.09774561860282611,0.9969493202095794,0.613227141715196,0.876012555977178,0.921875,0.46875,0.28125,0.46875,3.0500007914006755
COCCOCC#Cc1cc(-c2n[nH]c3c2C(=O)c2cc(CN4CCN(C)CC4)ccc2-3)cs1,138,0.71709432955247,0.048780934147435465,0.9989530478025648,0.10677532299243364,0.977585801562666,0.8623188405797102,0.09420289855072464,0.021739130434782608,0.09420289855072464,3.899988751621308
COCCn1cc(-c2ccncn2)c(-c2ccc(Cl)cc2)n1,133,0.7242993343283812,0.038157076153149734,0.9994661327978671,0.6443289243788876,0.6935872280428034,0.8646616541353384,0.03759398496240601,0.007518796992481203,0.03759398496240601,2.2999801624894243
COCc1c(-c2ccc(NC(=O)Nc3cc(C(F)(F)F)ccc3F)c(F)c2)c2c(N)ncnn2c1CN1CCOCC1,211,0.5541612398800696,0.01957732371730946,0.9994203040118492,0.42818850549246135,0.8506060233974825,0.07109004739336493,0.018957345971563982,0.009478672985781991,0.018957345971563982,2.875061263391699
CO[C@@H](C(=O)N1Cc2[nH]nc(NC(=O)c3ccc(N4CCN(C)CC4)cc3)c2C1)c1ccccc1,229,0.5542347240647637,0.09679000858537269,0.9964615894289033,0.5785777880008118,0.9193227431821516,0.31004366812227074,0.2445414847161572,0.10043668122270742,0.2445414847161572,3.778151250383644
CO[C@@H]1[C@H](N(C)C(=O)c2ccccc2)C[C@H]2O[C@]1(C)n1c3ccccc3c3c4c(c5c6ccccc6n2c5c31)C(=O)NC4,382,0.239802711602509,0.0766190004805345,0.9982733074281362,0.6894267273672657,0.864191996771322,0.4869109947643979,0.306282722513089,0.08115183246073299,0.306282722513089,3.0315170514460643
CO[C@@H]1[C@H](N(C)C(=O)c2ccccc2)C[C@H]2O[C@]1(C)n1c3ccccc3c3c4c(c5c6ccccc6n2c5c31)C(=O)N[C@H]4O,336,0.30693050769020347,0.04290403442932856,0.9990212302738593,0.6017125176436902,0.8645855729003203,0.23511904761904762,0.125,0.023809523809523808,0.125,2.8239087409443187
CO[C@@H]1[C@H](N(C)CCOCCOCCOCCNC(=O)CCC2=[N+]3C(=Cc4c(C)cc(C)n4[B-]3(F)F)C=C2)C[C@H]2O[C@]1(C)n1c3ccccc3c3c4c(c5c6ccccc6n2c5c31)C(=O)NC4,175,0.6474848108810722,0.06533115570752862,0.998753141151486,0.7950892896790587,0.7412096465446294,1.0,0.9142857142857143,0.49142857142857144,0.9142857142857143,1.7160033436347994
CO[C@@H]1[C@H](NCCOCCOCCOCCNC(=O)CCC2=[N+]3C(=Cc4c(C)cc(C)n4[B-]3(F)F)C=C2)C[C@H]2O[C@]1(C)n1c3ccccc3c3c4c(c5c6ccccc6n2c5c31)C(=O)NC4,195,0.6053540608265717,0.06094504730015012,0.9989319327900478,0.784530785849528,0.7487615952429942,1.0,0.9538461538461539,0.49230769230769234,0.9538461538461539,2.0253058652647704
CO[C@H]1C[C@@H]2CC[C@@H](C)[C@@](O)(O2)C(=O)C(=O)N2CCCC[C@H]2C(=O)O[C@H]([C@H](C)C[C@@H]2CC[C@@H](O)[C@H](OC)C2)CC(=O)[C@H](C)/C=C(\C)[C@@H](O)[C@@H](OC)C(=O)[C@H](C)C[C@H](C)/C=C/C=C/C=C/1C,220,0.5280511401035017,0.004616950036476492,0.9996632240327101,0.010895752330557507,0.9904224075783832,0.004545454545454545,0.004545454545454545,0.004545454545454545,0.004545454545454545,4.636500636031869
CO[C@H]1C[C@@H]2CC[C@@H](C)[C@@](O)(O2)C(=O)C(=O)N2CCCC[C@H]2C(=O)O[C@H]([C@H](C)C[C@@H]2CC[C@@H](OC(=O)C(C)(CO)CO)[C@H](OC)C2)CC(=O)[C@H](C)/C=C(\C)[C@@H](O)[C@@H](OC)C(=O)[C@H](C)C[C@H](C)/C=C/C=C/C=C/1C,228,0.5092042857985868,0.0011876693444923135,0.9999726132742404,0.9760441518558767,0.06545944391617908,0.0043859649122807015,0.0,0.0,0.0,1.2316085869055131
CO[C@H]1C[C@@H]2CC[C@@H](C)[C@@](O)(O2)C(=O)C(=O)N2CCCC[C@H]2C(=O)O[C@H]([C@H](C)C[C@@H]2CC[C@@H](OCCO)[C@H](OC)C2)CC(=O)[C@H](C)/C=C(\C)[C@@H](O)[C@@H](OC)C(=O)[C@H](C)C[C@H](C)/C=C/C=C/C=C/1C,212,0.5449818343463068,0.0041111846070111,0.9997329231060909,0.04130332870778489,0.9735255808480948,0.0047169811320754715,0.0047169811320754715,0.0047169811320754715,0.0047169811320754715,3.9771212547196626
CO[C@H]1C[C@@H]2CC[C@@H](C)[C@@](O)(O2)C(=O)C(=O)N2CCCC[C@H]2C(=O)O[C@H]([C@H](C)C[C@@H]2CC[C@@H](OP(C)(C)=O)[C@H](OC)C2)CC(=O)[C@H](C)/C=C(\C)[C@@H](O)[C@@H](OC)C(=O)[C@H](C)C[C@H](C)/C=C/C=C/C=C/1C,220,0.5265138868836557,0.0013747432455284345,0.9999646671711778,0.9607389206168092,0.09337280329290201,0.004545454545454545,0.0,0.0,0.0,1.376061899811547
CO[C@H]1[C@@H](N(C)C(=O)c2ccccc2)C[C@@H]2O[C@@]1(C)n1c3ccccc3c3c4c(c5c6ccccc6n2c5c31)C(=O)NC4,145,0.717198581158477,0.09503545970712624,0.996343807490658,0.7413245692898496,0.7721029206299629,0.8896551724137931,0.5793103448275863,0.11724137931034483,0.5793103448275863,1.8888495478773333
COc1c(Cl)cc2c([nH]c3cnccc32)c1NC(=O)c1cccnc1C,364,0.21845958465907964,0.003750679345639906,0.9999250238048402,0.8158073671340046,0.3330308634416731,0.019230769230769232,0.005494505494505495,0.0027472527472527475,0.005494505494505495,2.157353109306608
COc1c(OCCCN2CCOCC2)ccc2c1N=C(NC(=O)c1cnc(N)nc1)N1CCN=C21,221,0.5250426395823072,0.0028044559556131376,0.9998639553942489,0.351699131719967,0.7473548123702922,0.004524886877828055,0.004524886877828055,0.004524886877828055,0.004524886877828055,2.8239087409443187
COc1cc(-c2ccc3[nH]nc(C(=O)Nc4ccccc4)c3c2)ccc1O,134,0.7256053292662799,0.04985725954890929,0.9989998304773855,0.4986580548541781,0.8755592419941778,0.9029850746268657,0.09701492537313433,0.03731343283582089,0.09701492537313433,2.5999998139434197
COc1cc(-c2ccc3c(c2)NC(=O)c2ccc(-c4ccccc4NS(C)(=O)=O)cc2N3)cc(OC)c1OC,155,0.6753887514548723,0.028260520484262842,0.9997019955633558,0.6488936021246721,0.6304865423007581,0.9354838709677419,0.0064516129032258064,0.0064516129032258064,0.0064516129032258064,2.1999801788782616
COc1cc(-c2ccc3c(c2)Nc2ccc(C(=O)NCCNC(C)=O)cc2NC3=O)ccc1O,138,0.7171204858674628,0.048868880018135864,0.9992126628032144,0.7733387083033021,0.6838769025430186,0.9347826086956522,0.1956521739130435,0.014492753623188406,0.1956521739130435,1.8000376305207935
COc1cc(-c2ccc3c(c2)Nc2ccc(C(=O)NCc4cccc(F)c4)cc2NC3=O)ccc1O,139,0.7158308858440919,0.05140669806948693,0.9991294634356388,0.7549606672117319,0.7236366268636418,0.9496402877697842,0.2733812949640288,0.03597122302158273,0.2733812949640288,1.7999794901316388
COc1cc(-c2ccc3c(c2)Nc2ccc([N+](=O)[O-])cc2NC3=O)ccc1O,134,0.725340823167368,0.04894135783327452,0.9990683601848445,0.4595160792129323,0.8826923425438487,0.8955223880597015,0.1044776119402985,0.029850746268656716,0.1044776119402985,2.699970962098802
COc1cc(C)c(Cl)cc1NC(=O)Nc1cnc(C#N)cn1,139,0.7117690140750793,0.03784764410673996,0.9994749330967564,0.51337837603642,0.7675948869238284,0.920863309352518,0.050359712230215826,0.007194244604316547,0.050359712230215826,2.499974083835557
COc1cc(C=C(C#N)c2nc3cc(C)ccc3[nH]2)c(Br)cc1O,117,0.7638188131879338,0.06334982324103668,0.9985810014007229,0.5186219452967722,0.8870097585812541,0.9230769230769231,0.28205128205128205,0.05128205128205128,0.28205128205128205,2.5999884337948718
COc1cc(C=C(C#N)c2nc3ccccc3[nH]2)c(Br)cc1O,118,0.7606926933661008,0.058994997642972384,0.9987542074359869,0.5575929553005343,0.8634031891022851,0.923728813559322,0.2542372881355932,0.05084745762711865,0.2542372881355932,2.4000149335675918
COc1cc(C=C2SC(=Nc3ccccc3)NC2=O)ccc1O,138,0.7179490660829124,0.05165483088747416,0.9990010378267784,0.60274937519914,0.8292703499544107,0.9202898550724637,0.13043478260869565,0.036231884057971016,0.13043478260869565,2.1999713504226097
COc1cc(C=C2SC(=O)NC2=O)ccc1O,133,0.7280992804511732,0.051414031047702244,0.9989786927772674,0.39809553335953124,0.9009378260112895,0.8872180451127819,0.11278195488721804,0.022556390977443608,0.11278195488721804,2.9000081437588365
COc1cc(C=C2SC(=S)NC2=O)ccc1O,133,0.7302425029585439,0.05889113814108568,0.998631534874464,0.5254539796604961,0.9000157555903897,0.9172932330827067,0.15037593984962405,0.06015037593984962,0.15037593984962405,2.5999712577322462
COc1cc(CCc2cc(NC(=O)c3ccc(N4CC(C)NC(C)C4)cc3)n[nH]2)cc(OC)c1,219,0.5428414139929808,0.031408292660927435,0.9986635224812429,0.22640609735288425,0.9793404609716246,0.0776255707762557,0.045662100456621,0.0228310502283105,0.045662100456621,4.176091259055681
COc1cc(F)c(F)c(Nc2ccc(I)cc2F)c1NS(=O)(=O)C1(C[C@H](O)CO)CC1,212,0.5484705703565879,0.011746908704984996,0.9994968920484201,0.36659162371574233,0.8865640164514051,0.02358490566037736,0.02358490566037736,0.014150943396226415,0.02358490566037736,2.920818753952375
COc1cc(N2CCC(N3CCN(C)CC3)CC2)ccc1Nc1ncc(Cl)c(Nc2ccccc2S(=O)(=O)C(C)C)n1,374,0.2706729699018326,0.09516646533275482,0.9976487692296253,0.6295165785025254,0.9040688225713478,0.8529411764705882,0.5721925133689839,0.27807486631016043,0.5721925133689839,2.8422643893748667
COc1cc(N2CCC(N3CCN(C)CC3)CC2)ccc1Nc1ncnc(Nc2ccccc2S(=O)(=O)C(C)C)n1,210,0.5684490692156774,0.0464779434098778,0.9984479773831171,0.3224458230068548,0.9569938300664318,0.15714285714285714,0.07142857142857142,0.023809523809523808,0.07142857142857142,3.778151250383644
COc1cc(Nc2c(C#N)cnc3cc(OCCCN4CCN(C)CC4)c(OC)cc23)c(Cl)cc1Cl,387,0.24856900374497956,0.09905947735832162,0.9970525342389742,0.5334765727072817,0.9488135124054252,0.5090439276485789,0.30749354005167956,0.14470284237726097,0.30749354005167956,4.271695346919142
COc1cc(Nc2ncc(F)c(Nc3ccc4c(n3)N(COP(=O)(O)O)C(=O)C(C)(C)O4)n2)cc(OC)c1OC,219,0.5411501864619226,0.027825052595123485,0.999096936915717,0.42789158646493497,0.905294224466561,0.0867579908675799,0.0319634703196347,0.0136986301369863,0.0319634703196347,3.0
COc1cc(Nc2ncc(F)c(Nc3ccc4c(n3)NC(=O)C(C)(C)O4)n2)cc(OC)c1OC,392,0.23511028529638456,0.09462033769776135,0.9976927666991594,0.7014279109155948,0.863137022213142,0.7397959183673469,0.4923469387755102,0.20408163265306123,0.4923469387755102,2.8109437637799513
COc1cc(Nc2ncc([N+](=O)[O-])c(Nc3ccccc3C(N)=O)n2)cc(OC)c1OC,118,0.7665909430085457,0.08218811488106147,0.9977774223819165,0.8192500326735924,0.6839831834204101,0.9661016949152542,0.7711864406779662,0.4745762711864407,0.7711864406779662,1.5500337511761515
COc1cc(Nc2ncc3c(n2)-c2ccc(Cl)cc2C(c2c(F)cccc2OC)=NC3)ccc1C(=O)O,278,0.43678466848569647,0.059957144522889146,0.9987283250158441,0.15401626313832747,0.97455030911952,0.3597122302158273,0.06115107913669065,0.01079136690647482,0.06115107913669065,4.109379317145108
COc1cc(Nc2nccc(Nc3cc(C4CCCCC4)no3)n2)cc(OC)c1OC,121,0.7560617712903781,0.06456745354326769,0.9984465275398456,0.5857212594196355,0.8724043540978761,0.9008264462809917,0.19834710743801653,0.08264462809917356,0.19834710743801653,2.700015251394028
COc1cc(OC)c(/C=C/S(=O)(=O)Cc2ccc(OC)c(NCC(=O)O)c2)c(OC)c1,220,0.5287363445326283,0.006062108468816164,0.9997633437987351,0.3592730172258761,0.7871756655061025,0.013636363636363636,0.013636363636363636,0.004545454545454545,0.013636363636363636,2.875061263391699
COc1cc(Oc2ccnc3cc(OC)c(OC)cc23)ccc1NC(=O)NC(C)c1nccs1,364,0.24682749015143832,0.039911965467767506,0.9988018097996929,0.24726528928909075,0.9850565125894207,0.17032967032967034,0.09065934065934066,0.03296703296703297,0.09065934065934066,4.537602002101044
COc1cc(S(C)(=O)=O)c(OC)cc1CC(=O)Nc1cc(N)c(C#N)c(OC(C)C)n1,145,0.7007781689101635,0.04249014051252348,0.9992054619630483,0.3173194939387524,0.9253050703676305,0.9241379310344827,0.041379310344827586,0.020689655172413793,0.041379310344827586,3.2269357450515272
COc1cc([C@@H]2c3cc4c(cc3[C@H](O)[C@H]3COC(=O)[C@@H]23)OCO4)cc(OC)c1OC,203,0.5625,0.0,1.0000000000000004,1.0000000000000004,0.0,0.0,0.0,0.0,0.0,0.0
COc1cc2/c(=N/c3ccc(Br)cc3F)nc[nH]c2cc1OCC1CCN(C)CC1,387,0.2141811907858905,0.05782964476654569,0.9987625807901409,0.5784709718475348,0.89782172671384,0.3875968992248062,0.13953488372093023,0.05167958656330749,0.13953488372093023,3.3372421683184257
COc1cc2c(N3CCN(C(=O)Nc4ccc(OC(C)C)cc4)CC3)ncnc2cc1OCCCN1CCCCC1,390,0.17895287401467352,0.02316444498156035,0.9996842056805259,0.5161575300686008,0.7697303619693349,0.31025641025641026,0.023076923076923078,0.005128205128205128,0.023076923076923078,2.909879699522129
COc1cc2c(Nc3ccc(Cl)c(Cl)c3F)ncnc2cc1OC[C@@H]1C[C@@H]2CN(C)C[C@@H]2C1,221,0.5530790424328076,0.06166821578652796,0.9975914442649387,0.3493792304797158,0.9700815271523848,0.17194570135746606,0.10407239819004525,0.049773755656108594,0.10407239819004525,4.176091259055681
COc1cc2c(Oc3ccc(NC(=O)C4(C(=O)NC5=CCC(F)C=C5)CC4)cc3F)ccnc2cc1OCCCN1CCOCC1,361,0.30822969973914693,0.11085479412455444,0.9963159070829785,0.5328906919454289,0.9421582783979691,0.518005540166205,0.39335180055401664,0.22437673130193905,0.39335180055401664,4.7558748556724915
COc1cc2c(Oc3ccc(NC(=O)C4(C(=O)Nc5ccc(F)cc5)CC4)cc3F)ccnc2cc1OCCCN1CCOCC1,387,0.25398204377304545,0.10554953051858683,0.9963794308769672,0.4911646027168389,0.9576745941826037,0.3333333333333333,0.26098191214470284,0.14987080103359174,0.26098191214470284,4.6989700043360205
COc1cc2c(Oc3ccc4[nH]c(C)cc4c3F)ncnc2cc1OCCCN1CCCC1,396,0.1942221252943051,0.05585622761756973,0.9986210083968624,0.4189371669628066,0.964609809850657,0.4696969696969697,0.11363636363636363,0.05303030303030303,0.11363636363636363,4.0
COc1cc2c(cc1F)C(c1ccccc1Cl)=Nc1c(n[nH]c1C)N2,148,0.7052103286448276,0.07579454385945954,0.998194674204125,0.7157464737384295,0.8123352851475565,0.9527027027027027,0.39864864864864863,0.16891891891891891,0.39864864864864863,2.256753762610556
COc1cc2cnc3c(c2cc1OC)C(=O)NC3=O,136,0.7189313318705586,0.04105983814661209,0.999416159325134,0.8329084395131389,0.5768916662447204,0.8970588235294118,0.058823529411764705,0.007352941176470588,0.058823529411764705,1.7000152513940288
COc1cc2nccc(Oc3ccc(NC(=O)C4(C(=O)Nc5ccc(F)cc5)CC4)cc3)c2cc1OC,219,0.5526077066159919,0.05210034643753539,0.9977371211900784,0.07610365411682447,0.9926344226678459,0.1278538812785388,0.0821917808219178,0.0365296803652968,0.0821917808219178,5.477121254719663
COc1cc2nccc(Oc3ccc(NC(=O)NC4CC4)c(Cl)c3)c2cc1C(N)=O,216,0.5595921693480468,0.053938734155063436,0.9977206024047243,0.3953487384771373,0.9654053594738035,0.1388888888888889,0.08796296296296297,0.05092592592592592,0.08796296296296297,4.014981611688722
COc1cc2nccc(Oc3ccc(NC(=O)Nc4cc(C)on4)c(Cl)c3)c2cc1OC,224,0.540057423029592,0.04726180484701222,0.9980478341726907,0.3259850167857566,0.9750537744217531,0.125,0.08035714285714286,0.026785714285714284,0.08035714285714286,4.1153934187020695
COc1cc2ncn(-c3cc(OCc4ccccc4C(F)(F)F)c(C(=O)O)s3)c2cc1OC,124,0.7512541515637049,0.06920908327063767,0.9983021173078115,0.45014403852600465,0.919018697469143,0.9112903225806451,0.29838709677419356,0.07258064516129033,0.29838709677419356,2.8999798610518255
COc1cc2ncn(-c3cc(OCc4ccccc4C(F)(F)F)c(C(N)=O)s3)c2cc1OC,122,0.7562618049484625,0.07299571718103742,0.9980203129893467,0.4721816151644405,0.9189246174675517,0.8524590163934426,0.2540983606557377,0.06557377049180328,0.2540983606557377,3.1202162009377723
COc1cc2ncnc(Nc3ccc(F)c(Cl)c3)c2cc1NC(=O)/C=C/CN1CCCCC1,212,0.5503998518639264,0.01596948709840469,0.9992802770548878,0.17962727979731052,0.9624612441714309,0.02830188679245283,0.02358490566037736,0.014150943396226415,0.02358490566037736,3.7385606273598313
COc1cc2ncnc(Nc3ccc(F)c(Cl)c3)c2cc1OCCCN1CCOCC1,396,0.1772577907765888,0.03597882555640709,0.999478319451811,0.5324308129037585,0.8176755727146178,0.46464646464646464,0.05808080808080808,0.007575757575757576,0.05808080808080808,3.0604807473813818
COc1cc2ncnc(Nc3ccc(O)cc3)c2cc1OC,221,0.529434803990477,0.012026013808060398,0.9997604112521296,0.8078598322720643,0.4495692867757733,0.05429864253393665,0.004524886877828055,0.0,0.004524886877828055,1.9443313973554393
COc1cc2ncnc(Oc3cccc(NC(=O)Nc4cc(C(C)(C)C(F)(F)F)on4)c3)c2cc1OC,226,0.5462005346951125,0.068305522559877,0.9971027748317971,0.41350818083434016,0.9663424461330111,0.16371681415929204,0.13274336283185842,0.061946902654867256,0.13274336283185842,4.176091259055681
COc1cc2ncnc3c2cc1OCCCCCN(C)Cc1ccc(Br)cc1N3,207,0.563116268957195,0.02070506664801199,0.9990067774958208,0.27598081490438386,0.9678264257222556,0.03864734299516908,0.033816425120772944,0.01932367149758454,0.033816425120772944,3.6989700043360187
COc1ccc(-c2cc3c(C)nc(N)nc3n([C@H]3CC[C@H](OCCO)CC3)c2=O)cn1,204,0.5633372492512276,0.006806292414557272,0.9996999882817951,0.13803841509342038,0.9256964713466658,0.014705882352941176,0.00980392156862745,0.004901960784313725,0.00980392156862745,3.426247717746479
COc1ccc(-c2cc3nccn3c(Nc3ccccc3C(N)=O)n2)cc1OC,126,0.744778336620417,0.06013609676090096,0.9986287247743696,0.6110939926259316,0.855845016455244,0.8571428571428571,0.15873015873015872,0.06349206349206349,0.15873015873015872,2.5499740756411384
COc1ccc(-c2cc3nccn3c(Nc3ncccc3C(N)=O)n2)cc1OC,125,0.748844123389762,0.06770938602279652,0.9983447799319821,0.6029016160521913,0.8728991456748273,0.912,0.232,0.08,0.232,2.3624688644211336
COc1ccc(-c2ccc(NC(=O)Nc3cc(F)cc(F)c3)cc2)c2c(N)noc12,134,0.7287807111329083,0.0608526116841014,0.9986591893781814,0.4557641573841102,0.9059423800967477,0.9104477611940298,0.20149253731343283,0.05970149253731343,0.20149253731343283,2.9000387513801886
COc1ccc(-c2ccc(NC(=O)Nc3ccc(F)c(C)c3)cc2)c2c(N)noc12,134,0.7296510436519272,0.06386630040667324,0.9985455285914953,0.5145507423272218,0.8943835284129745,0.9029850746268657,0.23134328358208955,0.05970149253731343,0.23134328358208955,2.800008439392281
COc1ccc(-c2ccc(NC(=O)Nc3cccc(Br)c3)cc2)c2c(N)noc12,139,0.7220790208894244,0.07226378196181973,0.9982165550250934,0.6009763143189951,0.8791990082186876,0.9064748201438849,0.28776978417266186,0.09352517985611511,0.28776978417266186,2.5999884337948718
COc1ccc(-c2ccc3c(N4CCOC[C@@H]4C)nc(N4CCOC[C@@H]4C)nc3n2)cc1CO,219,0.5299525189862956,0.004100314199275009,0.9997288002969577,0.033213434641021,0.978292730039257,0.0045662100456621,0.0045662100456621,0.0045662100456621,0.0045662100456621,4.096910013008056
COc1ccc(-c2ccc3ncc4c(c3c2)n(-c2ccc(N3CCNCC3)c(C(F)(F)F)c2)c(=O)n4C)cn1,211,0.5512318466949166,0.013135435385977633,0.9994781101814232,0.04443710502361118,0.9814334405762615,0.037914691943127965,0.014218009478672985,0.004739336492890996,0.014218009478672985,4.178268178309956
COc1ccc(-c2cnc3c(Br)cnn3c2)cc1,111,0.771236350482858,0.04372672634275846,0.9993197444323656,0.8316529672294851,0.6205220941102046,0.8738738738738738,0.10810810810810811,0.0,0.10810810810810811,1.399997948536818
COc1ccc(C(=O)N2c3ccccc3Sc3c(Cl)cncc32)cc1,132,0.7286268139887749,0.046082134021148455,0.999291955933443,0.8169040758276304,0.642188498414161,0.9393939393939394,0.16666666666666666,0.007575757575757576,0.16666666666666666,1.4999701368728493
COc1ccc(C(=O)Nc2cnc3[nH]cc(-c4ccccc4)c3c2)cc1,131,0.7293206185355346,0.0412577633625042,0.9994298268776077,0.8505657543616137,0.5684600966078407,0.9236641221374046,0.11450381679389313,0.007633587786259542,0.11450381679389313,1.4000149335675927
COc1ccc(C(=O)Nc2n[nH]c3ccc(-c4cn(Cc5ccccc5)nn4)cc23)cc1OC,138,0.7234657633692014,0.07020372611093785,0.998434047852573,0.5599927639893232,0.8676324610811752,0.9782608695652174,0.5144927536231884,0.17391304347826086,0.5144927536231884,2.799975235045607
COc1ccc(C=C2C(=O)ON=C2c2ccc(Br)cc2)cc1OC,122,0.7464172683129838,0.03555420079692211,0.9995145863242242,0.8240863035011257,0.582499403718555,0.8442622950819673,0.040983606557377046,0.0,0.040983606557377046,1.5999978974840445
COc1ccc(C=C2SC(=Nc3ccccc3)NC2=O)cc1O,137,0.7204805134105503,0.05330626439777623,0.9989609255436412,0.6308395593668861,0.8279977888955081,0.9416058394160584,0.16058394160583941,0.043795620437956206,0.16058394160583941,2.1000577169536125
COc1ccc(C=NNc2ncnc3c2[nH]c2ccccc23)cc1OC,133,0.7318992107770921,0.06467093083135839,0.9984817285922133,0.5842733325516714,0.8747283508270781,0.8796992481203008,0.20300751879699247,0.06015037593984962,0.20300751879699247,2.5999998139434197
COc1ccc(CNc2c(Nc3ccc4[nH]ncc4c3)c(=O)c2=O)cc1,134,0.7231763826964112,0.041446578889065264,0.9993585526478475,0.7209226787232366,0.6995408487969996,0.8656716417910447,0.05223880597014925,0.022388059701492536,0.05223880597014925,1.899970438310448
COc1ccc(COc2ccc(Cc3cnc(N)nc3N)cc2OC)cc1,369,0.2133984533570853,0.010885860047933798,0.9998584280212088,0.6773538001123957,0.5651981612285231,0.15989159891598917,0.01084010840108401,0.005420054200542005,0.01084010840108401,2.400007822415902
COc1ccc(F)c(F)c1C(=O)c1cnc(NC2CCN(S(C)(=O)=O)CC2)nc1N,378,0.2241056157658584,0.04757938019936062,0.9983295765237671,0.40444082049324404,0.974603484366253,0.15608465608465608,0.09788359788359788,0.0582010582010582,0.09788359788359788,4.267606240177033
COc1ccc(N2CCN(C)CC2)cc1Nc1ncc2c(n1)-c1c(c(C(N)=O)nn1C)CC2,226,0.5245476473766792,0.0238500370919433,0.9994353306966349,0.1844398185611272,0.9371856463122741,0.061946902654867256,0.017699115044247787,0.004424778761061947,0.017699115044247787,3.5477023290053697
COc1ccc(NC(=O)Nc2ccc(-c3cccc4onc(N)c34)cc2)cc1Cl,135,0.7300116495099015,0.07204003979699518,0.9978755116799167,0.2798146831930351,0.9658615110164681,0.8518518518518519,0.17777777777777778,0.08888888888888889,0.17777777777777778,4.000007636359319
COc1ccc(NC(=O)Nc2ccc(-c3csc4c(-c5cnn(CC(C)(C)O)c5)cnc(N)c34)cc2)cc1,149,0.7076653230951642,0.08964234843057846,0.9971851459259027,0.5814554383528698,0.9046424242252779,0.9395973154362416,0.2953020134228188,0.174496644295302,0.2953020134228188,3.3999745912350727
COc1ccc(NC(=O)Nc2ccc(-c3csc4c(-c5cnn(CCO)c5)cnc(N)c34)cc2)cc1,120,0.764877291917051,0.09085886207926364,0.9962311367945452,0.4343841756963605,0.9454297903054268,0.8333333333333334,0.15833333333333333,0.15,0.15833333333333333,4.399980127825488
COc1ccc(S(=O)(=O)N(C(C)=O)c2ccccc2/C=C/c2cc[n+]([O-])cc2)cc1,219,0.5286487523336402,0.0013379958119134113,0.9999665666112075,0.9654186674167788,0.08534190386192442,0.0045662100456621,0.0,0.0,0.0,1.3331701382956993
COc1ccc2c(NC(=O)Nc3cc(C(F)(F)F)ccn3)ccnc2c1,124,0.7434688214249155,0.04007688017065152,0.9993953611666394,0.5447596847516398,0.7663058425876506,0.8548387096774194,0.04838709677419355,0.008064516129032258,0.04838709677419355,2.3999705473896498
COc1ccc2c(NC(=O)Nc3cccc(Br)n3)ccnc2c1,124,0.7496561370698065,0.06322941613217976,0.9983021970317923,0.5055752262905565,0.91675323601686,0.8870967741935484,0.13709677419354838,0.08064516129032258,0.13709677419354838,2.7999892590208235
COc1ccc2c(NC(=O)Nc3cccc(C(F)(F)F)n3)ccnc2c1,147,0.7000654523621461,0.05326782242201264,0.9989850296759016,0.6577503638505494,0.8152406898025957,0.9251700680272109,0.16326530612244897,0.04081632653061224,0.16326530612244897,2.1999713504226097
COc1ccc2c(OCc3nnc4ccc(-c5ccccc5)nn34)ccnc2c1,217,0.5363990714682743,0.008705848669489839,0.999510092166409,0.09076452294509245,0.9817411081140681,0.013824884792626729,0.009216589861751152,0.009216589861751152,0.009216589861751152,4.176091259055681
COc1ccc2c(c1)C(=Cc1c[nH]cn1)C(=O)N2,130,0.7362897159513556,0.058757140010992075,0.9988493331429356,0.6510527039979871,0.8072027522331507,0.9538461538461539,0.3076923076923077,0.05384615384615385,0.3076923076923077,2.300014562647405
COc1cccc(-c2cc3c(=O)[nH]c4ccccc4n3c2)c1,108,0.7755441273919322,0.03567106583200487,0.9994500136455806,0.8025282363331977,0.5990915771341726,0.8611111111111112,0.046296296296296294,0.0,0.046296296296296294,1.5999978974840445
COc1cccc(C(=O)Nc2cnc3[nH]cc(-c4ccccc4)c3c2)c1,133,0.7260031521760696,0.0441012226292957,0.9993371182714982,0.7072685131024207,0.6958580351579633,0.9323308270676691,0.14285714285714285,0.007518796992481203,0.14285714285714285,2.0000565960942165
COc1cccc(C(C)NC(=O)N2CC=C(c3c[nH]c4ncccc34)CC2)c1,127,0.7447374343834952,0.06738716184206112,0.9984628843883486,0.6551340743279433,0.8404816571515802,0.952755905511811,0.33858267716535434,0.12598425196850394,0.33858267716535434,2.300014562647405
COc1cccc(C(C)NC(=O)c2cc(C)c(-c3ccc4[nH]nc(C)c4c3)s2)c1,125,0.7474680879685747,0.06260154253934948,0.9985381136000592,0.5886710912700254,0.872899293025712,0.928,0.2,0.088,0.2,2.500016054426988
COc1cccc(C(C)NC(=O)c2ccc(-c3ccncc3)c(C)c2)c1,125,0.7443484624905449,0.051021492764902816,0.9990284600053687,0.6704014425127971,0.7903082783936236,0.88,0.12,0.04,0.12,2.1999801788782616
COc1cccc(C(C)NC(=O)c2ccc(-c3ccncc3)c(F)c2)c1,127,0.7396043196406275,0.048633104828749364,0.9991558623051442,0.6299690829563588,0.7809120558633925,0.8976377952755905,0.14173228346456693,0.015748031496062992,0.14173228346456693,2.1999713504226097
COc1cccc(C(C)NC(=O)c2ccc(-c3ccncc3)cc2)c1,145,0.6996636668810103,0.038923734019233706,0.9992650110901621,0.4412037450527823,0.8897735643616199,0.9310344827586207,0.041379310344827586,0.027586206896551724,0.041379310344827586,2.718316188650191
COc1cccc(C(C)NC(=O)c2ccc(-c3ccncc3)cc2NCCCN)c1,125,0.743696736189234,0.048602284734437035,0.9990704816162883,0.5730391377547405,0.8371259274628583,0.88,0.096,0.032,0.096,2.3000569139206526
COc1cccc(C(C)NC(=O)c2ccc(-c3ccncc3C)cc2)c1,127,0.7408456431762571,0.05316833412427759,0.9989658731627663,0.6317512239054752,0.8195587010415901,0.8976377952755905,0.15748031496062992,0.047244094488188976,0.15748031496062992,2.1000577169536125
COc1cccc(C(C)NC(=O)c2ccc(-c3ccncc3F)cc2OC)c1,125,0.745446248941169,0.05509647606961928,0.9988609298021639,0.6078050991060306,0.842936592554,0.904,0.152,0.04,0.152,2.2000574213201682
COc1cccc(C(C)NC(=O)c2ccc(-c3ccncn3)cc2)c1,122,0.7478059146213809,0.040835609707547335,0.9994115849456967,0.8264982766626741,0.6023128903819032,0.860655737704918,0.06557377049180328,0.0,0.06557377049180328,1.6999997975545824
COc1cccc(C(C)NC(=O)c2cnc(-c3ccncc3)s2)c1,125,0.7417768178559615,0.04147554788132924,0.999403453540062,0.719173167215935,0.6581457925455719,0.872,0.088,0.008,0.088,2.000038455746745
COc1cccc(C(CN)NC(=O)c2ccc(-c3ccncc3)cc2)c1,127,0.7444937536655254,0.06649686378585658,0.9982342050100594,0.46362685595985353,0.9314391635508309,0.9133858267716536,0.1889763779527559,0.07874015748031496,0.1889763779527559,2.9999809819112215
COc1cccc(C=C2SC(=Nc3ccccc3)NC2=O)c1,133,0.7250434324092491,0.04075302735256837,0.9993876603038857,0.7017619614081814,0.6946621168884114,0.8571428571428571,0.05263157894736842,0.015037593984962405,0.05263157894736842,2.1000076199704845
COc1cccc(CNC(=O)c2cc3c(-c4ccccc4)n[nH]c3s2)c1,133,0.7296792786800874,0.05692620532000457,0.998905880300961,0.6229195520734899,0.8183589099896317,0.924812030075188,0.2556390977443609,0.03007518796992481,0.2556390977443609,2.2999994961169836
COc1cccc(Nc2ncnc3ccccc23)c1,151,0.6918311915915066,0.05304419138052372,0.999081068283347,0.8826760989788006,0.5455289544673394,0.6821192052980133,0.019867549668874173,0.0,0.019867549668874173,1.5873382947549235
COc1cccc(Nc2ncnn3ccc(CN4CC[C@@H](N)[C@H](O)C4)c23)c1,204,0.5868010304472489,0.06017489278197785,0.9981493497321138,0.034747111862391884,0.990702937231496,0.24019607843137256,0.09803921568627451,0.004901960784313725,0.09803921568627451,4.999999999999998
COc1cccc2c1Nc1cc(Nc3ccncc3)ccc1C(=O)N2,129,0.7327531013452104,0.03873983739672609,0.9994877075965106,0.8658811450950524,0.5449025599998017,0.8914728682170543,0.05426356589147287,0.0,0.05426356589147287,1.6000085640098982
COc1cccc2cc(-c3nc([C@H]4CC[C@H](C(=O)O)CC4)n4ncnc(N)c34)[nH]c12,204,0.5661868533856516,0.01328774495559966,0.999603618623322,0.46805369385156237,0.765437619819283,0.04411764705882353,0.014705882352941176,0.004901960784313725,0.014705882352941176,2.7212463990471694
COc1ncc(-c2ccc3nccc(-c4ccnnc4)c3c2)cc1NS(=O)(=O)c1ccc(F)cc1F,216,0.5373887858490712,0.006242577009116151,0.999595261485527,0.005802872304635827,0.9929388071403843,0.009259259259259259,0.004629629629629629,0.004629629629629629,0.004629629629629629,4.945642337677407
COc1nccc(-c2c(-c3ccc(F)cc3)ncn2C2CCC(O)CC2)n1,139,0.7134088950490801,0.043321779156641246,0.9993055573923079,0.6291619822020492,0.7545376746184066,0.8633093525179856,0.07194244604316546,0.014388489208633094,0.07194244604316546,2.2999801624894243
COc1nccc(-c2c(-c3ccc(F)cc3)ncn2C2CCNCC2)n1,143,0.7073872064806926,0.050543103545744004,0.9990139870527666,0.5849264093863253,0.846942401042556,0.8741258741258742,0.11188811188811189,0.04195804195804196,0.11188811188811189,2.3695508925651456
COc1nccn2c(-c3ccnc(NCC(C)(C)CO)n3)c(-c3ccc(F)cc3)nc12,106,0.7810563046465466,0.041604956188656894,0.9989857735275364,0.0807095254476733,0.9786352356143442,0.9433962264150944,0.04716981132075472,0.03773584905660377,0.04716981132075472,3.899988751621308
COc1nccn2c(-c3ccnc(NCC(C)(C)CO)n3)c(-c3ccc(F)cc3F)nc12,125,0.7425467348713056,0.044333479842286465,0.9992204275132288,0.446293577370144,0.8582546339021576,0.872,0.08,0.016,0.08,2.5999740674467198
CS(=O)(=O)CCNCc1ccc(-c2ccc3ncnc(Nc4ccc(OCc5cccc(F)c5)c(Cl)c4)c3c2)o1,397,0.1632827210495512,0.02207350772542009,0.9996963641104932,0.27284838219441243,0.9161920152696204,0.3501259445843829,0.007556675062972292,0.007556675062972292,0.007556675062972292,3.4559319556497243
CS(=O)(=O)N(Cc1ccc2[nH]c(=O)c3cccn3c2c1)C1CC1,150,0.6980171617143494,0.065866420236387,0.9985206293892663,0.6643700073027168,0.8391388278841625,0.9666666666666667,0.2866666666666667,0.10666666666666667,0.2866666666666667,2.2999994961169836
CS(=O)(=O)N1CCN(Cc2cc3nc(-c4cccc5[nH]ncc45)nc(N4CCOCC4)c3s2)CC1,389,0.17753371781372934,0.01896052716084946,0.9997560668836397,0.9070143760302107,0.3968499297338418,0.10539845758354756,0.02056555269922879,0.0,0.02056555269922879,1.2839966563652006
CS(=O)(=O)NCCOc1cncc(-c2ccc3cnccc3c2)c1,134,0.7251736038407212,0.04836232971712358,0.9991428188217406,0.42696784370357294,0.8691552079594876,0.9253731343283582,0.1417910447761194,0.022388059701492536,0.1417910447761194,2.699989554654268
CS(=O)(=O)Nc1cc2c(cc1Cl)NC(=O)Nc1cnc(C#N)c(n1)OCCCCCO2,121,0.7501534320109974,0.04191068143060073,0.9990604633091865,0.44231607037580917,0.8945274597078698,0.8429752066115702,0.0743801652892562,0.024793388429752067,0.0743801652892562,2.6708752048567312
CS(=O)(=O)Nc1ccc(-c2ccc3[nH]nc(N)c3c2)cc1,132,0.7274771209846769,0.042040788915833745,0.9993727811988936,0.8004339920679048,0.6317722240734313,0.9090909090909091,0.06818181818181818,0.007575757575757576,0.06818181818181818,1.6000157587935444
CS(=O)(=O)Nc1cccc(CC(=O)Nc2nc(-c3c[nH]c4ncccc34)cs2)c1,129,0.7346992541852514,0.04573995303842366,0.9990453679955429,0.36089661856161825,0.9109497010481934,0.7906976744186046,0.11627906976744186,0.031007751937984496,0.11627906976744186,2.6989700043360187
CSc1c[nH]c2ncnc(NCCCO)c12,133,0.7250782403762656,0.04087446266606972,0.9994341870084098,0.7835891297209814,0.619106886517579,0.9172932330827067,0.09022556390977443,0.007518796992481203,0.09022556390977443,1.8000084393922817
CSc1ccc(-c2nc(-c3ccc(F)cc3)c(-c3ccncc3)[nH]2)cc1,134,0.7235315678496104,0.04267647374790468,0.9993491418655187,0.6793988989615439,0.7146350997383129,0.9029850746268657,0.08208955223880597,0.007462686567164179,0.08208955223880597,2.1999801788782616
CSc1ccc2nc3c(c(Cl)c2c1)CCNC3=O,132,0.7271233657271972,0.0407972855865115,0.9994288438300244,0.8387366632663937,0.5880902564150953,0.8712121212121212,0.07575757575757576,0.0,0.07575757575757576,1.649999805749001
CSc1cccc(Nc2ncc3cc(-c4c(Cl)cccc4Cl)c(=O)n(C)c3n2)c1,364,0.28856851167971154,0.09312030060270923,0.9970623229512606,0.5802470889314685,0.933258475847347,0.41208791208791207,0.3076923076923077,0.16758241758241757,0.3076923076923077,4.173925197299171
CSc1ccccc1CNc1ncc([N+](=O)[O-])c(NCC2CCC(CN)CC2)n1,121,0.7518478989431876,0.04840847198048809,0.9991144718042722,0.40908099021689687,0.8774748643132055,0.9090909090909091,0.14049586776859505,0.01652892561983471,0.14049586776859505,2.601029491780965
C[C@@H](N)c1ccc(C(=O)Nc2ccnc3[nH]ccc23)cc1,214,0.5603645955259119,0.04677183328982763,0.9981042911845216,0.367447109244498,0.961754883303244,0.11682242990654206,0.08878504672897196,0.04205607476635514,0.08878504672897196,3.920818753952375
C[C@@H](NC(=O)c1ncnc(N)c1Cl)c1ncc(C(=O)Nc2cc(C(F)(F)F)c(Cl)cn2)s1,221,0.5394328034742977,0.03301728874241665,0.9989578685453336,0.5688317122986883,0.8617225250110219,0.10407239819004525,0.058823529411764705,0.00904977375565611,0.058823529411764705,2.6777807052660805
C[C@@H](Nc1cc(F)cc(F)c1)c1cc(C(=O)N(C)C)cc2c(=O)cc(N3CCOCC3)oc12,202,0.5652711729085679,0.0014149714335420492,0.99996490136207,0.9658623115307506,0.08554724250705607,0.0049504950495049506,0.0,0.0,0.0,1.3010299956639813
C[C@@H](Oc1cc(-c2cnn(C3CCNCC3)c2)cnc1N)c1c(Cl)ccc(F)c1Cl,388,0.22125959414741364,0.06872281361958753,0.9984008163748264,0.5052161582232869,0.9353549601017692,0.38402061855670105,0.22422680412371135,0.059278350515463915,0.22422680412371135,3.6989700043360187
C[C@@H](Oc1cc(-n2cnc3ccc(CN4CCN(C)CC4)cc32)sc1C(N)=O)c1ccccc1C(F)(F)F,389,0.18310971024412,0.025611582399156087,0.9995316414477754,0.23006447441840053,0.9327933135407582,0.13110539845758354,0.030848329048843187,0.007712082262210797,0.030848329048843187,3.6575773191777934
C[C@@H](Oc1cc(C(=O)Nc2ccc(C(=O)N3CCN(C)CC3)cc2)nnc1N)c1c(Cl)ccc(F)c1Cl,200,0.5745632960381961,0.012986846808614911,0.9992600447267808,0.10635985081973226,0.9877214246148609,0.02,0.015,0.01,0.015,4.477121254719663
C[C@@H](c1ccc2nccn2c1)n1nnc2ncc(-c3cnn(C)c3)nc21,191,0.5902493692936689,0.004584855247447071,0.9996948644335796,0.036280533915205936,0.9761186667968288,0.005235602094240838,0.005235602094240838,0.005235602094240838,0.005235602094240838,4.0
C[C@@H]1CCN(C(=O)CC#N)C[C@@H]1N(C)c1ncnc2[nH]ccc12,386,0.18420126185580135,0.019350739640134222,0.9995390765844258,0.22513301877948164,0.9638395644759468,0.07512953367875648,0.023316062176165803,0.010362694300518135,0.023316062176165803,3.8386319977650256
C[C@@H]1CN(Cc2ccc(F)cc2)[C@@H](C)CN1C(=O)c1cc2c(C(=O)C(=O)N(C)C)cn(C)c2cc1Cl,218,0.5349352152024675,0.010137338779563706,0.9994145907011889,0.11989291245302132,0.9803038527908208,0.013761467889908258,0.013761467889908258,0.013761467889908258,0.013761467889908258,4.136500636031869
C[C@@H]1COC(Nc2ccc3ncnc(Nc4ccc(OCc5nccs5)c(Cl)c4)c3c2)=N1,224,0.5254076929370319,0.016915935369566225,0.9990813179482938,0.2136973602345293,0.9815760287239054,0.026785714285714284,0.026785714285714284,0.017857142857142856,0.026785714285714284,4.176091259055681
C[C@@H]1C[C@H]1C(=O)N1CCN(c2cnc(C#N)c(-c3cnn(C)c3)n2)C[C@H]1C,222,0.5262918799536649,0.009907352695948217,0.9998774779932733,0.975858455762163,0.16273137797576623,0.0,0.0,0.0,0.0,0.8645493006544864
C[C@@]1(C(=O)Nc2ccc(F)nc2)CCCN1c1nc(Nc2cc(C3CC3)n[nH]2)c2cccn2n1,206,0.5761197788209114,0.04524066685875165,0.9978558765176585,0.3729382218468067,0.9692162765449108,0.0970873786407767,0.07766990291262135,0.043689320388349516,0.07766990291262135,4.089443480574387
C[C@H]1CNCCCN1S(=O)(=O)c1cccc2cncc(F)c12,198,0.5812690560029617,0.018731525178658018,0.9994260469498742,0.41140212111665503,0.8593838623617414,0.06060606060606061,0.020202020202020204,0.010101010101010102,0.020202020202020204,2.8640791967317503
C[C@]1(O)C[C@@H](c2nc(-c3ccc4ccc(-c5ccccc5)nc4c3)c3c(N)nccn32)C1,220,0.5400649755630746,0.029955221187575497,0.9988906019299697,0.360766462045356,0.9439232279067662,0.07727272727272727,0.045454545454545456,0.022727272727272728,0.045454545454545456,3.4771212547196626
C[C@]12O[C@H](C[C@]1(O)CO)n1c3ccccc3c3c4c(c5c6ccccc6n2c5c31)CNC4=O,389,0.2501884851520812,0.10562328306058005,0.9971355377355356,0.7298152965011547,0.8351514082648406,0.8303341902313625,0.6735218508997429,0.42159383033419023,0.6735218508997429,2.7706632289910935
C[S+]([O-])c1ccc(-c2nc(-c3ccc(F)cc3)c(-c3ccncc3)[nH]2)cc1,375,0.2158031267059064,0.02968706877744148,0.9995635643648859,0.6615003783464499,0.762120716394175,0.49866666666666665,0.042666666666666665,0.013333333333333334,0.042666666666666665,2.4148213714964832
Cc1[nH]c(/C=C2\C(=O)Nc3ccc(F)cc32)c(C)c1C(=O)NC[C@H](O)CN1CCOCC1,386,0.24228073771837108,0.08916648264591762,0.9977881701178865,0.3986904379922571,0.9581273361728553,0.5673575129533679,0.3549222797927461,0.10621761658031088,0.3549222797927461,4.134164301278275
Cc1[nH]c(/C=C2\C(=O)Nc3ccc(S(=O)(=O)Cc4c(Cl)cccc4Cl)cc32)c(C)c1C(=O)N1CCC[C@@H]1CN1CCCC1,365,0.25548186408114576,0.05354406831137436,0.9989732986993144,0.4294193105753421,0.9110264842707029,0.4191780821917808,0.16986301369863013,0.03287671232876712,0.16986301369863013,3.693873046951781
Cc1[nH]c(/C=C2\C(=O)Nc3ccccc32)c(C)c1CCC(=O)O,220,0.546485735722761,0.0434971880698232,0.9984110225907907,0.1446926940063486,0.9861769459161686,0.13636363636363635,0.045454545454545456,0.022727272727272728,0.045454545454545456,4.574031267727719
Cc1[nH]c(C=C2C(=O)Nc3ccccc32)c(C)c1CCC(=O)O,139,0.7194458855720263,0.06347403529079279,0.9986600937328752,0.7055185096871351,0.8004631477173585,0.920863309352518,0.2733812949640288,0.06474820143884892,0.2733812949640288,2.0000565960942165
Cc1c(-c2ccc3[nH]nc(N)c3c2)nnn1Cc1ccccc1,124,0.7486906036422392,0.059616452338701185,0.9988046496410813,0.6611926723156937,0.8056230560324193,0.9354838709677419,0.3064516129032258,0.04032258064516129,0.3064516129032258,2.2999994961169836
Cc1c(-c2cccc(OCc3ccccc3)c2)c2c(N)ncnc2n1C1CC(CN2CCCC2)C1,138,0.7184167291949688,0.05322726338018502,0.9989772037328608,0.562339603095993,0.8521466207161735,0.9347826086956522,0.18115942028985507,0.028985507246376812,0.18115942028985507,2.5000003213429354
Cc1c(C(=O)N2CCOc3ccc(-c4ccc(N)nc4)cc3C2)ccc(S(C)(=O)=O)c1F,127,0.7295729640256654,0.011983112660699293,0.999891678987859,0.9775649497536237,0.19104053274691468,0.16535433070866143,0.0,0.0,0.0,0.45593195564972433
Cc1c(CN2CCN(C(=O)[C@H](C)O)CC2)sc2c(N3CCOCC3)nc(-c3cnc(N)nc3)nc12,204,0.5713097878357565,0.0249399095872111,0.9991776045569277,0.3168225899163051,0.9285478714789694,0.0784313725490196,0.0392156862745098,0.00980392156862745,0.0392156862745098,3.2466723333413885
Cc1c(Cn2c(C)nc3c(C(=O)O)cc(N4CCOCC4)cc32)cccc1C(F)(F)F,214,0.5387931034482757,-3.5127534494119307e-17,0.9999999999999997,0.9999999999999997,0.0,0.0,0.0,0.0,0.0,0.0
Cc1c(F)cc(C(=O)NC2CC2)cc1-c1ccc(C(=O)NCC(C)(C)C)cn1,214,0.5454500139756813,0.014433675162224989,0.9992551420873723,0.2789907509142467,0.961224217142835,0.02336448598130841,0.018691588785046728,0.018691588785046728,0.018691588785046728,3.5228787452803374
Cc1c(NC(=O)OC[C@@H]2COCCN2)cn2ncnc(Nc3ccc4c(cnn4Cc4cccc(F)c4)c3)c12,207,0.5582969898574688,0.009902431371331075,0.9995150625600548,0.21015041945222854,0.9483105765653175,0.01932367149758454,0.014492753623188406,0.00966183574879227,0.014492753623188406,3.485985638199878
Cc1c(O)ccc2c1CCCC2=NNC(=O)Cc1cccc2ccccc12,137,0.7164178989943915,0.03954675279852287,0.9994460677174583,0.778196743929591,0.6297117853080709,0.8540145985401459,0.043795620437956206,0.0072992700729927005,0.043795620437956206,1.899970438310448
Cc1c[nH]c2nccc(Oc3c(F)cc(Nc4cc(Cl)nc(N)n4)cc3F)c12,148,0.6985306546456734,0.05485286321346284,0.998893647085947,0.28405641806892273,0.9465997627839862,0.9527027027027027,0.22972972972972974,0.04054054054054054,0.22972972972972974,3.3586079318181543
Cc1cc(-c2cc(O)ccc2Cl)cc2nnc(Nc3ccc(OCCN4CCCC4)cc3)nc12,222,0.571237341274908,0.10384741599800579,0.9932793733095417,0.6053333854745362,0.9050309815661987,0.14864864864864866,0.14864864864864866,0.14414414414414414,0.14864864864864866,4.875061263391698
Cc1cc(-c2cc(OC(=O)c3ccccc3)ccc2Cl)cc2nnc(Nc3ccc(OCCN4CCCC4)cc3)nc12,216,0.5455878007098577,0.023855275598953563,0.9992757853387213,0.5335435858887104,0.8289682570933506,0.06944444444444445,0.032407407407407406,0.004629629629629629,0.032407407407407406,2.664207898076807
Cc1cc(-c2ccccc2)n(-c2cc(NN=Cc3ccco3)ncn2)n1,133,0.7261791863611686,0.04471535692918884,0.9992800262674724,0.6405562481805127,0.748953664933737,0.8796992481203008,0.09774436090225563,0.007518796992481203,0.09774436090225563,2.4000568975318153
Cc1cc(C(=O)NOCCO)c(Nc2ccc(I)cc2F)n(C)c1=O,209,0.5537263340647388,0.009229756009755199,0.999562332657662,0.2096356049227824,0.9451372430110757,0.019138755980861243,0.009569377990430622,0.009569377990430622,0.009569377990430622,3.364466613856731
Cc1cc(C(=O)Nc2cc(Oc3ccc4nc(NC(=O)C5CC5)cn4n3)ccc2C)n(C)n1,212,0.5591922098568681,0.035213138554654945,0.9981441307523184,0.2830426724563012,0.9814008512182969,0.06132075471698113,0.05188679245283019,0.0330188679245283,0.05188679245283019,4.499397649430815
Cc1cc(C)c(C=C2C(=O)Nc3ccccc32)[nH]1,138,0.7221332401051829,0.06572335803481785,0.9985322330233121,0.5710394862113727,0.86923573518237,0.9057971014492754,0.26811594202898553,0.057971014492753624,0.26811594202898553,2.5999884337948718
Cc1cc(C)c2oc(Nc3ccc(-c4cccc(C(N)=O)c4N)cc3F)nc2c1,135,0.7244809602673911,0.05303085603014436,0.99895690363234,0.6713264031633291,0.7955274118282468,0.8740740740740741,0.11851851851851852,0.02962962962962963,0.11851851851851852,2.1999801788782616
Cc1cc(C)cc(NC(=O)Nc2ccc(-c3c(C)sc4ncnc(N)c34)cc2)c1,136,0.7304787448957007,0.0804568943500379,0.997834056800953,0.5984196647643312,0.8867396470658817,0.9044117647058824,0.3382352941176471,0.1323529411764706,0.3382352941176471,2.600006947612698
Cc1cc(C)cc(NC(=O)Nc2ccc(-c3cccc4c3CNC4=O)c(C(F)(F)F)c2)c1,127,0.7401531324964925,0.050638216365137906,0.9990280825942144,0.5891489552244916,0.8294441949736373,0.8740157480314961,0.11811023622047244,0.031496062992125984,0.11811023622047244,2.3999705473896498
Cc1cc(C)cc(NC(=O)Nc2ccc(-c3cccc4c3CNC4=O)c(C)c2)c1,128,0.7411136599709269,0.06153701739461035,0.9986247804747981,0.6177471120734296,0.847789562712709,0.8984375,0.1953125,0.046875,0.1953125,2.3999705473896498
Cc1cc(C)cc(NC(=O)Nc2ccc(-c3cccc4sncc34)cc2)c1,122,0.7481153163465908,0.042012350695230447,0.999264275387329,0.5923981727849149,0.7791832379528437,0.819672131147541,0.04918032786885246,0.01639344262295082,0.04918032786885246,2.399980127825488
Cc1cc(C)cc(NC(=O)Nc2ccc(NC(=O)c3csc4ncnc(N)c34)cc2)c1,132,0.7331003988461959,0.06180746261087066,0.9984923171045382,0.3283554037987693,0.9501694631088067,0.8712121212121212,0.1590909090909091,0.06818181818181818,0.1590909090909091,3.349970801089407
Cc1cc(C)cc(NC(=O)Nc2ccc3c(c2)CCc2sc4ncnc(N)c4c2-3)c1,140,0.7168925395937867,0.06170098836797903,0.9985971315165989,0.50391752162997,0.9018525580026368,0.9357142857142857,0.20714285714285716,0.07142857142857142,0.20714285714285716,2.9000387513801886
Cc1cc(Cl)ccc1NC(=S)NNC(=O)C(O)(c1ccccc1)c1ccccc1,131,0.7321280472410557,0.05120163297595304,0.9991616285269346,0.8394395167839156,0.6433155131780433,0.9847328244274809,0.3435114503816794,0.030534351145038167,0.3435114503816794,1.300014562647406
Cc1cc(N2CCOCC2)cc2[nH]c(-c3c(NCC(O)c4cccc(Cl)c4)cc[nH]c3=O)nc12,139,0.7274941383054662,0.09034014513479256,0.9974489387545458,0.6674786145286902,0.8462477837604739,0.935251798561151,0.4676258992805755,0.23741007194244604,0.4676258992805755,2.500038134403809
Cc1cc(NC(=O)CCNC(=O)Nc2nc(C)c(-c3ccc(-n4cccn4)cc3)s2)no1,120,0.7513047318104936,0.038378296333908685,0.9994554092276956,0.8204215969999025,0.5943751633748801,0.8416666666666667,0.041666666666666664,0.0,0.041666666666666664,1.7000085293459621
Cc1cc(NC(=O)Cc2ccc(-c3cccc4[nH]nc(N)c34)cc2)ccc1F,134,0.7279516751787382,0.05798192002189976,0.9986918287959207,0.2548709160192356,0.9577605623894326,0.9104477611940298,0.16417910447761194,0.04477611940298507,0.16417910447761194,3.5000003213429354
Cc1cc(Nc2cc(N3CCN(C)CC3)nc(/C=C/c3ccccc3)n2)n[nH]1,225,0.5356013393142296,0.04230676196356708,0.9984316573324185,0.31693502546448915,0.9637271457330171,0.12,0.07111111111111111,0.022222222222222223,0.07111111111111111,3.890819789114733
Cc1cc(Nc2cc(N3CCN(C)CC3)nc(C=Cc3ccccc3)n2)n[nH]1,149,0.703309940744326,0.07607927855951141,0.9981367842955082,0.6439068885812054,0.8555381917193641,0.9463087248322147,0.348993288590604,0.1342281879194631,0.348993288590604,2.700007318532885
Cc1cc(Nc2cc(N3CCN(C)CC3)nc(Sc3ccc(NC(=O)C4CC4)cc3)n2)n[nH]1,391,0.21430858254767127,0.06761939207703195,0.9985758290633895,0.5553166056581497,0.9187037656875476,0.6317135549872123,0.20460358056265984,0.05115089514066496,0.20460358056265984,3.2034028113452493
Cc1cc(Nc2nc(N[C@@H](C)c3ncc(F)cn3)ncc2Cl)[nH]n1,222,0.5388346065016489,0.03612278115659947,0.9988244565010983,0.5795354631810892,0.8654513498164571,0.10810810810810811,0.08108108108108109,0.009009009009009009,0.08108108108108109,2.6989700043360187
Cc1cc(Nc2ncc(Cl)c(Nc3ccccc3S(=O)(=O)C(C)C)n2)c(OC(C)C)cc1C1CCNCC1,234,0.5175937094549118,0.04343368028666225,0.9986102468844613,0.19768216929094934,0.9826393231045758,0.1623931623931624,0.05128205128205128,0.017094017094017096,0.05128205128205128,4.342949297744131
Cc1cc(Nc2ncc(F)c(NC3C4C=CC(C4)C3C(N)=O)n2)ccc1N1CCN(C)CC1,149,0.7079716069332895,0.09059614508084811,0.997512089363076,0.6733819471018841,0.8362454786961457,0.9865771812080537,0.6711409395973155,0.40939597315436244,0.6711409395973155,2.3999725061624666
Cc1cc(Nc2ncnc3ccc(NC4=NC(C)(C)CO4)cc23)ccc1Oc1ccn2ncnc2c1,215,0.5396985711231327,0.0066052883773654505,0.999699792200064,0.0942316158288596,0.9488254848240442,0.013953488372093023,0.004651162790697674,0.004651162790697674,0.004651162790697674,3.638272163982407
Cc1cc(O)ccc1-n1cc(C(=O)NN)c(=O)c2ccc(-c3ccncc3)cc21,125,0.743494350741099,0.04785102995096019,0.999175350700097,0.5400302486962896,0.8154735302510843,0.904,0.152,0.016,0.152,2.5000003213429354
Cc1cc(O)ccc1-n1cc(C(N)=O)c(=O)c2ccc(-c3ccncc3)cc21,139,0.7134463885442417,0.043446937298763685,0.9993263035282347,0.6201114115659606,0.762224934808076,0.920863309352518,0.09352517985611511,0.014388489208633094,0.09352517985611511,2.2999710547891654
Cc1cc(OC2CCCC2)c(NC(=O)Nc2cnc(C#N)cn2)cc1Cl,139,0.7119818394306392,0.03855808270371663,0.9994201420994905,0.4369421205397612,0.8229465172292824,0.8489208633093526,0.03597122302158273,0.007194244604316547,0.03597122302158273,2.6999997975545824
Cc1cc(OCC2CCC(C(=O)O)C2)c(NC(=O)Nc2cnc(C#N)cn2)cc1Cl,138,0.7142164484921605,0.03910458043740936,0.9994667972439191,0.7902303638470077,0.6164396740591184,0.8768115942028986,0.050724637681159424,0.007246376811594203,0.050724637681159424,1.899970438310448
Cc1cc([C@@H](C)Nc2ccccc2C(=O)O)c2nc(N3CCOCC3)cc(=O)n2c1,223,0.5247342360390154,0.011106213103601515,0.9997653310044855,0.8487389614324916,0.2868271798414634,0.008968609865470852,0.004484304932735426,0.0,0.004484304932735426,1.8538719643217618
Cc1cc2c(F)c(Oc3ncnn4cc(OC[C@@H](C)O)c(C)c34)ccc2[nH]1,385,0.19394903162108715,0.028551560187492053,0.9993447642702643,0.5268495284851933,0.8763858160409274,0.09610389610389611,0.05194805194805195,0.01818181818181818,0.05194805194805195,2.9586073148417746
Cc1cc2c(F)c(Oc3ncnn4cc(OC[C@@H](C)OC(=O)[C@H](C)N)c(C)c34)ccc2[nH]1,219,0.532366841629075,0.009215591396761693,0.9996467165202115,0.04766906950264659,0.9741821132062178,0.0319634703196347,0.0045662100456621,0.0045662100456621,0.0045662100456621,4.0
Cc1cc2cc(-c3csc4c(-c5cccc(S(C)(=O)=O)c5)cnc(N)c34)ccc2[nH]1,122,0.7554951968924793,0.0700800930992658,0.9979846511043806,0.4276329732255359,0.9412448628669958,0.9016393442622951,0.16393442622950818,0.09836065573770492,0.16393442622950818,3.3999705473896498
Cc1cc2nnc(SCc3cn4ccccc4n3)n2c2ccccc12,132,0.7263406246140842,0.03804583197678062,0.9995016564347432,0.8372366353274846,0.557588936075546,0.8636363636363636,0.045454545454545456,0.007575757575757576,0.045454545454545456,1.8000152350051914
Cc1ccc(-c2ccc(NC(=O)Nc3cccc(Br)c3)cc2)c2c(N)n[nH]c12,140,0.7158924340278732,0.05838635277809425,0.9987207653536491,0.48031183315470627,0.9018539519437563,0.9571428571428572,0.17857142857142858,0.07142857142857142,0.17857142857142858,3.0000384557467443
Cc1ccc(-c2cnc(N)c3c(-c4ccc(NC(=O)Nc5cccc(F)c5)cc4)csc23)cn1,132,0.7352180090861532,0.06925118345435662,0.9982010299664013,0.39793358498260095,0.9449245886028828,0.9090909090909091,0.22727272727272727,0.06818181818181818,0.22727272727272727,3.249974326438819
Cc1ccc(-c2nn(C(C)(C)C)c3ncnc(N)c23)cc1,147,0.705299622880022,0.06978928582537569,0.9982562670529684,0.5108078372258136,0.9131553105667912,0.891156462585034,0.22448979591836735,0.07482993197278912,0.22448979591836735,3.0000384557467443
Cc1ccc(-n2nc(C(C)(C)C)cc2NC(=O)NCc2cc(F)ccc2Oc2ccc3c(cnn3CCO)c2)cc1,219,0.5469772071882699,0.04017088646281846,0.99872823243261,0.41537741967707903,0.9246709299616022,0.136986301369863,0.0593607305936073,0.0136986301369863,0.0593607305936073,3.364466613856731
Cc1ccc(-n2nc(C(C)(C)C)cc2NC(=O)Nc2ccc(OCCN3CCOCC3)c3ccccc23)cc1,378,0.2202076868383788,0.04279462088097286,0.9991876111405075,0.4822201772609449,0.9025153188762146,0.30952380952380953,0.09523809523809523,0.015873015873015872,0.09523809523809523,3.1443899972485294
Cc1ccc(C(=O)Nc2c(C#N)sc3ccc(Cl)c(Cl)c23)cc1,134,0.7226929860766163,0.039772727907089446,0.9994291296680198,0.6077018395557762,0.719373308323174,0.8582089552238806,0.05223880597014925,0.007462686567164179,0.05223880597014925,2.4000568975318153
Cc1ccc(C(=O)Nc2c(C(N)=O)sc3ccc(Cl)c(Cl)c23)cc1,132,0.7275575793345934,0.042323612206449396,0.9993819769319033,0.8640030178646901,0.5619518949832352,0.9318181818181818,0.10606060606060606,0.0,0.10606060606060606,1.4000006169763797
Cc1ccc(C(=O)Nc2ccc(CN3CCN(C)CC3)c(C(F)(F)F)c2)cc1C#Cc1cnc2cccnn12,219,0.5810302904186019,0.11231988472251726,0.9949808800004548,0.5644572870039855,0.9280061113438506,0.319634703196347,0.2328767123287671,0.1643835616438356,0.2328767123287671,4.435728569561437
Cc1ccc(C(=O)Nc2ccc(Oc3cc4cnn(C)c4cc3-c3cn[nH]c3)c(F)c2)c(=O)n1-c1ccc(F)cc1,223,0.5303459729589723,0.02278265225544038,0.9990852776959432,0.26651904871514,0.9566138455865482,0.053811659192825115,0.03587443946188341,0.017937219730941704,0.03587443946188341,3.664207898076807
Cc1ccc(C(=O)Nc2ccon2)cc1Nc1ncnc2c1cnn2-c1ccccc1,144,0.7067452199186237,0.05506793084889877,0.9985975680701289,0.24441813008561877,0.9700086398478398,0.7986111111111112,0.0625,0.034722222222222224,0.0625,3.7999997628906463
Cc1ccc(CNc2c(Nc3ccncc3)c(=O)c2=O)cc1,130,0.7321487970640463,0.043977244905519366,0.9993248491418851,0.8348939095562782,0.6080766322421269,0.8846153846153846,0.1,0.0,0.1,1.450008834098493
Cc1ccc(CNc2c(Nc3ccncc3)c(=O)c2=O)cc1C,116,0.7600596323688248,0.040238529475298816,0.9993921784576745,0.8152276982830758,0.6245881098209383,0.853448275862069,0.06896551724137931,0.0,0.06896551724137931,1.4999979321479806
Cc1ccc(CNc2ccc3nnc(-c4ccccc4)n3n2)cc1,101,0.788165992636873,0.026821985975337224,0.9996793336540587,0.853915673505455,0.4845657696489613,0.8316831683168316,0.019801980198019802,0.0,0.019801980198019802,1.4999915603368335
Cc1ccc(F)c(NC(=O)Nc2ccc(-c3ccc4nccnc4c3N)cc2)c1,134,0.7242150576784356,0.04504318479697129,0.9992416127208885,0.4974563761104671,0.8250638338857931,0.8656716417910447,0.08955223880597014,0.014925373134328358,0.08955223880597014,2.649999805749001
Cc1ccc(F)c(NC(=O)Nc2ccc(-c3cccc4[nH]nc(N)c34)cc2)c1,393,0.19709714351361854,0.05204344679470479,0.9988563746984034,0.48436539883009055,0.9437381890382528,0.48854961832061067,0.10432569974554708,0.043256997455470736,0.10432569974554708,3.4685210829577446
Cc1ccc(F)c(NC(=O)Nc2ccc(-c3cncc4c3c(N)nn4C)cc2)c1,139,0.7206937156503173,0.06763945368163467,0.9979684133469838,0.3333732511106408,0.9687115742447893,0.920863309352518,0.17985611510791366,0.05755395683453238,0.17985611510791366,3.800037630520791
Cc1ccc(F)c(NC(=O)Nc2ccc(-c3nsc4ncnc(N)c34)cc2)c1,135,0.7294769552658014,0.07020227587653198,0.9981811091779608,0.4342719997342973,0.9298721185686726,0.8962962962962963,0.21481481481481482,0.0962962962962963,0.21481481481481482,3.2999710547891654
Cc1ccc(NC(=O)Nc2ccc(-c3cccc4c3CNC4=O)cc2)cc1C,134,0.725343140703689,0.04894938273516201,0.9990844355832942,0.5607488166236169,0.8380031131078157,0.8582089552238806,0.09701492537313433,0.03731343283582089,0.09701492537313433,2.449970539195231
Cc1ccc(NC(=O)Nc2ccc(-c3coc4ncnc(N)c34)cc2)cc1,135,0.7272608322693007,0.06258537905893005,0.9985104831975711,0.4050438496227868,0.9312330722166858,0.9111111111111111,0.18518518518518517,0.08148148148148149,0.18518518518518517,3.0999702295632137
Cc1ccc(NC(=O)Nc2ccc(-c3csc4c(-c5cnn(C(C)C(=O)N(C)C)c5)cnc(N)c34)cc2)cc1,125,0.7534792477367093,0.08491496759866494,0.99752068964248,0.5567404184110871,0.8980369879832621,0.896,0.328,0.152,0.328,2.8999798610518255
Cc1ccc(NC(=O)Nc2ccc(-c3csc4c(-c5cnn(C)c5)cnc(N)c34)cc2)cc1,124,0.759277640675371,0.09923246188203355,0.9964340986130678,0.5625266740185398,0.9031225825602542,0.9032258064516129,0.2903225806451613,0.23387096774193547,0.2903225806451613,3.4999701368728484
Cc1ccc(NC(=O)Nc2ccc(-c3csc4ncnc(N)c34)cc2)cc1C,132,0.7395128674659743,0.08434826139554615,0.9975736873144821,0.33086146024983815,0.9559654617285455,0.9242424242424242,0.3712121212121212,0.1590909090909091,0.3712121212121212,3.799979490131639
Cc1ccc(NC(=O)Nc2ccc(NC(=O)c3csc4ncnc(N)c34)cc2)cc1,131,0.7342630396551438,0.05876374351134933,0.9986298249050727,0.18351704625552048,0.9665004275636013,0.9083969465648855,0.16793893129770993,0.061068702290076333,0.16793893129770993,3.5999712577322445
Cc1ccc(NC(=O)c2ccc(CN3CCN(C)CC3)cc2)cc1Nc1nc(-c2cccnc2)cs1,387,0.18829202303440712,0.02678940229448295,0.9992762782964678,0.4512410362539214,0.9255249483914436,0.06459948320413436,0.05167958656330749,0.028423772609819122,0.05167958656330749,3.1191864077192086
Cc1ccc(NC(=O)c2ccc(CN3CCN(C)CC3)cc2)cc1Nc1nccc(-c2cccnc2)n1,395,0.1733146207810383,0.028906288714941275,0.9995061938149273,0.444473749361485,0.8886739915047926,0.379746835443038,0.02531645569620253,0.012658227848101266,0.02531645569620253,3.154901959985743
Cc1ccc(NC(=O)c2ccc(CN3CC[C@H](N(C)C)C3)c(C(F)(F)F)c2)cc1Nc1nccc(-c2cncnc2)n1,223,0.5416732214395886,0.04635145626891974,0.9982335216002844,0.43469403614423074,0.9520858424859396,0.12556053811659193,0.06726457399103139,0.04035874439461883,0.06726457399103139,3.4771212547196626
Cc1ccc(Nc2nc3ccc([N+](=O)[O-])cc3[nH]2)nc1,146,0.700186496723975,0.04716804438304394,0.9992108518056813,0.6043293716547024,0.8008685484397075,0.952054794520548,0.17123287671232876,0.02054794520547945,0.17123287671232876,2.5000003213429354
Cc1ccc(Nc2nccc(N(C)c3ccc4c(C)n(C)nc4c3)n2)cc1S(N)(=O)=O,383,0.2143355724163923,0.048176777026647556,0.9990281376952106,0.4920387071914481,0.9153887817584512,0.3524804177545692,0.1174934725848564,0.031331592689295036,0.1174934725848564,3.400007822415901
Cc1ccc(S(=O)(=O)Nc2nc3ccccc3nc2Nc2ccc3nsnc3c2)cc1,211,0.5452586206896551,-3.613352282501938e-17,1.0000000000000002,1.0000000000000002,-4.016395281466543e-17,0.0,0.0,0.0,0.0,0.0
Cc1ccc2c(c1)NC(=O)c1ccccc1N2,133,0.7237387829073789,0.036201468188149344,0.9995238610398437,0.7225682449177838,0.6253733768038818,0.8421052631578947,0.022556390977443608,0.007518796992481203,0.022556390977443608,2.2000075853065484
Cc1ccc2nc(NCCN)c3ncc(C)n3c2c1,365,0.2204861497180441,0.009056365668965633,0.9998649932609406,0.8958446437707399,0.3321977592684624,0.08493150684931507,0.021917808219178082,0.0,0.021917808219178082,1.5850266520291818
Cc1ccc2nccc(NC(=O)Nc3cccc(C(F)(F)F)n3)c2c1,135,0.7226833519106433,0.04685240952991479,0.9992389078125574,0.7923262853505595,0.6841547028680112,0.9111111111111111,0.1259259259259259,0.007407407407407408,0.1259259259259259,1.6000157587935444
Cc1cccc(-c2[nH]c(-c3ccnc(N)n3)cc2C(N)=O)c1C,123,0.750453759067834,0.0586223106298778,0.9988044622952721,0.6521435736599125,0.8191141331515368,0.9349593495934959,0.2764227642276423,0.08130081300813008,0.2764227642276423,2.199999125196797
Cc1cccc(-c2c(-c3ccncc3)nc(NCC(N)Cc3ccccc3)n(C)c2=O)c1,105,0.7802867344839619,0.029076617148175252,0.9996352434804298,0.8371978103385894,0.5227549987015665,0.8476190476190476,0.0380952380952381,0.0,0.0380952380952381,1.4999915603368335
Cc1cccc(-c2nn3c(c2-c2ccnc4ccc(C(N)=O)cc24)CCC3)n1,215,0.5474862977887994,0.023412289181408624,0.9990579744398217,0.32849746845078465,0.9512093931276154,0.05581395348837209,0.037209302325581395,0.023255813953488372,0.037209302325581395,3.4357285695614372
Cc1cccc(C2(c3cccc(C)c3)CC2C(=O)Nc2ccncc2)c1,117,0.756392531181841,0.03389858519978026,0.9995712973570251,0.8614310778793094,0.5239976344643018,0.8376068376068376,0.02564102564102564,0.0,0.02564102564102564,1.5999978974840445
Cc1cccc(NC(=O)Nc2ccc(-c3cccc(C(N)=O)c3)cc2)c1,133,0.7245870477183348,0.03916082813013067,0.9993988040960713,0.4282341530228023,0.8231120454173946,0.849624060150376,0.03759398496240601,0.007518796992481203,0.03759398496240601,2.7999997628906463
Cc1cccc(NC(=O)Nc2ccc(-c3cccc4[nH]nc(N)c34)cc2)c1,140,0.7171239061168626,0.062467803130172764,0.9984855873752558,0.2908263729112284,0.9601374265045253,0.95,0.18571428571428572,0.07142857142857142,0.18571428571428572,3.4999701368728484
Cc1cccc(NC(=O)Nc2ccc(-c3cccc4c3CNC4=O)cc2)c1,137,0.7217254685606678,0.05752275483321094,0.9987195755010542,0.4496473925065989,0.9140460983660204,0.9124087591240876,0.16058394160583941,0.051094890510948905,0.16058394160583941,3.000007636359321
Cc1cccc(NC(=O)Nc2ccc(-c3cccc4c3CNC4=O)cc2C)c1,135,0.7237849890192848,0.050638777073689745,0.9989046762229854,0.4340619130309222,0.9088013663832313,0.837037037037037,0.07407407407407407,0.02962962962962963,0.07407407407407407,2.9000152003412545
Cc1cccc(NC(=O)Nc2ccc(-c3cnc4c(-c5cnn(C)c5)cnn4c3N)cc2)c1,134,0.7354364799084063,0.08389945281716751,0.9974591011617701,0.48660072529145676,0.9329427296676217,0.9253731343283582,0.27611940298507465,0.1417910447761194,0.27611940298507465,3.2999994961169836
Cc1cccc(NC(=O)Nc2ccc(-c3cncc4c3c(N)nn4C)cc2)c1,139,0.7192278738031465,0.06274628377453159,0.9984348036461312,0.45881576244904126,0.9315585910496493,0.9280575539568345,0.2014388489208633,0.05755395683453238,0.2014388489208633,2.798959682920424
Cc1cccc(NC(=O)Nc2ccc(-c3coc4ncnc(N)c34)cc2)c1,137,0.7261800266467124,0.07260972528521516,0.998057741608028,0.3342384268741653,0.9606351613748861,0.9343065693430657,0.25547445255474455,0.08029197080291971,0.25547445255474455,3.5999884337948718
Cc1cccc(NC(=O)Nc2ccc(-c3csc4c(-c5cnn(C)c5)cnc(N)c34)cc2)c1,121,0.7681643783360376,0.1109774508092684,0.9958897415783662,0.5186605033954548,0.9125119923542174,0.9256198347107438,0.4380165289256198,0.2809917355371901,0.4380165289256198,3.90005622517403
Cc1cccc(NC(=O)Nc2ccc(-c3csc4c(-c5cnn(CC(C)O)c5)cnc(N)c34)cc2)c1,153,0.7040582236145042,0.10250337096163338,0.9966734021701684,0.5970694105947473,0.8973696429264019,0.9477124183006536,0.40522875816993464,0.27450980392156865,0.40522875816993464,3.281680403547199
Cc1cccc(NC(=O)Nc2ccc(-c3csc4c(C#CC(C)(C)N)cnc(N)c34)cc2)c1,122,0.7584658180846212,0.0813781933710184,0.9976782905976046,0.4902709834011687,0.9246212771338053,0.9344262295081968,0.3524590163934426,0.12295081967213115,0.3524590163934426,3.199999125196797
Cc1cccc(NC(=O)Nc2ccc(-c3csc4c(C#CCN(C)C)cnc(N)c34)cc2)c1,139,0.7250907888233097,0.08231745333824221,0.9977191752046528,0.4959576836905694,0.921023720142183,0.935251798561151,0.3381294964028777,0.14388489208633093,0.3381294964028777,3.300014562647405
Cc1cccc(NC(=O)Nc2ccc(-c3csc4c(C#CCN)cnc(N)c34)cc2)c1,121,0.7602703205183915,0.08070602248374859,0.9976506869507888,0.3873608732096079,0.9480213343657913,0.9504132231404959,0.33884297520661155,0.1487603305785124,0.33884297520661155,3.6000069476126964
Cc1cccc(NC(=O)Nc2ccc(-c3csc4c(C#CCN5CCCC5)cnc(N)c34)cc2)c1,138,0.7259526747164327,0.07856551498858474,0.9979158566034243,0.45551957383076136,0.9271513375541753,0.9347826086956522,0.34057971014492755,0.14492753623188406,0.34057971014492755,3.300014562647405
Cc1cccc(NC(=O)Nc2ccc(-c3csc4c(C#CCN5CCOCC5)cnc(N)c34)cc2)c1,120,0.7630591621690728,0.08382876038708086,0.9974754509636181,0.4752337592028604,0.9299506038121437,0.9,0.30833333333333335,0.14166666666666666,0.30833333333333335,3.3500000565466816
Cc1cccc(NC(=O)Nc2ccc(-c3csc4c(C#CCNS(C)(=O)=O)cnc(N)c34)cc2)c1,121,0.7626678536163071,0.08989986841294564,0.9972160605501084,0.4834431393850812,0.9277545363075547,0.8925619834710744,0.371900826446281,0.1652892561983471,0.371900826446281,3.300014562647405
Cc1cccc(NC(=O)Nc2ccc(-c3csc4ccnc(N)c34)cc2)c1,138,0.7211488964977223,0.062413680977848766,0.9985319573777887,0.39294006972494383,0.938004835243795,0.9202898550724637,0.18115942028985507,0.057971014492753624,0.18115942028985507,3.1999713504226097
Cc1cccc(NC(=O)Nc2ccc(-c3csc4nc(N)nc(N)c34)cc2)c1,139,0.7159503275150064,0.05180540983426587,0.9988068139833146,0.34755060631149043,0.9466138114825831,0.8561151079136691,0.09352517985611511,0.03597122302158273,0.09352517985611511,3.2000379319583914
Cc1cccc(NC(=O)Nc2ccc(-c3csc4ncnc(N)c34)cc2)c1,141,0.7239512723668436,0.09158432892351398,0.997010895688719,0.28880059599717567,0.9724048146822946,0.9078014184397163,0.3475177304964539,0.15602836879432624,0.3475177304964539,4.299999496116984
Cc1cccc(NC(=O)Nc2ccc(-c3noc4ncnc(N)c34)cc2)c1,135,0.7231014621359599,0.04828946985989157,0.9990768579939753,0.48266306479898496,0.8755993677726075,0.8962962962962963,0.08148148148148149,0.02962962962962963,0.08148148148148149,2.5999998139434197
Cc1cccc(NC(=O)Nc2ccc(NC(=O)c3csc4ncnc(N)c34)cc2)c1,138,0.7197549102946939,0.057726654903898465,0.9988089275708087,0.6209586636497612,0.8468119443137433,0.9420289855072463,0.18840579710144928,0.057971014492753624,0.18840579710144928,2.299974886868517
Cc1cccc(NC(=O)Nc2ccc3c(c2)CCc2sc4ncnc(N)c4c2-3)c1,135,0.7292681239502051,0.06948451491033437,0.9982732594156585,0.45827078947110794,0.918276649966444,0.9185185185185185,0.24444444444444444,0.1037037037037037,0.24444444444444444,3.1000577169536125
Cc1cccc(Nc2nc(NC3CCCCC3N)cnc2C(N)=O)c1,153,0.6945719813497759,0.07373463625030045,0.9983091557252567,0.6655561457011515,0.844574118448619,0.9869281045751634,0.47058823529411764,0.16993464052287582,0.47058823529411764,2.500038134403809
Cc1cccc(Nc2nccc(Nc3c(NC(C)C(C)(C)C)c(=O)c3=O)n2)c1,119,0.7614666700247765,0.06992046127307827,0.9984004418879467,0.6981414248069996,0.8075810463438583,0.9411764705882353,0.40336134453781514,0.10084033613445378,0.40336134453781514,1.999969858643027
Cc1ccccc1NC(=O)Nc1ccc(-c2coc3ncnc(N)c23)cc1,134,0.7263537091245827,0.05244866443139145,0.9989409832413884,0.4632437450984249,0.8944850283028835,0.917910447761194,0.13432835820895522,0.03731343283582089,0.13432835820895522,2.699989554654268
Cc1ccccc1NC(=O)Nc1ccc(NC(=O)c2csc3ncnc(N)c23)cc1,133,0.7299242428600764,0.05778081719605615,0.9986998097738572,0.39190487678040126,0.9277249321372124,0.9097744360902256,0.15789473684210525,0.03007518796992481,0.15789473684210525,3.0000384557467443
Cc1ccccc1NC(=O)Nc1ccc2c(c1)CCc1sc3ncnc(N)c3c1-2,135,0.7227951054094481,0.0472365104443257,0.9991638117101472,0.4929618787945849,0.847356243350882,0.9037037037037037,0.0962962962962963,0.022222222222222223,0.0962962962962963,2.6000157587935435
Cc1cn(-c2cc(NC(=O)c3ccc(C)c(Nc4nccc(-c5cccnc5)n4)c3)cc(C(F)(F)F)c2)cn1,386,0.20075136164012333,0.039245160106262195,0.9990244551258848,0.5128495562992308,0.922371362486815,0.16580310880829016,0.08290155440414508,0.031088082901554404,0.08290155440414508,3.1625694296310947
Cc1cn2c(-c3ccnc(NCC(C)(C)CO)n3)c(-c3ccc(F)cc3F)nc2c(C)n1,125,0.7416156253021504,0.04087720112158245,0.9993590979384719,0.5785778633061652,0.7670701739402834,0.872,0.064,0.016,0.064,2.4000568975318153
Cc1cnc(-c2cnc(NCCNc3ccc(C#N)cn3)nc2-c2ccc(Cl)cc2Cl)[nH]1,126,0.7391751125481436,0.03950200176459251,0.9992736030549493,0.2819221317929079,0.9258398518453833,0.873015873015873,0.031746031746031744,0.015873015873015872,0.031746031746031744,3.0505187065945236
Cc1cnc(NC(=O)Nc2cc(Br)c(C)cc2OC[C@@H]2CNCCO2)cn1,222,0.5230441486392544,0.003119301660423727,0.9998339303283892,0.206340075171786,0.8618375638130691,0.0045045045045045045,0.0045045045045045045,0.0045045045045045045,0.0045045045045045045,3.156086941048909
Cc1cnc(Nc2ccc(OCCN3CCCC3)cc2)nc1Nc1cccc(S(=O)(=O)NC(C)(C)C)c1,383,0.23856345539499094,0.07752857259340938,0.9983565621535656,0.4735264821626213,0.9329774426012873,0.7023498694516971,0.33159268929503916,0.0783289817232376,0.33159268929503916,3.3942770053917055
Cc1cnc(Nc2cccc(S(N)(=O)=O)c2)nc1Nc1ccc(OCC(N)=O)cc1,128,0.7432237151332469,0.06918596735801928,0.9984777073080175,0.6726800934127165,0.8058137992445034,0.96875,0.4921875,0.109375,0.4921875,2.400007822415901
Cc1cncc2cccc(S(=O)(=O)N3CCCNCC3C)c12,119,0.7574440260511777,0.05423553014912958,0.9989152756684171,0.5394342708679878,0.8597039158848755,0.9327731092436975,0.18487394957983194,0.04201680672268908,0.18487394957983194,2.500016054426988
Cc1csc(-c2nnc(Nc3ccc(Oc4ncccc4-c4ccnc(N)n4)cc3)c3ccccc23)c1,212,0.5643378810759041,0.04647536235480911,0.9984050111363512,0.1745186528108125,0.9846379895215002,0.1650943396226415,0.04245283018867924,0.014150943396226415,0.04245283018867924,4.477121254719663
Cc1csc(NC(=O)c2sc3nc(-c4ccncc4)ccc3c2N)n1,127,0.7370171759240903,0.03918086321872395,0.9994170467604816,0.7367195833654968,0.6437140644098656,0.8661417322834646,0.031496062992125984,0.007874015748031496,0.031496062992125984,1.9999887352324697
Cc1n[nH]c2c1C(c1ccccc1Cl)C(C#N)=C(N)O2,134,0.7217493698209642,0.03650528057408471,0.9994992644457701,0.5782718938099087,0.7234223872410285,0.8731343283582089,0.029850746268656716,0.007462686567164179,0.029850746268656716,2.4500568801998472
Cc1n[nH]c2c1C(c1ccccc1F)C1=C(CC(C)(C)CC1=O)N2,133,0.7250271858758176,0.04069634771713818,0.9993367827958876,0.49454164917934884,0.8228984496175994,0.8646616541353384,0.045112781954887216,0.015037593984962405,0.045112781954887216,2.4999705310008125
Cc1n[nH]c2ccc(-c3cncc(OCC(N)Cc4c[nH]c5ccccc45)c3)cc12,131,0.7409139828663829,0.08232128282443965,0.9977705774054512,0.5938646965237023,0.8778153126187902,0.9694656488549618,0.48854961832061067,0.2366412213740458,0.48854961832061067,3.100015437450608
Cc1n[nH]c2ccc(-c3cncc(OCC(N)Cc4ccc(Cl)c(Cl)c4)c3)cc12,127,0.7486988615284296,0.08186040747394759,0.9978597317246276,0.6629849922950238,0.8364448154873318,0.984251968503937,0.5433070866141733,0.25984251968503935,0.5433070866141733,2.799975235045607
Cc1n[nH]c2ccc(-c3cncc(OCC(N)Cc4cccc(Cl)c4)c3)cc12,127,0.7497380763480053,0.08565722382263329,0.9976418560548396,0.6095781020461215,0.8744509529091111,0.984251968503937,0.5590551181102362,0.30708661417322836,0.5590551181102362,2.900017265268577
Cc1n[nH]c2ccc(-c3cncc(OCC(N)Cc4cccc(OC(F)(F)F)c4)c3)cc12,128,0.7463768473253956,0.08061607155455962,0.9978453448324855,0.6677273551346289,0.8479144178856992,0.984375,0.453125,0.234375,0.453125,2.600039717205161
Cc1n[nH]c2ccc(-c3cncc(OCC(N)Cc4ccccc4)c3)cc12,136,0.726283808831596,0.0661447595430916,0.9985676372085267,0.6802707120514372,0.8261443909685605,0.9779411764705882,0.40441176470588236,0.14705882352941177,0.40441176470588236,2.2999722235572184
Cc1n[nH]c2ccc(-c3cncc(OCCN)c3)cc12,134,0.7290451656137844,0.061768334662656306,0.9986403831167566,0.6135208781731875,0.8600120802031301,0.9253731343283582,0.23880597014925373,0.06716417910447761,0.23880597014925373,2.2999994961169836
Cc1n[nH]c2ccc(-c3cncc(OC[C@@H](N)Cc4ccccc4)c3)cc12,365,0.26500708237765036,0.06565283896775287,0.998327124448553,0.35055562904229165,0.9735975487066454,0.38082191780821917,0.2054794520547945,0.06027397260273973,0.2054794520547945,4.292429823902063
Cc1n[nH]c2cccc(-c3ccc(NC(=O)Nc4cccc(C(F)(F)F)c4)cc3)c12,121,0.7538249218329115,0.05598978289645366,0.9987337794852916,0.460078983959493,0.9078743346023008,0.8677685950413223,0.12396694214876033,0.049586776859504134,0.12396694214876033,2.899988751621308
Cc1n[nH]c2cnc(-c3cncc(OCC(N)Cc4cccc(C(F)(F)F)c4)c3)cc12,113,0.7760426537787974,0.08038753410054868,0.9978398689553984,0.6362912268327606,0.8513887677516786,0.9823008849557522,0.5132743362831859,0.3008849557522124,0.5132743362831859,2.799975235045607
Cc1nc(COc2ccccc2Cl)sc1-c1ccnc(N)n1,134,0.7251285663165407,0.048206378887126256,0.9991407146461293,0.3709341259918189,0.885275808200253,0.9104477611940298,0.12686567164179105,0.022388059701492536,0.12686567164179105,2.800008439392281
Cc1nc(N)sc1-c1ccnc(Nc2ccc(N3CCOCC3)cc2)n1,264,0.4838200402827434,0.09277461625451854,0.9975376349820386,0.6013167551128629,0.9046087284798141,0.6401515151515151,0.2689393939393939,0.07575757575757576,0.2689393939393939,2.9568831550942845
Cc1nc(NC(=O)N2CCC[C@H]2C(N)=O)sc1-c1ccnc(C(C)(C)C(F)(F)F)c1,197,0.5773839253418733,0.004599702328066861,0.9999241052964338,0.9611837937389591,0.14191028809203274,0.02030456852791878,0.0,0.0,0.0,1.1782681783099562
Cc1nc(Nc2n[nH]c3c2CN(C(=O)N[C@H](CN(C)C)c2ccccc2)C3(C)C)c2sccc2n1,223,0.5653450170710389,0.09560577543032278,0.9966343299425902,0.5177597779295589,0.9378565912037173,0.36771300448430494,0.22869955156950672,0.08520179372197309,0.22869955156950672,4.0
Cc1nc(Nc2ncc(C(=O)Nc3c(C)cccc3Cl)s2)cc(N2CCN(CCO)CC2)n1,397,0.22665271818662186,0.0961381895178654,0.9965405093930658,0.4907272900118445,0.9629346602984208,0.5415617128463476,0.20151133501259447,0.12846347607052896,0.20151133501259447,4.899999881445323
Cc1nc2c(sc3c(Br)ccc(Cl)c32)c(=O)o1,137,0.7179004718060976,0.04456802129948397,0.9992750613444543,0.7054218923028303,0.7279828899587104,0.8686131386861314,0.08029197080291971,0.014598540145985401,0.08029197080291971,2.1000076199704845
Cc1nc2cc(-c3nn(C(C)C)c4ncnc(N)c34)ccc2o1,218,0.5511432017494887,0.0446350716135906,0.9986161625704549,0.40689828322288035,0.9396894518304119,0.1651376146788991,0.05504587155963303,0.013761467889908258,0.05504587155963303,3.3631779024128257
Cc1nc2ccc(-n3ncc(C(=O)c4cc5ccccc5[nH]4)c3N)cc2[nH]1,204,0.5704452822909216,0.02297358324993939,0.9988180784587376,0.30753328614824005,0.9700614343236785,0.0392156862745098,0.03431372549019608,0.024509803921568627,0.03431372549019608,3.7543191530828643
Cc1nc2ccc(NS(=O)(=O)c3ccc(N)cc3)cc2nc1C,130,0.7325872773838275,0.0455422823545845,0.9993132770598316,0.8346698660852955,0.6221365241094474,0.9307692307692308,0.13846153846153847,0.0,0.13846153846153847,1.4000006169763797
Cc1ncc(-c2ccnc(Nc3ccc(S(C)(=O)=O)cc3)n2)n1C(C)C,209,0.5641758248268622,0.03242862545293803,0.9981529937373214,0.4783583992897839,0.892349766520577,0.08133971291866028,0.0430622009569378,0.019138755980861243,0.0430622009569378,2.7367585652254185
Cc1nccn2c(-c3ccnc(NCC(C)(C)C(=O)O)n3)c(-c3ccc(F)cc3F)nc12,131,0.7278961484172297,0.036212311951104095,0.9995269575037976,0.8220261291522016,0.5619300955559461,0.8549618320610687,0.015267175572519083,0.0,0.015267175572519083,1.7999997628906463
Cc1nccn2c(-c3ccnc(NCC(C)(C)CO)n3)c(-c3ccc(F)cc3F)nc12,152,0.6849541349867417,0.03828104364373786,0.9991978906249099,0.02861758750104203,0.9892372024437742,0.9276315789473685,0.03289473684210526,0.019736842105263157,0.03289473684210526,4.499974083835555
Cc1nccn2c(-c3ccnc(NCC(C)(C)O)n3)c(-c3ccc(F)cc3F)nc12,157,0.6733438582767117,0.0345958614037853,0.9994731136220912,0.2587397850542494,0.9100508950143141,0.9299363057324841,0.025477707006369428,0.012738853503184714,0.025477707006369428,3.1000379483472287
Cc1nccn2c(-c3ccnc(NCC4(O)CC4)n3)c(-c3ccc(F)cc3F)nc12,139,0.7117929025363413,0.037927386883902355,0.9994864000619988,0.6694200599356703,0.6760598940011032,0.8992805755395683,0.04316546762589928,0.007194244604316547,0.04316546762589928,2.1999801788782616
Cc1nccn2c(-c3ccnc(NCCC(C)(C)O)n3)c(-c3ccc(F)cc3F)nc12,133,0.7248434778292433,0.04005544144938999,0.99942560949805,0.7046173283322088,0.6753374128484867,0.8872180451127819,0.06015037593984962,0.007518796992481203,0.06015037593984962,2.1000379483472296
Cc1nn(-c2ccccc2)c2c1c(=O)c1cc(Cl)ccc1n2O,116,0.7573466717819657,0.02938668712786266,0.9996808280156675,0.9272929196800835,0.4191499551414188,0.8275862068965517,0.017241379310344827,0.0,0.017241379310344827,1.0999973657483926
Cc1nnc(-c2cc3c(Oc4ccc(C(F)(F)F)cc4)cncc3s2)o1,134,0.7252479107522073,0.04861963126137457,0.999061951241108,0.3404701424414947,0.9157220378584239,0.8955223880597015,0.1044776119402985,0.014925373134328358,0.1044776119402985,2.9000081437588365
Clc1cc(-c2c[nH]c3ncccc23)cc(NCc2ccccc2)n1,117,0.768799571958937,0.08310257597390414,0.9977994920272744,0.7087708875463876,0.809197035485747,0.9658119658119658,0.6153846153846154,0.3076923076923077,0.6153846153846154,2.0999834329865354
Clc1cc(-c2c[nH]c3ncccc23)nc(NC2CCCCC2)n1,144,0.7107042433955874,0.06782478427467048,0.9983635330252099,0.3276564402590266,0.9507677652698733,0.9513888888888888,0.3055555555555556,0.09027777777777778,0.3055555555555556,3.5999884337948718
Clc1cc(NC2CCCCC2)nc(-c2c[nH]c3ncccc23)n1,145,0.7029777983646294,0.04952895476681417,0.9991181442040347,0.38864066989952545,0.9014663659167443,0.9793103448275862,0.2827586206896552,0.027586206896551724,0.2827586206896552,3.0000565960942165
Clc1ccc(-c2n[nH]cc2-c2ccncn2)cc1Cl,134,0.7222151191068062,0.03811802436983678,0.9994940637371471,0.7833470878061177,0.6001597395446351,0.8805970149253731,0.05223880597014925,0.007462686567164179,0.05223880597014925,1.9999887352324697
Clc1ccc(Nc2nnc(Cc3ccncc3)c3ccccc23)cc1,396,0.16531004502669217,0.021979446697942384,0.9997306804956101,0.7091404292057268,0.6251733877026523,0.351010101010101,0.020202020202020204,0.005050505050505051,0.020202020202020204,2.376750709602099
Clc1csc2ncnc(Nc3ccccc3)c12,134,0.7224332256129303,0.03887325883880336,0.9994482207304911,0.6024731009692478,0.7220807703953693,0.8731343283582089,0.04477611940298507,0.007462686567164179,0.04477611940298507,2.4000568975318153
Cn1c(=O)c(F)c(Nc2ccc(I)cc2F)c2c(=O)n(C[C@@H](O)CO)cnc21,215,0.5402351169441723,0.0077632291260277386,0.9995976809886801,0.18012401042614326,0.9529571170093825,0.013953488372093023,0.009302325581395349,0.009302325581395349,0.009302325581395349,3.5634366181927497
Cn1c(=O)c(Oc2ccc(F)cc2F)cc2cnc(NC3CCOCC3)nc21,149,0.6961885907642623,0.053902725601461574,0.9987358743894135,0.32103776785231597,0.9579123721599941,0.8859060402684564,0.09395973154362416,0.04697986577181208,0.09395973154362416,3.449484816111429
Cn1c(=O)c(S(=O)(=O)c2ccc(F)cc2F)cc2cnc(Nc3ccc4[nH]ccc4c3)nc21,319,0.3153173415732534,0.004097951379277633,0.9999492055109089,0.952434623977753,0.1533702407103409,0.0438871473354232,0.006269592476489028,0.0,0.006269592476489028,1.4659738939438647
Cn1c(=O)n(-c2ccc(C(C)(C)C#N)cc2)c2c3cc(-c4cnc5ccccc5c4)ccc3ncc21,234,0.5191200129990141,0.046460196715993635,0.9988097801327278,0.22145446534356478,0.9786499503667173,0.23931623931623933,0.03418803418803419,0.01282051282051282,0.03418803418803419,4.176091259055681
Cn1c(NCC(N)Cc2ccccc2)nc(-c2ccncc2)c(-c2ccc3ccccc3c2)c1=O,164,0.6625650297237413,0.045305937754975295,0.9989714924639166,0.1191860055386134,0.9827301738644226,0.9573170731707317,0.07926829268292683,0.03048780487804878,0.07926829268292683,4.199980178878262
Cn1c(Nc2ccc(C(F)(F)F)cc2)nc2cc(Oc3ccnc(-c4ncc(C(F)(F)F)[nH]4)c3)ccc21,383,0.20080744333023892,0.03178760758545914,0.9993299790137111,0.5731933183288785,0.8512027496844043,0.1462140992167102,0.06788511749347259,0.018276762402088774,0.06788511749347259,2.886056647693163
Cn1cc(-c2ccc(F)c(C(F)(F)F)c2)nc1C1CCN(c2ncnc3[nH]ncc23)CC1,205,0.559884476601964,0.003836083625908863,0.9997694412516346,0.08730528654480575,0.9450849550689713,0.004878048780487805,0.004878048780487805,0.004878048780487805,0.004878048780487805,3.5880456295278407
Cn1cc(-c2ccc3nnc(C(F)(F)c4ccc5ncccc5c4)n3n2)cn1,218,0.5321104916477408,0.004125083140145547,0.9997266031478446,0.03268025172780846,0.978583720516545,0.0045871559633027525,0.0045871559633027525,0.0045871559633027525,0.0045871559633027525,4.103027241216562
Cn1cc(-c2ccc3nnc(Sc4ccc5ncccc5c4)n3n2)cn1,384,0.17950017942778174,0.008562716808569648,0.9998366499350079,0.1060176878556704,0.9372903018572547,0.015625,0.005208333333333333,0.0026041666666666665,0.005208333333333333,3.7420630781441595
Cn1cc(-c2ccncn2)c(-c2ccc(F)cc2)n1,129,0.7313303428714959,0.03362231854553566,0.9996092512558569,0.8791024560654565,0.4804395504808797,0.8449612403100775,0.007751937984496124,0.0,0.007751937984496124,1.6000085640098982
Cn1cc(-c2cnc(N)c3c(-c4ccc(NC(=O)Nc5ccc(OC(F)F)cc5)cc4)csc23)cn1,124,0.7600112912123275,0.10197773485903168,0.996591711107765,0.557900512057319,0.9023949093955348,0.9274193548387096,0.43548387096774194,0.27419354838709675,0.43548387096774194,3.499988062874685
Cn1cc(-c2cnc(N)c3c(-c4ccc(NC(=O)Nc5cccc(F)c5)cc4)csc23)cn1,107,0.7914490102120609,0.09562935269529177,0.9967969203780652,0.5737093354678965,0.8970732992089332,0.9532710280373832,0.37383177570093457,0.22429906542056074,0.37383177570093457,3.0999733950889343
Cn1cc(-c2cnc3ccc4ccc(CS(=O)(=O)NCc5ccccn5)cc4c(=O)c3c2)cn1,217,0.5350560313833208,0.005834094755119218,0.9997065907852646,0.22615008731172764,0.90177905576954,0.009216589861751152,0.009216589861751152,0.009216589861751152,0.009216589861751152,3.245922255770184
Cn1cc(-c2cnn3c(N)c(-c4ccc(NC(=O)Nc5cccc(C(F)(F)F)c5)cc4)cnc23)cn1,131,0.7435311155832229,0.09159112695126241,0.9966379819197178,0.48240140906587886,0.9372382160063295,0.8778625954198473,0.22900763358778625,0.15267175572519084,0.22900763358778625,4.000007636359319
Cn1cc(-c2cnn3c(N)c(Br)c([C@@H]4CCCNC4)nc23)cn1,213,0.5531398172961571,0.02655809964984477,0.9992154135803147,0.16300917853955052,0.9561485534782793,0.09859154929577464,0.023474178403755867,0.004694835680751174,0.023474178403755867,3.7178642847807186
Cn1cc(C(CN)c2cncc(C=Cc3ccncc3)c2)c2ccccc21,135,0.7212050262029974,0.04177134931993201,0.9993769737879157,0.7118458067449829,0.6957089825705217,0.9037037037037037,0.08148148148148149,0.014814814814814815,0.08148148148148149,2.0000076363593218
Cn1cc(C2=C(c3cn(C4CCN(Cc5ccccn5)CC4)c4ccccc34)C(=O)NC2=O)c2ccccc21,386,0.19669489155098513,0.034368988807401794,0.9993331769276127,0.5294031352850587,0.8617941591752104,0.18652849740932642,0.06217616580310881,0.015544041450777202,0.06217616580310881,3.0809219076239263
Cn1cc(C2=Nc3cc(NC(=O)C(N)C4CCCCC4)cc4c3C2=CNNC4=O)cn1,224,0.5572146573511413,0.08280179022736427,0.9968321810153129,0.17700398267794468,0.9857955264023126,0.26785714285714285,0.14732142857142858,0.0625,0.14732142857142858,5.176091259055683
Cn1cc(C=C2C(=O)Nc3cccnc32)c2ccccc21,120,0.7556632421201698,0.05523120286465638,0.9989527116447714,0.6698487410735593,0.7843060208564855,0.9333333333333333,0.24166666666666667,0.025,0.24166666666666667,2.0999702295632137
Cn1cnc2c(F)c(Nc3ccc(Br)cc3Cl)c(C(=O)NOCCO)cc21,384,0.1783479519666731,0.007170441959730041,0.9998888192065134,0.6822964795972414,0.48358852535488833,0.0078125,0.005208333333333333,0.0026041666666666665,0.005208333333333333,2.4291183848621056
Cn1cnc2c(F)c(Nc3ccc(Br)cc3F)c(C(=O)NOCCO)cc21,218,0.5330032963225289,0.006025364649786302,0.9996903027047247,0.2622098360110018,0.8994279621974938,0.009174311926605505,0.009174311926605505,0.009174311926605505,0.009174311926605505,3.110924374808178
Cn1cncc1C(OCc1c(-c2ccc(OC(F)(F)F)cc2)cc(C#N)c(=O)n1C)c1ccc(C#N)cc1,105,0.7815530455069943,0.03467250585948042,0.9995201153953007,0.8372713017373353,0.561957689781508,0.819047619047619,0.047619047619047616,0.0,0.047619047619047616,1.5999978974840445
Cn1nc(C(F)(F)F)c2c(=O)c3cc(Cl)ccc3n(O)c21,136,0.717815364160388,0.03725241890014735,0.9995094806320481,0.7692798797181846,0.6078880155880233,0.8529411764705882,0.04411764705882353,0.007352941176470588,0.04411764705882353,2.0499887179005016
Cn1nc(N)c2c(-c3ccc(NC(=O)Nc4cccc(C(F)(F)F)c4)cc3)cncc21,130,0.7429974313556242,0.08269852422315067,0.9976552990523414,0.40373112281139695,0.948480646478971,0.8923076923076924,0.38461538461538464,0.12307692307692308,0.38461538461538464,3.3999697659526618
Cn1ncc(Cl)c1-c1cc(C(=O)N[C@H](CN)Cc2ccc(F)c(F)c2)oc1Cl,196,0.595650782205808,0.042765117058647384,0.9984055406297055,0.4132418735505469,0.9446941407947305,0.12244897959183673,0.05612244897959184,0.030612244897959183,0.05612244897959184,3.4771212547196626
Cn1ncc(Cl)c1-c1cc(C(=O)N[C@H](CN)Cc2cccc(F)c2)sc1Cl,201,0.5764868730065399,0.02233785609469883,0.9989797688454007,0.12576679797338786,0.987284607966807,0.05472636815920398,0.029850746268656716,0.014925373134328358,0.029850746268656716,4.477121254719663
Cn1nccc1Nc1nccc(-c2ccn([C@H](CO)c3ccc(Cl)c(F)c3)c(=O)c2)n1,210,0.5574959623311754,0.022276792960311192,0.9991010028942884,0.1486768795692563,0.9798529085103665,0.05714285714285714,0.03333333333333333,0.009523809523809525,0.03333333333333333,4.115804293452756
FC(F)(F)c1ccc(/C=C/c2nc(COc3ccc(CCCCn4ccnn4)cc3)co2)cc1,216,0.5362746619866173,0.0038492738971778796,0.9998539957861624,0.4948077407673883,0.6403333147832174,0.009259259259259259,0.004629629629629629,0.004629629629629629,0.004629629629629629,2.574031267727719
FC(F)(F)c1ccc(CNc2ccc(Cc3c[nH]c4ncc(Cl)cc34)cn2)cn1,216,0.543868220217472,0.020161361948643697,0.9990605263476994,0.2877353608356874,0.9668732006501424,0.041666666666666664,0.023148148148148147,0.023148148148148147,0.023148148148148147,3.6989700043360187
FC(F)(F)c1ccc(Cn2cc(-c3ccc4[nH]ncc4c3)nn2)c(C(F)(F)F)c1,119,0.7544610945647883,0.04260460401732542,0.9992516400181511,0.24328234399514725,0.9137962150736164,0.8403361344537815,0.06722689075630252,0.008403361344537815,0.06722689075630252,3.1000076199704836
Fc1ccc(-c2nc(-c3ccc(F)cc3)c(-c3ccncc3)[nH]2)cc1,132,0.7265741189447901,0.038866599927140325,0.999478610764316,0.8150912322604278,0.579193250456997,0.8787878787878788,0.06060606060606061,0.007575757575757576,0.06060606060606061,1.899970438310448
Fc1ccc(-c2nc3cnccn3c2-c2ccnc(NCC3CC3)n2)cc1,133,0.7266462954563391,0.046344970614596484,0.9992141877421851,0.47649789680492416,0.8371045936856445,0.8947368421052632,0.10526315789473684,0.015037593984962405,0.10526315789473684,2.6000157587935435
Fc1ccc(-c2nc3occn3c2-c2ccnc(NC3CCNCC3)n2)cc1,131,0.730474483958113,0.04534473707301105,0.9992699862240185,0.765418085801412,0.6861931350098296,0.8778625954198473,0.08396946564885496,0.015267175572519083,0.08396946564885496,1.7999704546992854
Fc1ccc(-c2nc3sccn3c2-c2ccncc2)cc1,133,0.7259247054120848,0.04382754369328844,0.9992780087887697,0.4914976746424163,0.8189113359402247,0.8721804511278195,0.06766917293233082,0.015037593984962405,0.06766917293233082,2.5999998139434197
Fc1ccc(-c2ncn(CCN3CCOCC3)c2-c2ccc3[nH]ncc3c2)cc1,133,0.7249588545768676,0.040457958824560686,0.9993806157514881,0.5717805694826359,0.7632035191352016,0.8872180451127819,0.05263157894736842,0.007518796992481203,0.05263157894736842,2.4695508761763083
Fc1cnc(Nc2ccccc2)nc1Nc1ccccc1,131,0.7361781621444491,0.06554707812995689,0.9985032859796655,0.447928498444299,0.9075835827305582,0.9083969465648855,0.2748091603053435,0.05343511450381679,0.2748091603053435,2.8999798610518255
N#CC1(c2ccc(NC(=O)c3cccnc3NCc3ccncc3)cc2)CCCC1,219,0.5321290175277941,0.008711708369390387,0.9995490852743083,0.025240821155779712,0.9881948884767588,0.0182648401826484,0.0091324200913242,0.0045662100456621,0.0091324200913242,4.477121254719663
N#CC1=C(N)n2c(sc(=Cc3ccco3)c2=O)=C(C(N)=O)C1c1ccco1,110,0.773511992464997,0.04463240457962429,0.9992959876255355,0.8378272429117202,0.6210214037038483,0.9090909090909091,0.13636363636363635,0.0,0.13636363636363635,1.399997948536818
N#CCNC(=O)c1ccc(-c2ccnc(Nc3ccc(N4CCOCC4)cc3)n2)cc1,199,0.5993928005590564,0.0659209018060411,0.9976805375559862,0.37708116416038967,0.9477367894848183,0.21105527638190955,0.1708542713567839,0.01507537688442211,0.1708542713567839,3.8750612633917
N#CCOc1ccc(Nc2nc(Nc3cccc(S(N)(=O)=O)c3)ncc2Br)cc1,133,0.7345794630765099,0.07402158546992905,0.9982232787582032,0.7147474791456578,0.7920291808423754,0.9774436090225563,0.8195488721804511,0.43609022556390975,0.8195488721804511,2.100015437450608
N#CC[C@H](C1CCCC1)n1cc(-c2ncnc3[nH]ccc23)cn1,383,0.2197784135697753,0.05477071513414034,0.9988018223305561,0.4182027653682035,0.9454372240510455,0.30809399477806787,0.13838120104438642,0.033942558746736295,0.13838120104438642,3.598944274228156
N#Cc1ccc(-c2n[nH]c3c2Cc2ccc(OCCCCN4CCOCC4)cc2-3)cn1,145,0.7004631384628552,0.04148204308113681,0.9992362565651175,0.08724759050677913,0.9705842043353374,0.9172413793103448,0.06896551724137931,0.013793103448275862,0.06896551724137931,3.7249385505517196
N#Cc1ccc(-c2n[nH]c3c2Cc2ccc(OCCN4CCOCC4)cc2-3)cn1,119,0.75508696816973,0.04504498513239306,0.9991991936743163,0.351698037249556,0.8811834971261155,0.8403361344537815,0.08403361344537816,0.008403361344537815,0.08403361344537816,2.9145591121114443
N#Cc1ccc(NC(=O)Nc2ccnc3cc(C(F)(F)F)ccc23)nc1,124,0.7442725656972993,0.04308443938344225,0.9991629123817509,0.2797323979281152,0.9332407918318627,0.8467741935483871,0.04838709677419355,0.016129032258064516,0.04838709677419355,3.1000076199704836
N#Cc1ccc2[nH]c(O)c(-c3ccc(CN4CCOCC4)cn3)c2c1,151,0.6850091474077261,0.03208108872307902,0.9996350148369262,0.7148252302375969,0.613314308590326,0.9337748344370861,0.019867549668874173,0.006622516556291391,0.019867549668874173,2.1086381201091466
N#Cc1ccc2nc(N)n(-c3nc(-c4ccccc4)cs3)c2c1,125,0.7502017995677968,0.07274907999566128,0.9980805198917906,0.5411235495996817,0.9004413879211234,0.896,0.24,0.128,0.24,2.8000376305207926
N#Cc1cnc(NC(=O)Nc2ccc3cc(C(=O)O)ccc3c2)cn1,134,0.723275564498028,0.0417900143812312,0.9993992869799005,0.812593936081987,0.6188153150881085,0.8805970149253731,0.08208955223880597,0.007462686567164179,0.08208955223880597,1.6489747089066116
N#Cc1ncc2nc1OCCCCCOc1cc(CCCO)c(Cl)cc1NC(=O)N2,121,0.7525889066577242,0.051250022224661455,0.9987389479289193,0.3753968755619704,0.9331172918425347,0.8512396694214877,0.1322314049586777,0.03305785123966942,0.1322314049586777,3.1419883662335337
N#Cc1ncc2nc1OCCCCOc1cc(NCc3cncs3)c(Cl)cc1NC(=O)N2,138,0.7180488952805083,0.051990488479389585,0.9988727419073202,0.254891420809984,0.9563101600559756,0.9927536231884058,0.10869565217391304,0.043478260869565216,0.10869565217391304,3.3999745912350727
NC(=O)Cn1cc(-c2cc(-c3cc4ccccc4s3)c3[nH]ncc3c2)c2nc(N)ncc21,133,0.730188229463145,0.058701793014280655,0.9988207883452571,0.6479127906818484,0.8228976226997347,0.9473684210526315,0.2781954887218045,0.06766917293233082,0.2781954887218045,2.4000149335675918
NC(=O)Nc1cc(-c2cccc(F)c2)sc1C(=O)N[C@H]1CCCNC1,208,0.5919852634921337,0.0898132800978367,0.9968489500611184,0.5370470179970066,0.9223878339684874,0.3317307692307692,0.22596153846153846,0.07211538461538461,0.22596153846153846,3.757454907804531
NC(=O)c1c(OCc2c(F)cc(Br)cc2F)nsc1NC(=O)NCCCCN1CCCC1,286,0.4304802923471986,0.07602397080104953,0.9980648834589507,0.45402575472269596,0.9535778952195832,0.44755244755244755,0.11538461538461539,0.04195804195804196,0.11538461538461539,3.48650053480916
NC(=O)c1cc(-c2cccc(N)c2)cc2cccnc12,132,0.7263514861411609,0.038084011890141226,0.9995005989565573,0.8560647838459805,0.5439030235163395,0.8712121212121212,0.045454545454545456,0.0,0.045454545454545456,1.6999997975545824
NC(=O)c1cc(-c2ccnc(N)n2)[nH]c1-c1ccc(Cl)cc1Cl,147,0.7093011919639894,0.08242008892034682,0.9977139246129926,0.477076705224609,0.9320982809837983,0.9659863945578231,0.40816326530612246,0.20408163265306123,0.40816326530612246,3.3999697659526618
NC(=O)c1cc(-c2ccnc(N)n2)[nH]c1-c1ccc(Cl)cc1F,127,0.7462900596439916,0.07305974547096225,0.9981856820730844,0.6563878886482284,0.8454285756249649,0.9291338582677166,0.3228346456692913,0.14173228346456693,0.3228346456692913,2.3999697659526635
NC(=O)c1cc2c(-c3ccc(F)cc3)cncc2s1,137,0.7182468072178407,0.045741011307139874,0.9992716651428992,0.7955417845446425,0.6465436909448788,0.9343065693430657,0.17518248175182483,0.021897810218978103,0.17518248175182483,1.5999884337948709
NC(=O)c1cc2c(Oc3ccc(Br)cc3)cncc2s1,136,0.7194612972868035,0.04286795544909479,0.9993659001677359,0.8421490715815446,0.589924214145738,0.8970588235294118,0.08088235294117647,0.0,0.08088235294117647,1.5000003213429354
NC(=O)c1ccc(-c2c[nH]c3nccc(Cl)c23)cc1,153,0.6890709170142335,0.05705166989937529,0.9989316163114249,0.5910101696562601,0.8433709208564528,0.9803921568627451,0.41830065359477125,0.06535947712418301,0.41830065359477125,2.600006947612698
NC(=O)c1ccc(-c2nc(-c3ccccn3)c(-c3ccc4c(c3)OCO4)[nH]2)cc1,287,0.3916701995265506,0.016498162300764663,0.9997585319075969,0.7437851481677333,0.5740225158231482,0.24041811846689895,0.020905923344947737,0.003484320557491289,0.020905923344947737,2.0268721464003017
NC(=O)c1ccc(N(C(N)=O)c2c(F)cccc2F)nc1-c1ccc(F)cc1F,215,0.5496789593988927,0.028144358888772758,0.9984379433362204,0.17325784389695448,0.9890033316349492,0.05116279069767442,0.037209302325581395,0.027906976744186046,0.037209302325581395,4.999999999999998
NC(=O)c1cccc(-c2cnc3[nH]cc(-c4ccccc4)c3c2)c1,132,0.7352665766670198,0.06942190585982629,0.998503833745716,0.7839375995288855,0.7342902845140709,0.9621212121212122,0.49242424242424243,0.15151515151515152,0.49242424242424243,1.79997073344623
NC(=O)c1cccc2[nH]c(-c3ccc(NC(=O)c4cccc(S(=O)(=O)N5CCOCC5)c4)cc3)nc12,115,0.7615322884102937,0.03783462454240205,0.9994990786596369,0.847231002139042,0.5515958721659234,0.8695652173913043,0.05217391304347826,0.0,0.05217391304347826,1.6999997975545824
NC(=O)c1cccc2[nH]c(-c3ccncc3)nc12,138,0.7168908886491326,0.04809690096519935,0.9991659486707499,0.6898038069397586,0.7520738708140918,0.9130434782608695,0.10869565217391304,0.014492753623188406,0.10869565217391304,2.0999806862777772
NC(=O)c1cn(-c2ccc(O)cc2Cl)c2cc(-c3ccncc3)ccc2c1=O,125,0.7477471543718875,0.06363743702844708,0.998591149953659,0.5327592139398222,0.8833987746984243,0.952,0.32,0.08,0.32,2.700037259600606
NC(=O)c1sc(-n2cnc3ccccc32)cc1OCc1ccccc1C(F)(F)F,134,0.7229625037947075,0.040705983289136036,0.9993873768821953,0.7008617315092476,0.6790460267230558,0.8955223880597015,0.05223880597014925,0.007462686567164179,0.05223880597014925,2.1010337208153516
NC(=O)c1sc2c(Br)ccc(Cl)c2c1N,131,0.7297435896138365,0.04275592046427565,0.9994029119093157,0.8608227318290046,0.5675312151529516,0.9541984732824428,0.16030534351145037,0.007633587786259542,0.16030534351145037,1.4000149335675927
NC(=O)c1sc2ccc(Cl)c(Cl)c2c1NC(=O)c1ccc(Cl)cc1,134,0.7233311314771831,0.04198242541353009,0.9993924924102495,0.7131825787066328,0.6822048952013452,0.9552238805970149,0.14925373134328357,0.007462686567164179,0.14925373134328357,2.0000565960942165
NC(COCc1ccccc1)COc1cncc(C=Cc2ccncc2)c1,132,0.7276602856608677,0.042684640504868275,0.9993279379553969,0.631679141579646,0.7514883925534104,0.9090909090909091,0.07575757575757576,0.015151515151515152,0.07575757575757576,2.3000569139206526
NC(COc1cncc(-c2ccc3[nH]c(=O)oc3c2)c1)Cc1c[nH]c2ccccc12,139,0.718622273801544,0.060724712546161144,0.9985646545897744,0.5017933150258957,0.9147204675796177,0.9496402877697842,0.17985611510791366,0.06474820143884892,0.17985611510791366,2.699989554654268
NC(COc1cncc(-c2ccc3c(c2)C(=Cc2ccco2)C(=O)N3)c1)Cc1c[nH]c2ccccc12,130,0.7415559380814535,0.07755350207534172,0.9980568010758223,0.667172584915998,0.836647966324584,0.9846153846153847,0.7076923076923077,0.34615384615384615,0.7076923076923077,2.5000030680516936
NC(COc1cncc(-c2ccc3c(c2)CC(=O)N3)c1)Cc1c[nH]c2ccccc12,135,0.7267959726138652,0.06098763920617362,0.9986168555661138,0.4895862919925775,0.9102455915605229,0.9555555555555556,0.2074074074074074,0.05185185185185185,0.2074074074074074,2.700007318532885
NC(COc1cncc(C=Cc2ccncc2)c1)Cc1c[nH]c2ccccc12,138,0.7214094279590046,0.06328967081868196,0.9985133619110281,0.5083798967792149,0.9009245198894469,0.9420289855072463,0.21014492753623187,0.07246376811594203,0.21014492753623187,2.9000387513801886
NC(Cc1c[nH]c2ccccc12)C(=O)Nc1cncc(C=Cc2ccncc2)c1,156,0.6793803866704574,0.04636217573777119,0.9991267939178345,0.4568381620697386,0.8955604285606931,0.967948717948718,0.1346153846153846,0.03205128205128205,0.1346153846153846,2.800008439392281
NC1(C(=O)N[C@@H](CCO)c2ccc(Cl)cc2)CCN(c2nc[nH]c3nccc2-3)CC1,216,0.5506764729308464,0.03478649740700329,0.9989596707352424,0.6310470148106904,0.8259035994980504,0.11574074074074074,0.06018518518518518,0.0,0.06018518518518518,2.356472561164666
NC1(c2ccc(-c3nc4ccn5c(=O)[nH]nc5c4cc3-c3ccccc3)cc2)CCC1,213,0.545098451342172,0.009040757853369963,0.9995343719776029,0.2475223396228362,0.9376374267115354,0.014084507042253521,0.014084507042253521,0.009389671361502348,0.014084507042253521,3.2764209843288903
NC1C2CN(c3nc4c(cc3F)c(=O)c(C(=O)O)cn4-c3ccc(F)cc3F)CC12,118,0.7559880430291759,0.04049535564014881,0.9993278757584158,0.5776040487100822,0.7784698715305635,0.8305084745762712,0.05084745762711865,0.01694915254237288,0.05084745762711865,2.300037897294456
NC1CCC(Nc2nccc(-c3c[nH]c4ncccc34)n2)CC1,119,0.7634751779719404,0.07775195444521225,0.9980450507433432,0.6714985660555608,0.8352634666693651,0.9831932773109243,0.5966386554621849,0.25210084033613445,0.5966386554621849,2.2000405315460627
NC1CCCCC1Nc1nccc(-c2c[nH]c3ncccc23)n1,127,0.7458066145635044,0.07129345793280342,0.9983696883585927,0.6816231545041506,0.8257246865870461,0.984251968503937,0.5511811023622047,0.18110236220472442,0.5511811023622047,2.099990765495857
NCC(NC(=O)c1ccc(-c2ccncc2)cc1)c1ccccc1,153,0.6889701027771906,0.05674593260533654,0.9986427506576184,0.38318160840796683,0.9507036785356726,0.9738562091503268,0.1830065359477124,0.058823529411764705,0.1830065359477124,3.3471143817199973
NCC(O)C(O)Cn1cc(I)c2c(N)ncnc21,136,0.7179543448499576,0.037726588311619465,0.999520436460883,0.8347913463167459,0.548183032559834,0.9117647058823529,0.051470588235294115,0.007352941176470588,0.051470588235294115,1.699970962098801
NCC1CCC(CNc2nc(NCc3ccccc3Cl)ncc2[N+](=O)[O-])CC1,127,0.7378795591317867,0.04233161761534659,0.9993931060441806,0.8087027218563929,0.6141733589996544,0.9291338582677166,0.13385826771653545,0.007874015748031496,0.13385826771653545,1.699989554654267
NCCC(C(=O)Nc1ccc2[nH]ncc2c1)c1ccc(Cl)c(Cl)c1,133,0.7353208927782015,0.07660822743673247,0.9979186935918434,0.5025272145798387,0.9256934948152917,0.9849624060150376,0.39097744360902253,0.12781954887218044,0.39097744360902253,3.199999125196797
NCCCNS(=O)(=O)c1cccc(C(=O)Nc2ccc(-c3n[nH]c(=O)c4ccccc34)cc2)c1,126,0.7397685687603553,0.041687427815912385,0.9993056658296968,0.5420688856900886,0.8031594934521541,0.873015873015873,0.05555555555555555,0.023809523809523808,0.05555555555555555,2.4999705310008125
NCCCOc1cc2c(c(-c3ccc(Nc4nc5ccc(Cl)cc5o4)cc3)c1)CNC2=O,119,0.7570232694519268,0.05259493298902615,0.9990012599382893,0.7423552423982919,0.7429739693970643,0.9747899159663865,0.21008403361344538,0.03361344537815126,0.21008403361344538,1.8000084393922817
NCCCOc1cc2c(c(-c3ccc(Nc4nc5ccccc5o4)cc3)c1)CNC2=O,115,0.7623586259835861,0.04116871701203476,0.9994147500507974,0.8533016166174691,0.5779764897268316,0.9391304347826087,0.08695652173913043,0.0,0.08695652173913043,1.4000090877982512
NCCCn1cc(-c2cc(-c3cc4ccccc4s3)c3[nH]ncc3c2)c2nc(N)ncc21,160,0.6798737900876826,0.07163399125427893,0.9983227039145621,0.5856799089376905,0.8869848760709218,0.99375,0.4125,0.1625,0.4125,2.999969858643027
NCCNS(=O)(=O)c1cccc(C(=O)Nc2ccc(-c3n[nH]c(=O)c4ccccc34)cc2)c1,126,0.7398588193238852,0.0420197790974817,0.9993453563444044,0.5860355369836519,0.7688302205287961,0.9206349206349206,0.0873015873015873,0.015873015873015872,0.0873015873015873,2.3999705473896498
NCCOc1cncc(C=Cc2ccncc2)c1,123,0.7452207690990945,0.03888160050390129,0.9994519190350766,0.8360357095440095,0.5928534430093281,0.8861788617886179,0.07317073170731707,0.0,0.07317073170731707,1.4999979321479806
NC[C@@](O)(c1ccc(Cl)cc1)c1ccc(-c2cn[nH]c2)cc1,191,0.6051137620362149,0.040695212485883536,0.9979727831613187,0.4411868764753679,0.951219845064583,0.07853403141361257,0.05759162303664921,0.05235602094240838,0.05759162303664921,3.5228787452803374
NS(=O)(=O)c1cccc(Nc2ncc3ccn(-c4ccccc4)c3n2)c1,121,0.7597445045544002,0.07868967035736882,0.998036167332093,0.7101921008687723,0.7870679950790198,0.9669421487603306,0.5867768595041323,0.2727272727272727,0.5867768595041323,2.1999834515625825
NS(=O)(=O)c1cccc(Nc2ncc3ccn(Cc4ccccc4)c3n2)c1,120,0.7609872918964944,0.07581752866644494,0.9980960269958684,0.6093094458672856,0.8661453242146324,0.9333333333333333,0.38333333333333336,0.13333333333333333,0.38333333333333336,2.499988062874685
N[C@@H]1CCCN(c2c(/C=C3\SC(=O)NC3=O)cccc2-c2ccccc2)C1,200,0.5791122623654553,0.023540448687856437,0.9986749031457387,0.21136159616820305,0.9846260390334752,0.04,0.035,0.015,0.035,4.698970004336019
Nc1c(-c2ccc(NC(=O)Nc3cccc(C(F)(F)F)c3)cc2)ccc2nccnc12,114,0.7679936372185394,0.055693400608791604,0.9986439517684239,0.3006937041951432,0.9413547143071089,0.9210526315789473,0.14912280701754385,0.05263157894736842,0.14912280701754385,3.3000569139206526
Nc1c(-c2ccccc2)c2cc(Cl)ccc2[nH]c1=O,100,0.7902815618729155,0.026906447090328633,0.9996923801771808,0.87068707116077,0.46557838799104556,0.85,0.02,0.0,0.02,1.4999915603368335
Nc1cc(C(F)(F)F)c(-c2cc(N3CCOCC3)nc(N3CCOCC3)n2)cn1,202,0.5661193535615617,0.0033632675869535345,0.9998889397231163,0.7024282090167743,0.43535293024750216,0.009900990099009901,0.0049504950495049506,0.0,0.0049504950495049506,2.1782681783099562
Nc1ccc(-c2cncc(OCC(N)Cc3c[nH]c4ccccc34)c2)cc1C(=O)c1cccc(Cl)c1,125,0.7399693321266348,0.03476616085406819,0.9995571780966025,0.8222079089552077,0.5592192665131711,0.864,0.016,0.0,0.016,1.7999997628906463
Nc1ccc(-c2cncc(OCC(N)Cc3c[nH]c4ccccc34)c2)cc1C(=O)c1ccccc1,137,0.7157633326386206,0.037329827330802194,0.9994544944430268,0.2569391745838591,0.8881662601774905,0.9051094890510949,0.029197080291970802,0.0072992700729927005,0.029197080291970802,2.9000081437588365
Nc1ccc(-c2csc3c(C=Cc4nc5ccccc5[nH]4)cnc(N)c23)cc1,132,0.7323676312894405,0.05923167362348778,0.9987427916292955,0.5114999982819888,0.8734814288251548,0.9166666666666666,0.1893939393939394,0.045454545454545456,0.1893939393939394,2.7999892590208235
Nc1n[nH]c2ccc(-c3nnn(Cc4ccccc4)c3-c3ccc(F)cc3)cc12,128,0.74213922872304,0.06525470412101962,0.9984599516980732,0.43110779709120567,0.9242303807941545,0.9296875,0.2734375,0.0859375,0.2734375,3.0999702295632137
Nc1n[nH]c2ccc(-c3nnn(Cc4ccccc4)c3-c3ccccc3)cc12,130,0.7380623561575392,0.06508410197767846,0.9985325588334698,0.45225498171387407,0.9110010236890159,0.9384615384615385,0.3384615384615385,0.08461538461538462,0.3384615384615385,2.999969858643027
Nc1n[nH]c2ccc(-c3nnn(Cc4ccccc4)c3I)cc12,130,0.7391886830933766,0.06910422273328232,0.9984184481349047,0.6715420609932138,0.8330074635338054,0.9692307692307692,0.4,0.14615384615384616,0.4,2.499988062874685
Nc1n[nH]c2cccc(-c3ccc(NC(=O)Nc4cc(C(=O)O)ccc4F)cc3)c12,121,0.7522096971553461,0.04979586347174067,0.999124386015122,0.6892959063065623,0.7570019560784514,0.9173553719008265,0.15702479338842976,0.01652892561983471,0.15702479338842976,1.9999809819112215
Nc1n[nH]c2nnc(-c3ccccc3)c(-c3ccccc3)c12,137,0.7164446745887394,0.039637438023175896,0.9994674654172356,0.8400772851680927,0.5737093740025039,0.8613138686131386,0.058394160583941604,0.0072992700729927005,0.058394160583941604,1.7510488604204681
Nc1nc(N)c2nc(-c3cccc(O)c3)c(-c3cccc(O)c3)nc2n1,384,0.19462848300697955,0.026842750300100415,0.9995128478848327,0.469619253125689,0.8423343607878451,0.14322916666666666,0.052083333333333336,0.010416666666666666,0.052083333333333336,3.102372908709558
Nc1nc(Nc2ccc(S(N)(=O)=O)cc2)nn1C(=O)c1c(F)cccc1F,292,0.4136823074959971,0.06831709136350213,0.9985446994380203,0.6019558872111174,0.8855043611589698,0.5958904109589042,0.2226027397260274,0.04452054794520548,0.2226027397260274,2.9346200248635084
Nc1nc2ccc(-c3c(-c4ccc(F)cc4)nc4sccn34)cc2n1CC1CC1,133,0.7271912628811875,0.04824621035241334,0.9990996533162622,0.526913933652875,0.8510908056407783,0.8872180451127819,0.09774436090225563,0.03007518796992481,0.09774436090225563,2.499974083835557
Nc1ncc(-c2ccoc2)c2scc(-c3ccc(NC(=O)Nc4cccc(F)c4)cc3)c12,120,0.7613097978370091,0.07706455163643561,0.9978834918263887,0.49386813887914377,0.9198431184838469,0.9333333333333333,0.2916666666666667,0.125,0.2916666666666667,2.999969858643027
Nc1ncc(-c2ccoc2)c2scc(-c3ccc(NC(=O)Nc4ccccc4F)cc3)c12,131,0.7374677656158557,0.07011483393707674,0.9982640443779146,0.4616300586563805,0.9211159787961557,0.9236641221374046,0.2748091603053435,0.07633587786259542,0.2748091603053435,3.0000565960942165
Nc1ncc(-c2cnn(CCO)c2)c2scc(-c3ccc(NC(=O)Nc4cccc(F)c4)cc3)c12,150,0.7098550208026483,0.10248486434952563,0.996772591242176,0.6685008030106512,0.8577864013285871,0.9733333333333334,0.5066666666666667,0.32666666666666666,0.5066666666666667,3.0000164026040776
Nc1ncc(C=CC(=O)NCCCn2ccnc2)c2scc(-c3ccc(Br)cc3)c12,133,0.7387905561016346,0.08871291752750687,0.997143873175067,0.42026957886568256,0.9501541600640709,0.9323308270676691,0.2857142857142857,0.17293233082706766,0.2857142857142857,3.700007318532883
Nc1nccc(-c2c(-c3ccc(F)cc3)ncn2C2CCNCC2)n1,121,0.7521390293405099,0.04952487284294793,0.9990394440346573,0.4883642115628714,0.8699987840172025,0.8842975206611571,0.12396694214876033,0.024793388429752067,0.12396694214876033,2.3999745912350727
Nc1nccc2scc(-c3ccc(NC(=O)Nc4cccc(Br)c4)cc3)c12,134,0.7316139157259044,0.07066311117029572,0.9981274971878625,0.4090995894241399,0.945457238280512,0.9029850746268657,0.2537313432835821,0.08955223880597014,0.2537313432835821,3.199973766009121
Nc1nccc2scc(-c3ccc(NC(=O)Nc4cccc(Cl)c4)cc3)c12,134,0.729237824679644,0.062435452622051364,0.9985100871886652,0.4137377729805636,0.9322720128867759,0.9029850746268657,0.19402985074626866,0.07462686567164178,0.19402985074626866,3.1000577169536125
Nc1nccc2scc(-c3ccc(NC(=O)Nc4cccc(F)c4)cc3)c12,134,0.7265485123967966,0.05312320710532586,0.9989109615061704,0.41607123187898826,0.9146096618031612,0.917910447761194,0.17164179104477612,0.03731343283582089,0.17164179104477612,2.850008291575559
Nc1nccc2scc(-c3ccc(NC(=O)Nc4ccccc4C(F)(F)F)cc3)c12,127,0.7388170796645117,0.04575688948294047,0.9991692119222665,0.3969439254275629,0.8862881151331492,0.889763779527559,0.07874015748031496,0.015748031496062992,0.07874015748031496,2.699970962098802
Nc1nccn2c(C3CC(CN4CCCC4)C3)nc(-c3cccc(OCc4ccccc4)c3)c12,135,0.7206523485840786,0.03987177587416618,0.9994415136295116,0.7999346867125331,0.6193574206740405,0.8740740740740741,0.05925925925925926,0.007407407407407408,0.05925925925925926,1.8000152350051914
Nc1ncnc(Nc2cc(CNC(=O)C(F)(F)F)c(O)c(-c3ccc(Cl)cc3)c2)n1,138,0.7154197849236924,0.04315058119270518,0.9993457178452582,0.6904292851752986,0.7244753530726422,0.9710144927536232,0.14492753623188406,0.014492753623188406,0.14492753623188406,2.1000577169536125
Nc1ncnc2c1N=C(c1ccc(NC(=O)Nc3cc(C(F)(F)F)ccc3F)cc1)CCN2,132,0.7392440520588871,0.08340333451002759,0.9975291597591106,0.4768023440520602,0.9326351812802836,0.946969696969697,0.32575757575757575,0.12121212121212122,0.32575757575757575,3.3999697659526618
Nc1ncnc2c1c(-c1cccc(OCc3ccccc3)c1)cn2[C@H]1C[C@H](N2CCC2)C1,214,0.5526847794624381,0.030120269488650854,0.9990512287598903,0.20853769521509916,0.9638779798293741,0.102803738317757,0.037383177570093455,0.009345794392523364,0.037383177570093455,3.778151250383644
Nc1ncnc2c1c(I)nn2C1CCC(O)CC1,134,0.7253750783328057,0.04905997273449144,0.9991516349335274,0.6261886406491368,0.7870543094794145,0.8955223880597015,0.13432835820895522,0.022388059701492536,0.13432835820895522,2.1999713504226097
Nc1ncnc2c1c(I)nn2C1OC(CO)C(O)C1O,133,0.7246223731777905,0.039284068830787784,0.9994635784274724,0.7144501609918158,0.6504982326019129,0.8872180451127819,0.05263157894736842,0.007518796992481203,0.05263157894736842,2.1000379483472296
Nc1ncnc2c1sc1ncnc(N)c12,137,0.7184533997051239,0.04644071141005514,0.9992423918028761,0.6586390452605936,0.7592251789089564,0.9562043795620438,0.19708029197080293,0.029197080291970802,0.19708029197080293,2.0999733950889343
Nc1ncnc2onc(-c3ccc(NC(=O)Nc4cccc(C(F)(F)F)c4)cc3)c12,134,0.7306755825242451,0.06741395739738552,0.9983539160644959,0.5207397229861117,0.9080847358966899,0.9253731343283582,0.23880597014925373,0.08208955223880597,0.23880597014925373,2.8000376305207926
Nc1ncnc2sc(Br)c(-c3ccc(NC(=O)Cc4cccc(Cl)c4)cc3)c12,139,0.7152013785493734,0.049305321200786026,0.999103737794011,0.4605744622293207,0.8623667505985677,0.8992805755395683,0.1223021582733813,0.02158273381294964,0.1223021582733813,2.699970962098802
Nc1ncnc2sc3c(c12)-c1ccc(NC(=O)Nc2ccccc2)cc1CC3,134,0.7279523635930573,0.0579843037849147,0.9987992970302106,0.58977480232103,0.8525063013632266,0.917910447761194,0.19402985074626866,0.05223880597014925,0.19402985074626866,2.500016054426988
Nc1ncnc2scc(-c3ccc(NC(=O)Nc4cc(C(F)(F)F)ccc4F)cc3)c12,137,0.7302244404596643,0.08630759396557798,0.9975970269725417,0.5527359317474534,0.9056084427296925,0.9343065693430657,0.4306569343065693,0.18248175182481752,0.4306569343065693,3.0999733950889343
Nc1ncnc2scc(-c3ccc(NC(=O)Nc4ccccc4)cc3)c12,133,0.7311995950081382,0.06223016604342957,0.998640385808963,0.4712757513401732,0.9053802469332751,0.9323308270676691,0.2706766917293233,0.045112781954887216,0.2706766917293233,2.700037259600606
Nc1ncnc2scc(C(=O)Nc3ccc(NC(=O)Nc4ccccc4)cc3)c12,132,0.7335142910651579,0.06326235647146435,0.9985186612883934,0.19140285473126395,0.9643254077320679,0.8939393939393939,0.2196969696969697,0.05303030303030303,0.2196969696969697,3.5999712577322445
Nc1nnc(-c2cc3c(Oc4ccc(Cl)cc4)cncc3s2)o1,133,0.7304766303199144,0.05970794337173131,0.9986370268245748,0.41622322270330875,0.9254475337903569,0.8947368421052632,0.17293233082706766,0.06015037593984962,0.17293233082706766,2.9000387513801886
Nc1noc2cccc(-c3cccc(O)c3)c12,152,0.6898197630456222,0.05313401350768883,0.999064870839137,0.7084465179662615,0.7109842228809606,0.7368421052631579,0.046052631578947366,0.006578947368421052,0.046052631578947366,2.2000075853065484
Nc1nonc1-n1nnc(C(=O)NN=Cc2cccs2)c1-c1cccs1,132,0.7266712612360688,0.03920806979951505,0.999433405941587,0.7235662740813101,0.6703093371606565,0.8787878787878788,0.045454545454545456,0.015151515151515152,0.045454545454545456,1.9499887434268883
O=C(CO)N1CCC(c2[nH]nc(-c3ccc(Cl)cc3F)c2-c2ccncn2)CC1,135,0.7198060026124141,0.0369628534234086,0.9995228792000324,0.8436111592613882,0.5527252903970454,0.8518518518518519,0.022222222222222223,0.0,0.022222222222222223,1.6999997975545824
O=C(Cc1ccc(-c2ccc(OCCN3CCOCC3)cc2)cn1)NCc1ccccc1,220,0.5271392033429195,0.002693592505066777,0.9999415902114999,0.9531988508678864,0.1304754310649153,0.00909090909090909,0.0,0.0,0.0,1.2385606273598313
O=C(Cc1ccc(Cl)cc1)Nc1[nH]nc2c1CCC2,132,0.726007713945849,0.0368756005369234,0.9995245187285767,0.8437997539947379,0.5481962947479135,0.8560606060606061,0.022727272727272728,0.0,0.022727272727272728,1.6999997975545824
O=C(Cc1cccc(OCCCC2CCNCC2)c1)Nc1nc(-c2c[nH]c3ncccc23)cs1,107,0.7744093636615442,0.02173780129865895,0.9996139516646008,0.3023729269203399,0.825715785213731,0.9065420560747663,0.028037383177570093,0.009345794392523364,0.028037383177570093,2.6020599913279625
O=C(Cc1cccc(OCCCN2CCNCC2)c1)Nc1nc(-c2ccncc2)cs1,126,0.7420735397511693,0.05017557495668702,0.9989529472769156,0.22819855185040222,0.9246448062108873,0.626984126984127,0.015873015873015872,0.015873015873015872,0.015873015873015872,3.0969100130080562
O=C(Cc1ccccc1)Nc1cccc(-c2nc3sccn3c2-c2ccnc(Nc3ccc(N4CCOCC4)cc3)n2)c1,139,0.7222770012503325,0.07292466604427508,0.9980942694077353,0.6139452942482992,0.8787270446030381,0.9064748201438849,0.22302158273381295,0.1223021582733813,0.22302158273381295,2.5999712577322462
O=C(Cc1ccccc1)Nc1cccc(-c2nc3sccn3c2-c2ccnc(Nc3cccc(N4CCCC4=O)c3)n2)c1,120,0.7628472165174046,0.08300923720063128,0.9975589921818208,0.5874200617421951,0.8903117056365275,0.9083333333333333,0.31666666666666665,0.14166666666666666,0.31666666666666665,2.700007318532885
O=C(Cc1ccccc1)Nc1cccc(-c2nc3sccn3c2-c2ccnc(Nc3cccc(N4CCOCC4)c3)n2)c1,123,0.7535607808160902,0.07034310811923487,0.9982791325285768,0.6158122448736841,0.8639312357726238,0.9512195121951219,0.2845528455284553,0.13821138211382114,0.2845528455284553,2.5999884337948718
O=C(NC(CO)Cc1ccc(Cl)cc1)c1ccc(-c2ccncc2)cc1,129,0.7329863189762036,0.03957869771285661,0.9994377387907746,0.8260154929544951,0.5967230458303407,0.8604651162790697,0.046511627906976744,0.0,0.046511627906976744,1.6000085640098982
O=C(NC(CO)Cc1ccccc1)c1ccc(-c2ccncc2)cc1,139,0.7127679831326718,0.04118233218388227,0.9993965504967876,0.7430155991594286,0.6737337444613893,0.8705035971223022,0.07194244604316546,0.007194244604316547,0.07194244604316546,2.1000076199704845
O=C(NC(CO)Cc1ccccc1)c1ccc(-c2ccncc2)cc1F,129,0.7318620046150838,0.035534652258906535,0.999554684973968,0.8643974418638939,0.5284165149196328,0.8604651162790697,0.03875968992248062,0.0,0.03875968992248062,1.6000085640098982
O=C(NC(CO)c1cc(Cl)cc(Cl)c1)c1ccc(-c2ccncc2)cc1,125,0.743512567624008,0.04791865102031748,0.9991459804640331,0.6693492324701904,0.7694516096386494,0.872,0.104,0.016,0.104,2.1999801788782616
O=C(NC(CO)c1ccccc1)N1CC=C(c2c[nH]c3ncccc23)CC1,127,0.7388998746512182,0.04605938455248245,0.9992686047177546,0.7804456713696682,0.6796272661636653,0.968503937007874,0.18110236220472442,0.015748031496062992,0.18110236220472442,1.7000073185328857
O=C(NC(CO)c1ccccc1)c1ccc(-c2ccncc2)cc1,134,0.7270483016290094,0.05485382056612219,0.99871088483844,0.29340694220579233,0.957941582227606,0.9104477611940298,0.11940298507462686,0.04477611940298507,0.11940298507462686,3.3999745912350727
O=C(NC1CCNCC1)c1n[nH]cc1NC(=O)c1c(Cl)cccc1Cl,381,0.21299488496982846,0.0415475764461953,0.9986190455630316,0.40438926596300134,0.9691769256326154,0.11023622047244094,0.08136482939632546,0.05774278215223097,0.08136482939632546,4.022276394711152
O=C(NCC1CCCCC1)c1cc2c(-c3ccccc3)n[nH]c2s1,136,0.7238325214416208,0.05778154374200066,0.9987931194294202,0.5972735290774126,0.8499779542290872,0.9191176470588235,0.17647058823529413,0.04411764705882353,0.17647058823529413,2.299974886868517
O=C(NCCCCCCNC(=O)NCc1cccnc1)NCc1cccnc1,115,0.7610935219570695,0.03606429728765477,0.999509321462046,0.7988677418581805,0.5871856255209627,0.8347826086956521,0.02608695652173913,0.008695652173913044,0.02608695652173913,1.9000152003412554
O=C(NCCCCCCNC(=O)Nc1cccnc1)Nc1cccnc1,119,0.7529169439614873,0.03658371427000155,0.999480308704752,0.6443739728443749,0.6907292150124794,0.8319327731092437,0.03361344537815126,0.008403361344537815,0.03361344537815126,2.300037897294456
O=C(NC[C@H](O)CO)c1ccncc1Nc1ccc(I)cc1F,216,0.537687131292993,0.006883467221984876,0.9996478664777454,0.18211011432843321,0.9401839467794197,0.009259259259259259,0.009259259259259259,0.009259259259259259,0.009259259259259259,3.4805023664619235
O=C(NCc1ccc(Br)cc1)Nc1ccc2[nH]ncc2c1,133,0.7268111965383347,0.0469202646149422,0.9990679657619369,0.15336516200659614,0.9596578341943421,0.8721804511278195,0.07518796992481203,0.022556390977443608,0.07518796992481203,3.5999740674467198
O=C(NCc1ccc(Cl)c(Cl)c1)Nc1ccc2[nH]ncc2c1,134,0.7263181926088178,0.05232568186933917,0.9989324670987155,0.26981945718441497,0.9413688899334776,0.917910447761194,0.1417910447761194,0.03731343283582089,0.1417910447761194,3.1999713504226097
O=C(NCc1ccc(Cl)cc1)c1cc2c(-c3ccccc3)n[nH]c2s1,133,0.7287773167056979,0.0537795109131118,0.9990253747632823,0.7042598876031235,0.7610290300821821,0.9172932330827067,0.20300751879699247,0.015037593984962405,0.20300751879699247,2.0000565960942165
O=C(NCc1ccccc1)Nc1ncc([N+](=O)[O-])s1,135,0.719721616828015,0.03667281635702936,0.9995270260330346,0.8270040063282138,0.5550092848034281,0.8518518518518519,0.022222222222222223,0.007407407407407408,0.022222222222222223,1.8000152350051914
O=C(NCc1ccccc1)c1ccc(-c2ccncc2)cc1,125,0.7436046154734974,0.048260332637621944,0.9990861219176169,0.46644800827564664,0.8650946757755046,0.864,0.104,0.016,0.104,2.8000152350051906
O=C(NCc1ccccc1)c1cccc(-c2cnc3[nH]ccc3c2)c1,136,0.7225033191626876,0.053246618319757945,0.9989804415250798,0.6216652586366072,0.8101761890808937,0.8823529411764706,0.15441176470588236,0.014705882352941176,0.15441176470588236,2.2999710547891654
O=C(NN=Cc1ccc(O)cc1O)Nc1cccc2nsnc12,134,0.7248291200983102,0.04716949048967154,0.9991515455908081,0.4712869219907908,0.8654926560178011,0.9477611940298507,0.15671641791044777,0.029850746268656716,0.15671641791044777,2.5999884337948718
O=C(NNC(=S)Nc1ccc(Cl)cc1)C(O)(c1ccccc1)c1ccccc1,131,0.7288140320148786,0.03946344164048588,0.9994704672957071,0.8601578163616126,0.5498611401928404,0.9465648854961832,0.15267175572519084,0.007633587786259542,0.15267175572519084,1.4000149335675927
O=C(NNC(=S)Nc1ccc(F)cc1)C(O)(c1ccccc1)c1ccccc1,135,0.7208856652272414,0.04067369381807424,0.9994594889631432,0.8656431508877681,0.5497640576418438,0.9333333333333333,0.1259259259259259,0.007407407407407408,0.1259259259259259,1.4000149335675927
O=C(NOCC1CC1)c1ccc(F)c(F)c1Nc1ccc(I)cc1Cl,364,0.21933109895656105,0.004861620647924008,0.9998778097917105,0.6868783264779533,0.5233346041649009,0.019230769230769232,0.01098901098901099,0.005494505494505495,0.01098901098901099,2.3451849162870504
O=C(NOCCO)c1cc(CN2OCCCC2=O)c(F)c(F)c1Nc1ccc(I)cc1F,217,0.5365716771580291,0.009074922586753463,0.9995066625221971,0.17623668794768704,0.9668340352331534,0.013824884792626729,0.013824884792626729,0.009216589861751152,0.013824884792626729,3.6989700043360187
O=C(NOC[C@H](O)CO)c1ccc(F)c(F)c1Nc1ccc(I)cc1F,221,0.5287676583307638,0.010625309798526819,0.9995843356780265,0.2871751832384255,0.8898665091305122,0.02262443438914027,0.02262443438914027,0.004524886877828055,0.02262443438914027,3.1744687316491076
O=C(Nc1c[nH]nc1-c1nc2ccc(CN3CCOCC3)cc2[nH]1)NC1CC1,238,0.5518417304597424,0.1262796761904219,0.9951349124870227,0.573386901754512,0.9213733709228039,0.5126050420168067,0.36554621848739494,0.20588235294117646,0.36554621848739494,3.60298807516702
O=C(Nc1cc(C(F)(F)F)cc(C(F)(F)F)c1)c1cc(Cl)ccc1O,222,0.5274967746666318,0.012425691195122372,0.9998059382682165,0.7794475511086183,0.4473324517819938,0.02702702702702703,0.0045045045045045045,0.0,0.0045045045045045045,2.079181246047625
O=C(Nc1ccc(-c2cccc3sncc23)cc1)Nc1ccc(F)c(C(F)(F)F)c1,136,0.7200796391503492,0.044977592395308935,0.9992056299011651,0.4789779762750576,0.8398123676130587,0.8455882352941176,0.07352941176470588,0.022058823529411766,0.07352941176470588,2.6999997975545824
O=C(Nc1ccc(-c2ccnc(Nc3ccc(N4CCOCC4)cc3)n2)cc1)C1CCCN1,218,0.5500098924786758,0.04222289041332817,0.9984982986235895,0.3490086923321752,0.9570601645917648,0.12385321100917432,0.07339449541284404,0.022935779816513763,0.07339449541284404,3.6989700043360187
O=C(Nc1ccc(OC(F)(F)F)cc1)c1sccc1NCc1ccnc2ccccc12,223,0.52618894152056,0.014133044240088936,0.9993765322412028,0.2238841212686496,0.9566911628664414,0.03139013452914798,0.02242152466367713,0.013452914798206279,0.02242152466367713,3.6320232147054057
O=C(Nc1ccc2[nH]ncc2c1)c1ccc(Cl)cc1,133,0.7243177196671037,0.03822121748523373,0.9994838025837333,0.7735309340870522,0.6127144608752096,0.8947368421052632,0.03759398496240601,0.007518796992481203,0.03759398496240601,1.9999887352324697
O=C(Nc1ccc2cn[nH]c2c1)c1ccc(Cl)cc1,118,0.7538329124477855,0.03202094386247847,0.9995990370550294,0.8784971473696424,0.4723559119481045,0.8305084745762712,0.00847457627118644,0.0,0.00847457627118644,1.5999978974840445
O=C(Nc1cccc(-c2nc3sccn3c2-c2ccnc(Nc3cccc(N4CCCC4=O)c3)n2)c1)c1c(F)cccc1F,121,0.7617125007434161,0.08623636648714902,0.9973119549376901,0.5474256671293828,0.9093215735108634,0.9008264462809917,0.2644628099173554,0.15702479338842976,0.2644628099173554,3.0000565960942165
O=C(Nc1cccc(C(F)(F)F)n1)Nc1ccnc2c(C(F)(F)F)cccc12,126,0.7398500725398528,0.041987568718188054,0.9992609316536973,0.34898505770075183,0.891842311367621,0.8412698412698413,0.047619047619047616,0.015873015873015872,0.047619047619047616,2.899970438310449
O=C(Nc1cccc(C(F)(F)F)n1)Nc1ccnc2c(Cl)cccc12,123,0.7455077258415621,0.03996410398768149,0.9993696443475821,0.6784361570902193,0.7180879837467897,0.8536585365853658,0.04065040650406504,0.024390243902439025,0.04065040650406504,2.0999887005685336
O=C(Nc1cccc(C(F)(F)F)n1)Nc1ccnc2c(F)cccc12,124,0.7478894298967006,0.056618511871524925,0.9987625223421537,0.5887085609185978,0.8602270139503315,0.9032258064516129,0.13709677419354838,0.056451612903225805,0.13709677419354838,2.499974083835557
O=C(Nc1cccc(C(F)(F)F)n1)Nc1ccnc2cc(C(F)(F)F)ccc12,126,0.739850505773602,0.04198916411866123,0.9992308084399113,0.3222367394809762,0.9140032811227068,0.8968253968253969,0.047619047619047616,0.015873015873015872,0.047619047619047616,2.899988751621308
O=C(Nc1cccc(Cl)c1)Nc1ncc(CCNc2ncnc3ccsc23)s1,276,0.44734457292730695,0.07089812260242907,0.9980939374175773,0.37509155668281774,0.9699825997711128,0.40217391304347827,0.07971014492753623,0.03985507246376811,0.07971014492753623,3.9135312509173685
O=C(Nc1cccc(N2CCOCC2)n1)Nc1ccnc2c(C(F)(F)F)cccc12,120,0.752626681917234,0.04348983674663856,0.9991497044028478,0.397039016181372,0.8941203804520371,0.85,0.041666666666666664,0.025,0.041666666666666664,2.7999997628906463
O=C(Nc1cnc2[nH]cc(-c3ccccc3)c2c1)c1c(F)cccc1F,135,0.7273366703413139,0.06284603732125643,0.9985814344617285,0.48660032419548255,0.9110652086595105,0.9703703703703703,0.3037037037037037,0.08148148148148149,0.3037037037037037,2.700037259600606
O=C(Nc1cnc2[nH]cc(-c3ccccc3)c2c1)c1ccc(Cl)cc1,123,0.7449381917796116,0.037815617770241984,0.9995026724941805,0.8669053969070578,0.5411517939010811,0.8943089430894309,0.056910569105691054,0.0,0.056910569105691054,1.4999979321479806
O=C(Nc1cnc2[nH]cc(-c3ccccc3)c2c1)c1cccc(F)c1F,132,0.7289033837862234,0.047054318763694564,0.9992654292632515,0.8291248910499478,0.635688699560787,0.946969696969697,0.15151515151515152,0.0,0.15151515151515152,1.2999994961169836
O=C(Nc1cnccn1)Nc1ccnc2c(C(F)(F)F)cccc12,138,0.7156769018038589,0.04401509012311996,0.9992252569851918,0.4145432907761906,0.8821569488297161,0.9202898550724637,0.07246376811594203,0.021739130434782608,0.07246376811594203,2.7999704546992863
O=C(Nc1cnccn1)Nc1ccnc2c(F)cccc12,135,0.7227808670466079,0.04718757266389696,0.9991198137595436,0.3465432699616464,0.9140834521751791,0.8962962962962963,0.0962962962962963,0.014814814814814815,0.0962962962962963,2.7999892590208235
O=C(Nc1cnccn1)Nc1ccnc2cc(C(F)(F)F)ccc12,137,0.7175207598430857,0.04328198954154567,0.9993064815866283,0.6369905148434981,0.7617473071587728,0.9051094890510949,0.072992700729927,0.021897810218978103,0.072992700729927,2.1999801788782616
O=C(Nc1cnccn1)Nc1ccnc2ccc(C(F)(F)F)cc12,133,0.7277128449312132,0.05006586502318055,0.9990492220969184,0.4174921575383171,0.8906398988260703,0.924812030075188,0.14285714285714285,0.03759398496240601,0.14285714285714285,2.800008439392281
O=C(Nc1cnccn1)Nc1ccnc2ccccc12,131,0.7312240791021286,0.047999791628913595,0.9991486562426234,0.5193721657288182,0.8360596390866258,0.9236641221374046,0.11450381679389313,0.022900763358778626,0.11450381679389313,2.500016054426988
O=C(Nc1n[nH]c2ccc(-c3cn(Cc4ccccc4)nn3)cc12)c1cccc(F)c1,125,0.7490420269951937,0.06844400420615918,0.998408390438723,0.4192200631801084,0.9203402353691976,0.976,0.488,0.12,0.488,3.199970640755865
O=C(Nc1n[nH]c2ccc(-c3cn(Cc4ccccc4)nn3)cc12)c1ccccc1,124,0.7530078108386531,0.0757711631381859,0.9981350369323263,0.5134187716620423,0.8911403352618329,0.9838709677419355,0.6129032258064516,0.24193548387096775,0.6129032258064516,2.8999920243056287
O=C(Nc1nc2cccc(-c3ccc(CN4CCS(=O)(=O)CC4)cc3)n2n1)C1CC1,217,0.540865229709199,0.01825560638280361,0.9994953240939584,0.549646188078796,0.7638120553320199,0.06912442396313365,0.02304147465437788,0.004608294930875576,0.02304147465437788,2.612746383234863
O=C(Nc1nc2ccccc2n1CCCO)c1cccc([N+](=O)[O-])c1,126,0.7415679519216481,0.048313727711466574,0.9991322290494641,0.5761287861820341,0.8132591426411276,0.8888888888888888,0.1111111111111111,0.015873015873015872,0.1111111111111111,2.249971202605888
O=C(O)C1(Cc2cccc(Nc3nccs3)n2)CCC(Oc2cccc(Cl)c2F)CC1,220,0.5491828657518294,0.04918568049476754,0.9980425193086117,0.23457711662150266,0.9811016547611882,0.1318181818181818,0.08181818181818182,0.031818181818181815,0.08181818181818182,4.438600439557973
O=C(O)C1CN(Cc2ccc(OCc3ccc(Cl)c(Cl)c3)cc2)C1,120,0.7413793103448276,0.0,0.9999999999999998,0.9999999999999998,0.0,0.0,0.0,0.0,0.0,0.0
O=C(O)c1c2c(nc3ccccc13)C(=C1CCCC1)CC2,134,0.7241272202480737,0.04473903130676304,0.9993336542279252,0.8069470087212298,0.6378346882924124,0.9104477611940298,0.12686567164179105,0.014925373134328358,0.12686567164179105,1.5999712577322454
O=C(O)c1ccc(Nc2ncc3c(n2)-c2ccc(Cl)cc2C(c2c(F)cccc2F)=NC3)cc1,392,0.18623994964080212,0.03677381794217391,0.9993614622010374,0.37494849004393604,0.9199290304754617,0.3520408163265306,0.061224489795918366,0.01020408163265306,0.061224489795918366,3.4390560074481584
O=C(O)c1ccc2c(c1)nc(Nc1cccc(Cl)c1)c1ccncc12,218,0.5632275708572511,0.07035593063194737,0.9970908339813392,0.3262182291049776,0.978284244000364,0.20642201834862386,0.10550458715596331,0.05963302752293578,0.10550458715596331,4.728933227713462
O=C(O)c1ccccc1Nc1ccnc(Nc2ccc3[nH]ncc3c2)n1,126,0.7488903696407417,0.07527882153415957,0.9982090056672678,0.7098085658136966,0.8011602723127629,0.9682539682539683,0.6746031746031746,0.30158730158730157,0.6746031746031746,2.0999834329865354
O=C(O)c1ccccc1Nc1ccnc(Nc2ccc3cn[nH]c3c2)n1,125,0.7504368040067889,0.07362141647320013,0.998271290921506,0.6764705375794692,0.818536289248532,0.968,0.688,0.272,0.688,2.3999738200739706
O=C(O)c1ccccc1Nc1ccnc(Nc2cccc(O)c2)n1,127,0.7461420287510421,0.0725189081927831,0.9983255292805344,0.7046971667749193,0.8063433602230059,0.952755905511811,0.6141732283464567,0.1968503937007874,0.6141732283464567,2.100010219558155
O=C(c1cc(-c2ccc3[nH]ncc3c2)on1)N1CCCC(O)C1,134,0.7223002373812518,0.038412762275379216,0.999456970546317,0.5942266678837743,0.7236553792062957,0.8656716417910447,0.04477611940298507,0.007462686567164179,0.04477611940298507,2.4000568975318153
O=C(c1cc(Cc2n[nH]c(=O)c3c2CCCC3)ccc1F)N1CCN(c2ncccn2)CC1,125,0.7421224888728021,0.04275867869584156,0.9993463343662686,0.7833951149873499,0.6509109820129263,0.872,0.08,0.008,0.08,1.899970438310448
O=C(c1ccc(/C=C/c2n[nH]c3ccccc23)cc1)N1CCNCC1,385,0.23958534007234783,0.08355220206121916,0.9981826060500306,0.681241547886883,0.8566497351335992,0.6935064935064935,0.44935064935064933,0.12207792207792208,0.44935064935064933,2.6167832481486695
O=C(c1ccc(F)c(F)c1Nc1ccc(I)cc1F)N1CC(O)([C@@H]2CCCCN2)C1,211,0.5480945502879593,0.00623635703134193,0.9996768707526051,0.2570047902816526,0.9035361987838542,0.009478672985781991,0.009478672985781991,0.009478672985781991,0.009478672985781991,3.1250459962997628
O=C(c1cccc(-c2cnc3[nH]ccc3c2)c1)N1CCOCC1,113,0.7656517487051685,0.03772045486016066,0.9994512289508029,0.8203264670873274,0.6040522249379325,0.8495575221238938,0.07079646017699115,0.0,0.07079646017699115,1.5999978974840445
O=C1CCCN1Cc1ccc2c(c1)[nH]c(=O)c1cccn12,127,0.743659582548858,0.06344918348559139,0.9986754455727922,0.7274315409126462,0.780075745007337,0.9133858267716536,0.28346456692913385,0.06299212598425197,0.28346456692913385,1.8999798610518255
O=C1CCCc2oc3cc(C(F)(F)F)ccc3c(=O)c21,132,0.7251654042177181,0.0339147542198576,0.9995781489100654,0.874541862510212,0.48401251483199126,0.8409090909090909,0.007575757575757576,0.0,0.007575757575757576,1.7000085293459621
O=C1Cc2c([nH]c3ccc([N+](=O)[O-])cc23)-c2ccccc2N1,151,0.6942182217775106,0.06037917155473469,0.998654023804587,0.5290009308216421,0.8997813708795741,0.9139072847682119,0.19205298013245034,0.0728476821192053,0.19205298013245034,2.797940625648417
O=C1NC(=O)/C(=C/c2ccc3nccc(-c4ccncc4)c3c2)S1,221,0.5409929039764302,0.036292793869066184,0.9983105976263806,0.15616496234626828,0.989304254959092,0.08144796380090498,0.058823529411764705,0.03167420814479638,0.058823529411764705,4.875061263391698
O=C1NC(=O)[C@@H](c2cn3c4c(cccc24)CCC3)[C@@H]1c1c[nH]c2ccccc12,209,0.5504780179153853,0.002018183314539823,0.9999292523282728,0.8253604125546463,0.2812565009361347,0.004784688995215311,0.004784688995215311,0.0,0.004784688995215311,1.920818753952375
O=C1NC(=S)SC1=C1C(=O)Nc2ccc(Br)cc21,136,0.7202769960255438,0.04565092761656128,0.9993033486087776,0.7903215555462235,0.6554522946867714,0.9338235294117647,0.15441176470588236,0.014705882352941176,0.15441176470588236,1.649988994224569
O=C1NCCc2[nH]c(-c3ccnc(-c4ccccc4F)c3)cc21,124,0.7477304348507566,0.05602356266734818,0.9988843349158152,0.542704773600532,0.8329091322588763,0.8629032258064516,0.1693548387096774,0.016129032258064516,0.1693548387096774,2.421244829915996
O=C1NCCc2[nH]c(-c3ccnc(-c4cnc5ccccc5c4)c3)cc21,141,0.7163961877706813,0.06672220656451142,0.9984287240591588,0.5178949966391724,0.8898755084823026,0.8794326241134752,0.19148936170212766,0.07801418439716312,0.19148936170212766,2.800008439392281
O=C1NCCc2[nH]c(-c3ccnc(C=Cc4ccccc4)c3)cc21,117,0.7675270676893035,0.0780560633148445,0.9979849291344483,0.6733690243835944,0.8346690090742054,0.9572649572649573,0.5811965811965812,0.23076923076923078,0.5811965811965812,2.100010219558155
O=C1NCCc2[nH]c(-c3ccncc3)cc21,168,0.6627235614280547,0.06847459822986562,0.9984165508429457,0.5920716736137644,0.8863528044893618,0.9285714285714286,0.27976190476190477,0.125,0.27976190476190477,2.700007318532885
O=C1NCc2c1cccc2-c1ccc(Nc2nc3ccccc3[nH]2)cc1,133,0.7266000364348667,0.04618358575773077,0.9992179258133335,0.6662471619849749,0.7670364252749972,0.9172932330827067,0.10526315789473684,0.022556390977443608,0.10526315789473684,2.000038455746745
O=C1NCc2c1cccc2-c1ccc(Nc2nc3ccccc3o2)cc1,118,0.7583222131565504,0.049673787327452104,0.9991024752822856,0.7054478160500234,0.7525800839116733,0.8813559322033898,0.1440677966101695,0.025423728813559324,0.1440677966101695,2.0000076363593218
O=C1NN=Cc2c[nH]c3cc(NC(=O)C4CC4c4ccccc4)cc1c23,132,0.7363336021566245,0.07317266212631596,0.9982875016671366,0.5389189936002281,0.8725691048026223,0.9545454545454546,0.42424242424242425,0.12878787878787878,0.42424242424242425,2.899972316247582
O=C1Nc2cc(CCOc3ccc(N4CCOCC4)cc3)ccc2Nc2cc(-c3cn(Cc4cc(F)c(F)c(F)c4)c4cnccc34)ccc21,111,0.7685865451570603,0.0326500626385225,0.9995262699237417,0.5298913760290872,0.7576740412037134,0.9099099099099099,0.02702702702702703,0.009009009009009009,0.02702702702702703,2.3000569139206526
O=C1Nc2ccc3ncsc3c2C1=CNc1ccc(S(=O)(=O)Nc2ccccn2)cc1,121,0.7601069318381207,0.08007947415609892,0.9979635780982836,0.7296259679910377,0.7945834900019607,0.9834710743801653,0.6694214876033058,0.32231404958677684,0.6694214876033058,1.8000463369576218
O=C1Nc2ccccc2Nc2ccccc21,114,0.7643285056151214,0.0407756719773361,0.9993154689350011,0.8867360597704717,0.4189521151974995,0.5,0.008771929824561403,0.0,0.008771929824561403,1.3499968492051613
O=C1Nc2ccccc2Nc2nnc(I)cc21,136,0.7208486707847557,0.04760134738328384,0.9992244423186638,0.7883763485416792,0.6804676947599995,0.8897058823529411,0.1323529411764706,0.014705882352941176,0.1323529411764706,1.5000160544269887
O=NC1CCc2cc(-c3cn(CCO)nc3-c3ccncc3)ccc21,361,0.2307976943271747,0.011330000464845065,0.9996397381600999,0.06651617394667034,0.990658521346778,0.055401662049861494,0.0110803324099723,0.00554016620498615,0.0110803324099723,4.732828271596986
O=S(=O)(c1cccc2c(O)nccc12)N1CCCNCC1,219,0.5311150487932892,0.0065633910506218765,0.9998387971493214,0.8452172729820743,0.3500447570078717,0.0228310502283105,0.0091324200913242,0.0,0.0091324200913242,1.7512096224246143
O=S(=O)(c1cccc2cnccc12)N1CCCNCC1,256,0.4764399333028351,0.05104737911138835,0.9990814634279422,0.639884971434955,0.80565427909704,0.33984375,0.02734375,0.0078125,0.02734375,2.77711019239755
O=c1[nH]c(C2CCCN2)nc2c1oc1ccc(Cl)cc12,198,0.5786668600280263,0.012633449762647499,0.9994313276796981,0.2886459919375731,0.933586199520437,0.030303030303030304,0.015151515151515152,0.015151515151515152,0.015151515151515152,3.134698573897456
O=c1[nH]c2cc(-c3ccccc3)cnc2[nH]1,131,0.7280796165116257,0.03686215314041428,0.9995442389601332,0.8527312607157341,0.5312112781887967,0.9236641221374046,0.061068702290076333,0.007633587786259542,0.061068702290076333,1.7000152513940288
O=c1[nH]c2cnc(-n3cnc4ccc(F)cc43)nc2n1C1CCOc2c(F)cccc21,134,0.7300743122107407,0.06533194675957921,0.9985488177477121,0.5487896174772223,0.8831614655479126,0.9626865671641791,0.29850746268656714,0.07462686567164178,0.29850746268656714,2.5999884337948718
O=c1[nH]c2sc3c(c2c2nc(-c4ccccc4)nn12)CCCC3,134,0.721047360366856,0.034074441867322086,0.9996015235351817,0.8649179460989197,0.4967914389384185,0.8805970149253731,0.007462686567164179,0.0,0.007462686567164179,1.6999997975545824
O=c1[nH]c2sc3c(c2c2nc(-c4cccnc4)nn12)CCCC3,109,0.7714049423509554,0.026898103218745275,0.9996975754323025,0.8596331922745208,0.4702715912651615,0.8165137614678899,0.01834862385321101,0.0,0.01834862385321101,1.5999978974840445
O=c1[nH]c2sc3c(c2c2nc(-c4ccncc4)nn12)CCCC3,128,0.7380824876848345,0.05054901785752499,0.998987742494934,0.5638602958349314,0.8507122448421998,0.875,0.1015625,0.0390625,0.1015625,2.499974083835557
O=c1[nH]c2sccc2c2nc(-c3ccncc3)nn12,125,0.7420334394113566,0.04242812709495522,0.9993589172744629,0.7813348664677637,0.6500144337031736,0.872,0.088,0.008,0.088,1.7999704546992854
O=c1[nH]cc(I)c2nc(-c3cccc(Cl)c3)cn12,133,0.7246556168808068,0.03940004686236369,0.9994493797230803,0.7614488018157826,0.6339208284888433,0.8796992481203008,0.05263157894736842,0.007518796992481203,0.05263157894736842,1.899988751621307
O=c1[nH]ccc2cc(OC3CCNCC3)ccc12,218,0.5461363283162813,0.03397824008603012,0.9981209509204824,0.42024013050083114,0.959047616212423,0.05045871559633028,0.05045871559633028,0.05045871559633028,0.05045871559633028,3.8750612633917
O=c1[nH]cnc2c1oc1ccc(Cl)cc12,134,0.7223119478048797,0.038453311801971805,0.9994768106926109,0.8205684621351663,0.5917554709553471,0.8582089552238806,0.04477611940298507,0.007462686567164179,0.04477611940298507,1.8000152350051914
O=c1[nH]cnc2c1sc1c(Cl)ccc(Cl)c12,137,0.7197807779914183,0.05093635757677472,0.9990997901817141,0.6039311317911386,0.8010871028865926,0.927007299270073,0.16058394160583941,0.014598540145985401,0.16058394160583941,2.45860763618471
O=c1c(NCCc2ccc(Oc3ccccc3)cc2)c(Nc2ccncc2)c1=O,118,0.7550355149675587,0.036749821567348746,0.9995005405715461,0.7795202956331087,0.596941777296657,0.8305084745762712,0.0423728813559322,0.00847457627118644,0.0423728813559322,1.999970403646512
O=c1c(NCc2ccc(Cl)c(Cl)c2)c(Nc2ccncc2)c1=O,133,0.7311244312730546,0.06196794068193442,0.9986343689038972,0.5102909218851039,0.8850666732640495,0.9323308270676691,0.21052631578947367,0.06766917293233082,0.21052631578947367,2.800008439392281
O=c1c(NCc2ccc(Cl)cc2)c(Nc2ccncc2)c1=O,135,0.7230352708679899,0.04806196802035041,0.9992131711105712,0.7368126732193582,0.7138358596427167,0.8962962962962963,0.14074074074074075,0.014814814814814815,0.14074074074074075,2.000038455746745
O=c1c(NCc2cccc(C(F)(F)F)c2)c(Nc2ccncc2)c1=O,135,0.7233643126083034,0.04919289666853839,0.9991658145002907,0.7187305984981787,0.7386298308138983,0.8962962962962963,0.14074074074074075,0.022222222222222223,0.14074074074074075,1.9000387513801895
O=c1c(NCc2ccccc2F)c(Nc2ccncc2)c1=O,134,0.7253124871586191,0.04884323911641249,0.9991744164073757,0.7587855962795509,0.7159839156261291,0.9104477611940298,0.1417910447761194,0.022388059701492536,0.1417910447761194,1.699970962098801
O=c1cc(-c2ccncc2)nc(NC2CCCCC2)[nH]1,128,0.7384843913684881,0.05200591871076916,0.9989706523904779,0.33731302267890934,0.9194576331819124,0.9140625,0.171875,0.0390625,0.171875,2.9999809819112215
O=c1nc(-c2cc3c(Oc4ccc(I)cc4)cncc3s2)[nH]o1,138,0.7184400941325543,0.05330582375003703,0.9990077341294918,0.6467198934357803,0.8102893771264356,0.9202898550724637,0.2246376811594203,0.036231884057971016,0.2246376811594203,2.199973766009121
O=c1nc(-c2ccc3[nH]ncc3c2)cc(-c2ccccc2)[nH]1,128,0.7389794177532225,0.05380038935543214,0.9988905786255378,0.5369401028637443,0.8733946521815401,0.921875,0.171875,0.0546875,0.171875,2.4499939649559277
O=c1ncn2nc(Sc3ccc(F)cc3F)ccc2c1-c1c(Cl)cccc1Cl,369,0.21685479308750472,0.015232043340385332,0.9998135224479501,0.19299484006487966,0.8997173537993141,0.3252032520325203,0.005420054200542005,0.0027100271002710027,0.005420054200542005,3.536704390037997
O=c1sn(-c2cccc3ccccc23)c(=O)n1Cc1ccccc1,213,0.5414403781566166,0.001071997486714109,0.9999786270240136,0.9866237504637859,0.04434513144752887,0.004694835680751174,0.0,0.0,0.0,1.038723766619312
OC(COc1cncc(C=Cc2ccncc2)c1)Cc1c[nH]c2ccccc12,135,0.7213075186301521,0.042123619588078406,0.9993867869618982,0.6194562976135467,0.7245934875565504,0.9333333333333333,0.1111111111111111,0.007407407407407408,0.1111111111111111,2.1999713504226097
OC1CCC(Nc2cc(Cl)nc(-c3c[nH]c4ncccc34)n2)CC1,150,0.6985648695535347,0.06756066315226687,0.998523642662027,0.5032148655501271,0.8977397781994636,0.9866666666666667,0.44666666666666666,0.14,0.44666666666666666,3.0
OC1CCC(Nc2nc(Cl)cc(-c3c[nH]c4ncccc34)n2)CC1,148,0.7067111101003312,0.08049969653076751,0.997980009614201,0.4466807829567539,0.9243059970804497,0.9797297297297297,0.6756756756756757,0.31756756756756754,0.6756756756756757,3.2499734404360545
OCC(CO)Nc1ncnc2[nH]cc(-c3ccccc3)c12,121,0.7538802855902829,0.056202086891662506,0.9989367663170102,0.6077753636302953,0.803427404678197,0.9421487603305785,0.2644628099173554,0.03305785123966942,0.2644628099173554,2.4000149335675918
OCCC(Nc1nc2ccc(-c3ccncc3)cc2s1)c1ccccc1,127,0.7387248332602279,0.045419863249966726,0.9992769610079619,0.6741301684669608,0.7298787412012738,0.905511811023622,0.12598425196850394,0.015748031496062992,0.12598425196850394,2.1000577169536125
OCCCNc1ncnc2[nH]cc(-c3ccccc3)c12,138,0.7179414282571154,0.051629150081894955,0.9991238353557872,0.7280462653625743,0.7333435406421861,0.9420289855072463,0.2246376811594203,0.021739130434782608,0.2246376811594203,2.0000565960942165
OCCCn1cnc(-c2ccc(F)cc2)c1-c1ccncc1,130,0.7296573568289303,0.03508471975864364,0.9995671042480918,0.8330214595798827,0.5302706369367072,0.8538461538461538,0.015384615384615385,0.007692307692307693,0.015384615384615385,1.8500152176732234
OCCCn1cnc(-c2ccccc2)c1-c1ccncc1,104,0.7825948809031662,0.030038699414125798,0.9996325751265623,0.8552437633022534,0.5021192096046683,0.8365384615384616,0.028846153846153848,0.0,0.028846153846153848,1.5999978974840445
OCCNc1cc2cc(-c3cccnc3)ccc2cn1,135,0.722697600489574,0.0469013824234247,0.999136910704064,0.31212171948676376,0.9141271989647142,0.9037037037037037,0.08888888888888889,0.014814814814814815,0.08888888888888889,3.0000384557467443
OCCNc1cc2cc(-c3ccsc3)ccc2cn1,132,0.726561409557863,0.03882192450642722,0.999473263519757,0.8629184167056796,0.5335051659945479,0.9090909090909091,0.045454545454545456,0.0,0.045454545454545456,1.5999998139434197
OCCn1cc(-c2ccc3c(c2)CC/C3=N\O)c(-c2ccncc2)n1,363,0.22655335364560067,0.01135194515580913,0.9996421828974129,0.06773246632684216,0.9904818749476424,0.05509641873278237,0.011019283746556474,0.005509641873278237,0.011019283746556474,4.721246399047171
OCCn1cc(-c2cnc3nnn(Cc4ccc5ncccc5c4)c3n2)cn1,242,0.49421677631216493,0.03023381904481231,0.9994702697219549,0.0976409331073785,0.9606583787576689,0.16942148760330578,0.004132231404958678,0.004132231404958678,0.004132231404958678,3.8750612633917
O[C@H]1CC[C@H](Nc2ncc3nc(Nc4c(F)cc(F)cc4F)n([C@H]4CCOC4)c3n2)CC1,218,0.5413012970099255,0.023687164278006836,0.9990563937058334,0.17977930295404704,0.9795693052374365,0.06422018348623854,0.022935779816513763,0.013761467889908258,0.022935779816513763,4.088045629527841
Oc1c2ccccc2c2c3c(cccc13)N=N2,141,0.7167883170178969,0.06801261770428489,0.9985411755985684,0.6553612075624882,0.8272602549391025,0.9645390070921985,0.48936170212765956,0.12056737588652482,0.48936170212765956,2.400007822415901
Oc1ccc(-c2n[nH]c(Nc3cccc(Cl)c3)c2-c2ccc(O)cc2)cc1,133,0.7257850166705075,0.0433402085347034,0.999373623467115,0.8067675368951072,0.6303081782728789,0.9323308270676691,0.13533834586466165,0.015037593984962405,0.13533834586466165,1.5999712577322454
Oc1ccc(-c2nc(-c3ccc(F)cc3)c(-c3ccncc3)[nH]2)cc1,292,0.390943704204684,0.03218451627045693,0.999419835647462,0.5348422575937123,0.8524203380308932,0.3835616438356164,0.04794520547945205,0.02054794520547945,0.04794520547945205,2.886056647693163
Oc1ccc(Nc2[nH]nc(-c3ccc(O)cc3)c2-c2ccc(O)cc2)cc1,134,0.7247129822498193,0.046767341521762346,0.9992301147665713,0.6478552668760797,0.7619461309744086,0.9253731343283582,0.12686567164179105,0.014925373134328358,0.12686567164179105,2.1999713504226097
Oc1cccc(-c2nc(N3CCOCC3)c3oc4ncccc4c3n2)c1,372,0.20699555752381396,0.010876179277015272,0.9997858793810003,0.44517815377948994,0.7795417515158476,0.12365591397849462,0.01881720430107527,0.005376344086021506,0.01881720430107527,2.853871964321762
Oc1cccc(Nc2ncnc3scc(Cl)c23)c1,127,0.7370232003302926,0.03920287364768342,0.9994714981660046,0.8501626906433718,0.5640846435076144,0.905511811023622,0.05511811023622047,0.0,0.05511811023622047,1.5000085803987355
S=C(NCc1ccc2c(c1)OCO2)N1CCN(c2ncnc3c2oc2ccccc23)CC1,208,0.5529241383220411,0.002676923949168719,0.9999338933543933,0.9336892941909898,0.15930445978522906,0.009615384615384616,0.0,0.0,0.0,1.4771212547196626
S=c1[nH]nc2c3c4c(sc3n3c(=S)[nH]nc3n12)CCC4,134,0.7265032855159977,0.052966600592708704,0.9989867708646093,0.5735623998174567,0.8423934842650285,0.9402985074626866,0.17164179104477612,0.04477611940298507,0.17164179104477612,2.4000149335675918
c1cc(OCCN2CCCCC2)cc(-c2n[nH]c3ccc(-c4nnc[nH]4)cc23)c1,222,0.5399480341623967,0.03844994527636076,0.9987470363282668,0.46600612965976485,0.9179038638075002,0.12162162162162163,0.06306306306306306,0.02252252252252252,0.06306306306306306,3.1994613124881344
c1cc2[nH]ncc2cc1-c1cn(CC2CCOCC2)nn1,134,0.7244025135923589,0.045692285872049404,0.9992697712936304,0.7228521049874753,0.7097468979888195,0.8731343283582089,0.11194029850746269,0.007462686567164179,0.11194029850746269,2.000038455746745
c1cc2cc(-c3ccc4cn[nH]c4c3)cnc2[nH]1,135,0.7247965752442771,0.05411563639514479,0.9990113165545235,0.7590172673926108,0.7255621721225739,0.9481481481481482,0.2518518518518518,0.02962962962962963,0.2518518518518518,1.7000372596006068
c1ccc(CNc2nc(-c3ccc4[nH]ncc4c3)cs2)cc1,137,0.7167542085385252,0.04068578658303473,0.9994233020043286,0.7761871561198653,0.6396701847252473,0.8905109489051095,0.06569343065693431,0.0072992700729927005,0.06569343065693431,1.899988751621307
c1ccc(CNc2nc3ccc(-c4ccncc4)cc3s2)cc1,129,0.7363993317130403,0.05185496058023783,0.9989078503404424,0.3638426301941486,0.9231128765220815,0.875968992248062,0.10852713178294573,0.031007751937984496,0.10852713178294573,3.000007636359321
c1ccc(COc2ccc(Nc3ncnc4ccccc34)cc2)cc1,132,0.7261721249829243,0.037453530243006315,0.9995047344015776,0.845500137729803,0.5582654385598669,0.8560606060606061,0.045454545454545456,0.0,0.045454545454545456,1.7999997628906463
c1ccc(Nc2nc(-c3ccc4[nH]ncc4c3)cs2)cc1,135,0.721025876979584,0.04115560680390363,0.9994304911420738,0.8391315508221258,0.5902385357387576,0.9333333333333333,0.0962962962962963,0.007407407407407408,0.0962962962962963,1.6000157587935444
c1cnc2nc(-c3ccc4[nH]ncc4c3)c(NC3CCCCC3)n2c1,138,0.7189737951152743,0.05510029661947317,0.9988553534927568,0.5435156226434322,0.8794137984419453,0.927536231884058,0.18115942028985507,0.050724637681159424,0.18115942028985507,2.4000006169763797
c1cnc2nc(-c3ccc4[nH]ncc4c3)cn2c1,134,0.7251635001739782,0.04832734388601443,0.9991374177231173,0.5788048660668499,0.8037668425515607,0.8955223880597015,0.1044776119402985,0.014925373134328358,0.1044776119402985,2.299974886868517
