query_idx,candidate_key,name,source,method,ranking_set,max_tanimoto,known_targets,ranked_kinases,top1,top3,top10,top10_genes
0,CHEMBL:CHEMBL1090089,Pamapimod,KLIFS,one_nn,method_available,0.6029411764705882,CSNK1E;MAPK10;MAPK11;MAPK14;MAPK8;MAPK9;NLK;RPS6KA3;RPS6KA4,149,1,1,1,MAPK14;MAPK10;NLK;MAPK9;MAPK11;MAPK8;RPS6KA4;DDR1;ADCK3;STK36
0,CHEMBL:CHEMBL1090089,Pamapimod,KLIFS,one_nn,common_prediction_mask,0.6029411764705882,CSNK1E;MAPK10;MAPK11;MAPK14;MAPK8;MAPK9;NLK;RPS6KA3;RPS6KA4,148,1,1,1,MAPK14;MAPK10;NLK;MAPK9;MAPK11;MAPK8;RPS6KA4;DDR1;ADCK3;STK36
0,CHEMBL:CHEMBL1090089,Pamapimod,KLIFS,unweighted_knn,method_available,0.6029411764705882,CSNK1E;MAPK10;MAPK11;MAPK14;MAPK8;MAPK9;NLK;RPS6KA3;RPS6KA4,342,0,0,0,PDGFRA;DDR1;FGR;EPHB1;EPHA8;SIK1;CSF1R;DDR2;STK36;BLK
0,CHEMBL:CHEMBL1090089,Pamapimod,KLIFS,unweighted_knn,common_prediction_mask,0.6029411764705882,CSNK1E;MAPK10;MAPK11;MAPK14;MAPK8;MAPK9;NLK;RPS6KA3;RPS6KA4,148,0,0,0,DDR1;CSF1R;STK36;BLK;AXL;TYRO3;FLT1;KIT;FLT3;MET
0,CHEMBL:CHEMBL1090089,Pamapimod,KLIFS,weighted_knn,method_available,0.6029411764705882,CSNK1E;MAPK10;MAPK11;MAPK14;MAPK8;MAPK9;NLK;RPS6KA3;RPS6KA4,342,0,0,1,PDGFRA;DDR1;FGR;MAPK14;STK36;EPHB1;DDR2;EPHA8;SIK1;EPHA3
0,CHEMBL:CHEMBL1090089,Pamapimod,KLIFS,weighted_knn,common_prediction_mask,0.6029411764705882,CSNK1E;MAPK10;MAPK11;MAPK14;MAPK8;MAPK9;NLK;RPS6KA3;RPS6KA4,148,0,1,1,DDR1;MAPK14;STK36;AXL;NLK;FLT1;BLK;CSF1R;KIT;TYRO3
0,CHEMBL:CHEMBL1090089,Pamapimod,KLIFS,weighted_vote,method_available,0.6029411764705882,CSNK1E;MAPK10;MAPK11;MAPK14;MAPK8;MAPK9;NLK;RPS6KA3;RPS6KA4,342,0,0,0,STK36;DDR1;FLT1;DDR2;ABL1;PDGFRA;EPHA3;TEK;GAK;ADCK3
0,CHEMBL:CHEMBL1090089,Pamapimod,KLIFS,weighted_vote,common_prediction_mask,0.6029411764705882,CSNK1E;MAPK10;MAPK11;MAPK14;MAPK8;MAPK9;NLK;RPS6KA3;RPS6KA4,148,0,0,1,STK36;DDR1;FLT1;ABL1;ADCK3;GAK;MAPK14;MAPK11;NLK;FYN
1,CHEMBL:CHEMBL1097999,-,KLIFS,one_nn,method_available,0.16666666666666666,FLT3;MAP2K1,150,0,0,0,CDK9;CDK8;CDK5;CDK1;PRKCQ;CDK2;CDK7;DYRK1B;ROS1;MATK
1,CHEMBL:CHEMBL1097999,-,KLIFS,one_nn,common_prediction_mask,0.16666666666666666,FLT3;MAP2K1,144,0,0,0,CDK9;CDK8;CDK5;CDK1;PRKCQ;CDK2;CDK7;DYRK1B;ROS1;PRKD3
1,CHEMBL:CHEMBL1097999,-,KLIFS,unweighted_knn,method_available,0.16666666666666666,FLT3;MAP2K1,272,0,0,0,CDK8;DYRK1B;CDK9;CDKL5;PLK1;CHEK2;ICK;PIM3;CDK1;LRRK2
1,CHEMBL:CHEMBL1097999,-,KLIFS,unweighted_knn,common_prediction_mask,0.16666666666666666,FLT3;MAP2K1,144,0,0,0,CDK8;DYRK1B;CDK9;CHEK2;PIM3;CDK1;LRRK2;LTK;PRKCD;CDK2
1,CHEMBL:CHEMBL1097999,-,KLIFS,weighted_knn,method_available,0.16666666666666666,FLT3;MAP2K1,272,0,0,0,CDK8;DYRK1B;CDK9;CDKL5;PLK1;CHEK2;ICK;PIM3;CDK1;LRRK2
1,CHEMBL:CHEMBL1097999,-,KLIFS,weighted_knn,common_prediction_mask,0.16666666666666666,FLT3;MAP2K1,144,0,0,0,CDK8;DYRK1B;CDK9;CHEK2;PIM3;CDK1;LRRK2;LTK;PRKCD;CDK2
1,CHEMBL:CHEMBL1097999,-,KLIFS,weighted_vote,method_available,0.16666666666666666,FLT3;MAP2K1,272,0,0,0,CDK8;DYRK1B;ALK;CDKL5;CDK9;CDK1;CDK2;ICK;CAMKK2;MAPK13
1,CHEMBL:CHEMBL1097999,-,KLIFS,weighted_vote,common_prediction_mask,0.16666666666666666,FLT3;MAP2K1,144,0,0,0,CDK8;DYRK1B;ALK;CDK1;CDK9;CDK2;LTK;MATK;SRPK1;PIM3
2,CHEMBL:CHEMBL1230065,-,KLIFS,one_nn,method_available,0.3563218390804598,MAPK11;MAPK14,144,1,1,1,MAPK14;FRK;LYN;CSF1R;DYRK3;FLT1;FYN;ABL1;KIT;BLK
2,CHEMBL:CHEMBL1230065,-,KLIFS,one_nn,common_prediction_mask,0.3563218390804598,MAPK11;MAPK14,144,1,1,1,MAPK14;FRK;LYN;CSF1R;DYRK3;FLT1;FYN;ABL1;KIT;BLK
2,CHEMBL:CHEMBL1230065,-,KLIFS,unweighted_knn,method_available,0.3563218390804598,MAPK11;MAPK14,271,1,1,1,MAPK14;PLK3;PLK1;STK24;MAPK11;DAPK3;CAMKK2;FLT1;DYRK3;ALK
2,CHEMBL:CHEMBL1230065,-,KLIFS,unweighted_knn,common_prediction_mask,0.3563218390804598,MAPK11;MAPK14,144,1,1,1,MAPK14;PLK3;PLK1;DAPK3;FLT1;DYRK3;ALK;CSF1R;LYN;FRK
2,CHEMBL:CHEMBL1230065,-,KLIFS,weighted_knn,method_available,0.3563218390804598,MAPK11;MAPK14,271,1,1,1,MAPK14;PLK3;PLK1;STK24;MAPK11;DAPK3;FLT1;DYRK3;CSF1R;CAMKK2
2,CHEMBL:CHEMBL1230065,-,KLIFS,weighted_knn,common_prediction_mask,0.3563218390804598,MAPK11;MAPK14,144,1,1,1,MAPK14;PLK3;PLK1;DAPK3;FLT1;DYRK3;CSF1R;ALK;LYN;FRK
2,CHEMBL:CHEMBL1230065,-,KLIFS,weighted_vote,method_available,0.3563218390804598,MAPK11;MAPK14,271,0,1,1,FLT1;PLK3;MAPK14;ABL1;FYN;PLK1;STK24;MAPK11;NEK3;CLK3
2,CHEMBL:CHEMBL1230065,-,KLIFS,weighted_vote,common_prediction_mask,0.3563218390804598,MAPK11;MAPK14,144,0,1,1,FLT1;PLK3;MAPK14;ABL1;FYN;PLK1;DYRK3;KIT;CSF1R;DAPK3
3,CHEMBL:CHEMBL1738758,Onvansertib,KLIFS,one_nn,method_available,0.6962025316455697,CSNK2A1;FLT3;MELK;PLK1,226,1,1,1,PLK1;PLK2;PLK3;FLT4;CSNK2A2;CSNK1E;KIT;CDK1;RPS6KA4;MYLK3
3,CHEMBL:CHEMBL1738758,Onvansertib,KLIFS,one_nn,common_prediction_mask,0.6962025316455697,CSNK2A1;FLT3;MELK;PLK1,224,1,1,1,PLK1;PLK3;FLT4;CSNK2A2;CSNK1E;KIT;CDK1;RPS6KA4;MYLK3;BMP2K
3,CHEMBL:CHEMBL1738758,Onvansertib,KLIFS,unweighted_knn,method_available,0.6962025316455697,CSNK2A1;FLT3;MELK;PLK1,259,0,0,0,TSSK1B;JAK2;TSSK2;FLT1;JAK3;FGFR3;ALK;ERBB2;ITK;GAK
3,CHEMBL:CHEMBL1738758,Onvansertib,KLIFS,unweighted_knn,common_prediction_mask,0.6962025316455697,CSNK2A1;FLT3;MELK;PLK1,224,0,0,1,ALK;GAK;FLT4;FLT3;KIT;CLK1;PLK1;PTK2;PRKD3;CLK4
3,CHEMBL:CHEMBL1738758,Onvansertib,KLIFS,weighted_knn,method_available,0.6962025316455697,CSNK2A1;FLT3;MELK;PLK1,259,0,0,1,TSSK1B;JAK2;TSSK2;FLT1;JAK3;FGFR3;PLK1;ERBB2;ITK;CSF1R
3,CHEMBL:CHEMBL1738758,Onvansertib,KLIFS,weighted_knn,common_prediction_mask,0.6962025316455697,CSNK2A1;FLT3;MELK;PLK1,224,1,1,1,PLK1;FLT4;ALK;KIT;FLT3;GAK;PLK3;CLK1;CDK2;CLK4
3,CHEMBL:CHEMBL1738758,Onvansertib,KLIFS,weighted_vote,method_available,0.6962025316455697,CSNK2A1;FLT3;MELK;PLK1,259,0,0,1,CSF1R;FLT1;FGFR3;FLT4;ERBB2;KIT;PLK1;PLK3;ABL1;FLT3
3,CHEMBL:CHEMBL1738758,Onvansertib,KLIFS,weighted_vote,common_prediction_mask,0.6962025316455697,CSNK2A1;FLT3;MELK;PLK1,224,0,1,1,FLT4;KIT;PLK1;PLK3;FLT3;ABL1;GAK;CLK1;ALK;PTK2
4,CHEMBL:CHEMBL1852688,Infigratinib,KLIFS,one_nn,method_available,0.33695652173913043,FGFR1;FGFR2;FGFR3;FGFR4,367,0,0,0,TIE1;CDKL2;DDR1;STK10;CDK13;MAP3K7;CDK19;CDK8;NAN;MUSK
4,CHEMBL:CHEMBL1852688,Infigratinib,KLIFS,one_nn,common_prediction_mask,0.33695652173913043,FGFR1;FGFR2;FGFR3;FGFR4,367,0,0,0,TIE1;CDKL2;DDR1;STK10;CDK13;MAP3K7;CDK19;CDK8;NAN;MUSK
4,CHEMBL:CHEMBL1852688,Infigratinib,KLIFS,unweighted_knn,method_available,0.33695652173913043,FGFR1;FGFR2;FGFR3;FGFR4,390,0,0,0,CDKL2;TIE1;HIPK4;EGFR;PDGFRA;CSF1R;MAP3K7;FLT1;FLT3;MUSK
4,CHEMBL:CHEMBL1852688,Infigratinib,KLIFS,unweighted_knn,common_prediction_mask,0.33695652173913043,FGFR1;FGFR2;FGFR3;FGFR4,367,0,0,0,CDKL2;TIE1;HIPK4;EGFR;PDGFRA;CSF1R;MAP3K7;FLT1;FLT3;MUSK
4,CHEMBL:CHEMBL1852688,Infigratinib,KLIFS,weighted_knn,method_available,0.33695652173913043,FGFR1;FGFR2;FGFR3;FGFR4,390,0,0,0,CDKL2;TIE1;HIPK4;MAP3K7;EGFR;PDGFRA;CSF1R;MUSK;HIPK3;CDK19
4,CHEMBL:CHEMBL1852688,Infigratinib,KLIFS,weighted_knn,common_prediction_mask,0.33695652173913043,FGFR1;FGFR2;FGFR3;FGFR4,367,0,0,0,CDKL2;TIE1;HIPK4;MAP3K7;EGFR;PDGFRA;CSF1R;MUSK;HIPK3;CDK19
4,CHEMBL:CHEMBL1852688,Infigratinib,KLIFS,weighted_vote,method_available,0.33695652173913043,FGFR1;FGFR2;FGFR3;FGFR4,390,0,0,0,EGFR;FLT3;CHEK2;SRMS;HIPK4;KDR;KIT;CSF1R;CLK4;CDK19
4,CHEMBL:CHEMBL1852688,Infigratinib,KLIFS,weighted_vote,common_prediction_mask,0.33695652173913043,FGFR1;FGFR2;FGFR3;FGFR4,367,0,0,0,EGFR;FLT3;CHEK2;SRMS;KDR;HIPK4;KIT;CSF1R;CLK4;CDK19
5,CHEMBL:CHEMBL1938400,-,KLIFS,one_nn,method_available,0.3391304347826087,FLT1;MAPK11;MINK1,219,0,0,1,MAPK14;MAPKAPK2;MYLK;MAPK11;MAPK10;ABL1;MAP4K4;MAPK9;ABL2;DDR1
5,CHEMBL:CHEMBL1938400,-,KLIFS,one_nn,common_prediction_mask,0.3391304347826087,FLT1;MAPK11;MINK1,219,0,0,1,MAPK14;MAPKAPK2;MYLK;MAPK11;MAPK10;ABL1;MAP4K4;MAPK9;ABL2;DDR1
5,CHEMBL:CHEMBL1938400,-,KLIFS,unweighted_knn,method_available,0.3391304347826087,FLT1;MAPK11;MINK1,263,0,0,0,MAPK14;MAPK10;DDR1;ABL1;CDK17;DDR2;BCR;MAPK9;ABL2;RET
5,CHEMBL:CHEMBL1938400,-,KLIFS,unweighted_knn,common_prediction_mask,0.3391304347826087,FLT1;MAPK11;MINK1,219,0,0,0,MAPK14;MAPK10;DDR1;ABL1;CDK17;DDR2;BCR;MAPK9;ABL2;RET
5,CHEMBL:CHEMBL1938400,-,KLIFS,weighted_knn,method_available,0.3391304347826087,FLT1;MAPK11;MINK1,263,0,0,0,MAPK14;MAPK10;DDR1;ABL1;CDK17;DDR2;MAPK9;BCR;ABL2;RIPK3
5,CHEMBL:CHEMBL1938400,-,KLIFS,weighted_knn,common_prediction_mask,0.3391304347826087,FLT1;MAPK11;MINK1,219,0,0,0,MAPK14;MAPK10;DDR1;ABL1;CDK17;DDR2;MAPK9;BCR;ABL2;RIPK3
5,CHEMBL:CHEMBL1938400,-,KLIFS,weighted_vote,method_available,0.3391304347826087,FLT1;MAPK11;MINK1,263,0,0,1,DDR1;MAPK10;BCR;MAPK14;MAPK11;ABL2;CDK17;ABL1;MAPK9;DDR2
5,CHEMBL:CHEMBL1938400,-,KLIFS,weighted_vote,common_prediction_mask,0.3391304347826087,FLT1;MAPK11;MINK1,219,0,0,1,BCR;DDR1;MAPK10;MAPK14;MAPK11;ABL2;CDK17;ABL1;MAPK9;DDR2
6,CHEMBL:CHEMBL2031465,-,KLIFS,one_nn,method_available,0.3229166666666667,MAPK14,131,0,0,0,PLK1;PLK3;FLT1;ABL1;FYN;DAPK3;KIT;CDC7;BTK;NTRK3
6,CHEMBL:CHEMBL2031465,-,KLIFS,one_nn,common_prediction_mask,0.3229166666666667,MAPK14,131,0,0,0,PLK1;PLK3;FLT1;ABL1;FYN;DAPK3;KIT;CDC7;BTK;NTRK3
6,CHEMBL:CHEMBL2031465,-,KLIFS,unweighted_knn,method_available,0.3229166666666667,MAPK14,281,0,0,0,BRD4;LTK;PLK3;PLK1;ALK;PTK2;DAPK3;NTRK3;NTRK1;CAMKK2
6,CHEMBL:CHEMBL2031465,-,KLIFS,unweighted_knn,common_prediction_mask,0.3229166666666667,MAPK14,131,0,0,0,PLK3;PLK1;ALK;PTK2;DAPK3;NTRK3;NTRK1;ROS1;JAK2;FLT1
6,CHEMBL:CHEMBL2031465,-,KLIFS,weighted_knn,method_available,0.3229166666666667,MAPK14,281,0,0,0,BRD4;LTK;PLK3;PLK1;ALK;PTK2;DAPK3;NTRK3;CAMKK2;NTRK1
6,CHEMBL:CHEMBL2031465,-,KLIFS,weighted_knn,common_prediction_mask,0.3229166666666667,MAPK14,131,0,0,0,PLK3;PLK1;ALK;PTK2;DAPK3;NTRK3;NTRK1;ROS1;FLT1;JAK2
6,CHEMBL:CHEMBL2031465,-,KLIFS,weighted_vote,method_available,0.3229166666666667,MAPK14,281,0,0,0,BRD4;PLK3;FLT1;PRKD3;ALK;PTK2;CAMKK2;NIM1K;NEK3;CLK1
6,CHEMBL:CHEMBL2031465,-,KLIFS,weighted_vote,common_prediction_mask,0.3229166666666667,MAPK14,131,0,0,0,PLK3;FLT1;PRKD3;PTK2;ALK;FYN;ABL1;PLK1;MELK;CLK2
7,CHEMBL:CHEMBL203567,-,KLIFS,one_nn,method_available,0.31645569620253167,GAK;MAPK11;MAPK14;PDGFRB,204,0,0,0,FGFR1;EPHB6;FGFR2;MAPKAPK2;FGFR3;FGFR4;RET;KDR;SRC;BUB1
7,CHEMBL:CHEMBL203567,-,KLIFS,one_nn,common_prediction_mask,0.31645569620253167,GAK;MAPK11;MAPK14;PDGFRB,200,0,0,0,FGFR1;EPHB6;MAPKAPK2;FGFR3;RET;KDR;SRC;BMPR1B;RIPK2;BUB1
7,CHEMBL:CHEMBL203567,-,KLIFS,unweighted_knn,method_available,0.31645569620253167,GAK;MAPK11;MAPK14;PDGFRB,254,0,0,0,NTRK3;FLT1;EPHB6;FGFR3;BLK;MAP2K1;PIM3;PIM2;SRMS;AXL
7,CHEMBL:CHEMBL203567,-,KLIFS,unweighted_knn,common_prediction_mask,0.31645569620253167,GAK;MAPK11;MAPK14;PDGFRB,200,0,0,0,EPHB6;FGFR3;MAP2K1;PIM2;FGFR1;MAP2K2;RET;CDC7;MAPKAPK2;MAP3K1
7,CHEMBL:CHEMBL203567,-,KLIFS,weighted_knn,method_available,0.31645569620253167,GAK;MAPK11;MAPK14;PDGFRB,254,0,0,0,EPHB6;NTRK3;FLT1;FGFR3;BLK;PIM3;MAP2K1;PIM2;SRMS;KIT
7,CHEMBL:CHEMBL203567,-,KLIFS,weighted_knn,common_prediction_mask,0.31645569620253167,GAK;MAPK11;MAPK14;PDGFRB,200,0,0,0,EPHB6;FGFR3;MAP2K1;PIM2;FGFR1;RET;MAP2K2;MAPKAPK2;CDC7;MAP3K1
7,CHEMBL:CHEMBL203567,-,KLIFS,weighted_vote,method_available,0.31645569620253167,GAK;MAPK11;MAPK14;PDGFRB,254,0,0,0,FLT1;EPHB6;PIM3;FYN;ABL1;AXL;MAP2K2;BRAF;MAP2K5;MAP3K1
7,CHEMBL:CHEMBL203567,-,KLIFS,weighted_vote,common_prediction_mask,0.31645569620253167,GAK;MAPK11;MAPK14;PDGFRB,200,0,0,0,EPHB6;ABL1;FYN;BRAF;MAP2K1;MAP3K1;MAP2K5;MAP2K2;PIM2;FGFR3
8,CHEMBL:CHEMBL2057915,-,KLIFS,one_nn,method_available,0.23893805309734514,BTK,387,0,0,0,CSF1R;PDGFRB;DDR1;PDGFRA;DDR2;LCK;KIT;ABL1;LYN;BCR
8,CHEMBL:CHEMBL2057915,-,KLIFS,one_nn,common_prediction_mask,0.23893805309734514,BTK,386,0,0,0,CSF1R;PDGFRB;DDR1;PDGFRA;DDR2;LCK;KIT;ABL1;LYN;BCR
8,CHEMBL:CHEMBL2057915,-,KLIFS,unweighted_knn,method_available,0.23893805309734514,BTK,394,0,0,0,PDGFRA;DDR1;PDGFRB;BCR;CSF1R;KIT;ABL1;BLK;DDR2;ABL2
8,CHEMBL:CHEMBL2057915,-,KLIFS,unweighted_knn,common_prediction_mask,0.23893805309734514,BTK,386,0,0,0,PDGFRA;DDR1;PDGFRB;BCR;CSF1R;KIT;ABL1;BLK;DDR2;ABL2
8,CHEMBL:CHEMBL2057915,-,KLIFS,weighted_knn,method_available,0.23893805309734514,BTK,394,0,0,0,PDGFRA;DDR1;PDGFRB;BCR;CSF1R;KIT;ABL1;DDR2;BLK;ABL2
8,CHEMBL:CHEMBL2057915,-,KLIFS,weighted_knn,common_prediction_mask,0.23893805309734514,BTK,386,0,0,0,PDGFRA;DDR1;PDGFRB;BCR;CSF1R;KIT;ABL1;DDR2;BLK;ABL2
8,CHEMBL:CHEMBL2057915,-,KLIFS,weighted_vote,method_available,0.23893805309734514,BTK,394,0,0,0,PDGFRA;ABL1;ABL2;DDR1;PDGFRB;DDR2;BCR;FGR;FYN;KIT
8,CHEMBL:CHEMBL2057915,-,KLIFS,weighted_vote,common_prediction_mask,0.23893805309734514,BTK,386,0,0,0,PDGFRA;ABL1;ABL2;DDR1;PDGFRB;BCR;DDR2;FGR;FYN;KIT
9,CHEMBL:CHEMBL2107823,Gandotinib,KLIFS,one_nn,method_available,0.2840909090909091,AURKA;JAK2;JAK3;LIMK1;TYK2,149,0,0,1,FLT3;RET;SRC;AURKA;DAPK3;FLT1;JAK2;PLK4;KDR;LCK
9,CHEMBL:CHEMBL2107823,Gandotinib,KLIFS,one_nn,common_prediction_mask,0.2840909090909091,AURKA;JAK2;JAK3;LIMK1;TYK2,149,0,0,1,FLT3;RET;SRC;AURKA;DAPK3;FLT1;JAK2;PLK4;KDR;LCK
9,CHEMBL:CHEMBL2107823,Gandotinib,KLIFS,unweighted_knn,method_available,0.2840909090909091,AURKA;JAK2;JAK3;LIMK1;TYK2,394,0,1,1,FLT3;MAP3K19;AURKA;RET;AURKC;PLK4;PDGFRA;MYLK2;FLT1;SRC
9,CHEMBL:CHEMBL2107823,Gandotinib,KLIFS,unweighted_knn,common_prediction_mask,0.2840909090909091,AURKA;JAK2;JAK3;LIMK1;TYK2,149,0,1,1,FLT3;AURKA;RET;PLK4;PDGFRA;FLT1;SRC;LCK;ABL1;AURKB
9,CHEMBL:CHEMBL2107823,Gandotinib,KLIFS,weighted_knn,method_available,0.2840909090909091,AURKA;JAK2;JAK3;LIMK1;TYK2,394,0,1,1,FLT3;AURKA;MAP3K19;RET;AURKC;PLK4;PDGFRA;FLT1;SRC;MYLK2
9,CHEMBL:CHEMBL2107823,Gandotinib,KLIFS,weighted_knn,common_prediction_mask,0.2840909090909091,AURKA;JAK2;JAK3;LIMK1;TYK2,149,0,1,1,FLT3;AURKA;RET;PLK4;PDGFRA;FLT1;SRC;AURKB;LCK;BLK
9,CHEMBL:CHEMBL2107823,Gandotinib,KLIFS,weighted_vote,method_available,0.2840909090909091,AURKA;JAK2;JAK3;LIMK1;TYK2,394,0,0,0,MAP3K19;PDGFRA;FLT1;STK16;ULK3;YES1;DDR1;STK10;MAP2K5;SRC
9,CHEMBL:CHEMBL2107823,Gandotinib,KLIFS,weighted_vote,common_prediction_mask,0.2840909090909091,AURKA;JAK2;JAK3;LIMK1;TYK2,149,0,0,1,PDGFRA;FLT1;PLK4;AURKA;SRC;FGFR1;RET;NTRK1;KDR;FLT3
10,CHEMBL:CHEMBL2134202,-,KLIFS,one_nn,method_available,0.2682926829268293,RPS6KB1,119,1,1,1,RPS6KB1;ROCK2;CLK4;DYRK1A;FLT1;ABL1;FYN;CSNK1G2;CDC7;DAPK3
10,CHEMBL:CHEMBL2134202,-,KLIFS,one_nn,common_prediction_mask,0.2682926829268293,RPS6KB1,119,1,1,1,RPS6KB1;ROCK2;CLK4;DYRK1A;FLT1;ABL1;FYN;CSNK1G2;CDC7;DAPK3
10,CHEMBL:CHEMBL2134202,-,KLIFS,unweighted_knn,method_available,0.2682926829268293,RPS6KB1,391,0,0,1,HIPK3;TIE1;CDKL2;RPS6KB1;MAP3K7;CDK8;MUSK;NTRK3;CDKL3;CLK4
10,CHEMBL:CHEMBL2134202,-,KLIFS,unweighted_knn,common_prediction_mask,0.2682926829268293,RPS6KB1,119,1,1,1,RPS6KB1;CLK4;HIPK2;FLT1;FLT3;BLK;CSF1R;RET;ITK;AXL
10,CHEMBL:CHEMBL2134202,-,KLIFS,weighted_knn,method_available,0.2682926829268293,RPS6KB1,391,0,0,1,HIPK3;TIE1;CDKL2;RPS6KB1;MAP3K7;CDK8;MUSK;NTRK3;CDKL3;CLK4
10,CHEMBL:CHEMBL2134202,-,KLIFS,weighted_knn,common_prediction_mask,0.2682926829268293,RPS6KB1,119,1,1,1,RPS6KB1;CLK4;FLT1;HIPK2;FLT3;BLK;CSF1R;RET;ITK;AXL
10,CHEMBL:CHEMBL2134202,-,KLIFS,weighted_vote,method_available,0.2682926829268293,RPS6KB1,391,0,1,1,RIOK2;HIPK3;RPS6KB1;CLK4;FLT1;NTRK3;MAPK10;FYN;CSNK1G2;ABL1
10,CHEMBL:CHEMBL2134202,-,KLIFS,weighted_vote,common_prediction_mask,0.2682926829268293,RPS6KB1,119,1,1,1,RPS6KB1;FLT1;CLK4;FYN;CSNK1G2;ABL1;KDR;AXL;BLK;FLT4
11,CHEMBL:CHEMBL2177390,Ipatasertib,KLIFS,one_nn,method_available,0.2755102040816326,AKT1;AKT2;AKT3;PRKG1,390,0,0,0,PDGFRA;PDGFRB;KIT;CSF1R;FLT3;CLK1;IRAK3;MAP4K5;CLK4;EPHB6
11,CHEMBL:CHEMBL2177390,Ipatasertib,KLIFS,one_nn,common_prediction_mask,0.2755102040816326,AKT1;AKT2;AKT3;PRKG1,268,0,0,0,PDGFRB;KIT;CSF1R;FLT3;CLK1;IRAK3;MAP4K5;CLK4;EPHB6;DDR1
11,CHEMBL:CHEMBL2177390,Ipatasertib,KLIFS,unweighted_knn,method_available,0.2755102040816326,AKT1;AKT2;AKT3;PRKG1,271,0,0,0,MTOR;KIT;JAK3;FLT1;CSF1R;JAK2;MAP3K9;TSSK2;NTRK3;JAK1
11,CHEMBL:CHEMBL2177390,Ipatasertib,KLIFS,unweighted_knn,common_prediction_mask,0.2755102040816326,AKT1;AKT2;AKT3;PRKG1,268,0,0,0,MTOR;KIT;JAK3;FLT1;CSF1R;JAK2;MAP3K9;NTRK3;JAK1;ITK
11,CHEMBL:CHEMBL2177390,Ipatasertib,KLIFS,weighted_knn,method_available,0.2755102040816326,AKT1;AKT2;AKT3;PRKG1,271,0,0,0,MTOR;KIT;JAK3;CSF1R;FLT1;JAK2;TSSK2;NTRK3;CLK1;MAP3K9
11,CHEMBL:CHEMBL2177390,Ipatasertib,KLIFS,weighted_knn,common_prediction_mask,0.2755102040816326,AKT1;AKT2;AKT3;PRKG1,268,0,0,0,MTOR;KIT;JAK3;CSF1R;FLT1;JAK2;NTRK3;CLK1;MAP3K9;ITK
11,CHEMBL:CHEMBL2177390,Ipatasertib,KLIFS,weighted_vote,method_available,0.2755102040816326,AKT1;AKT2;AKT3;PRKG1,271,0,0,0,CLK1;CLK4;ABL1;FLT1;MTOR;FGR;MAP3K9;CSF1R;KIT;PDGFRB
11,CHEMBL:CHEMBL2177390,Ipatasertib,KLIFS,weighted_vote,common_prediction_mask,0.2755102040816326,AKT1;AKT2;AKT3;PRKG1,268,0,0,0,CLK1;CLK4;ABL1;FLT1;MTOR;FGR;MAP3K9;CSF1R;KIT;IRAK3
12,CHEMBL:CHEMBL2177736,-,KLIFS,one_nn,method_available,0.4931506849315068,FGR;FLT3;LCK;LYN;MAP3K9;PAK7;PRKCA;SRC;SYK;YES1;ZAP70,153,0,0,0,FER;SLK;ROS1;LTK;FRK;PIM3;PBK;PAK4;LRRK2;SIK2
12,CHEMBL:CHEMBL2177736,-,KLIFS,one_nn,common_prediction_mask,0.4931506849315068,FGR;FLT3;LCK;LYN;MAP3K9;PAK7;PRKCA;SRC;SYK;YES1;ZAP70,144,0,0,0,FER;SLK;ROS1;FRK;PIM3;PBK;PAK4;SIK2;MAP4K2;MAP4K5
12,CHEMBL:CHEMBL2177736,-,KLIFS,unweighted_knn,method_available,0.4931506849315068,FGR;FLT3;LCK;LYN;MAP3K9;PAK7;PRKCA;SRC;SYK;YES1;ZAP70,152,0,0,1,FLT4;SIK2;ROS1;JAK2;FLT3;MAPK10;RET;DAPK3;ITK;TYK2
12,CHEMBL:CHEMBL2177736,-,KLIFS,unweighted_knn,common_prediction_mask,0.4931506849315068,FGR;FLT3;LCK;LYN;MAP3K9;PAK7;PRKCA;SRC;SYK;YES1;ZAP70,144,0,0,1,SIK2;ROS1;JAK2;FLT3;MAPK10;RET;DAPK3;ITK;TYK2;TSSK1B
12,CHEMBL:CHEMBL2177736,-,KLIFS,weighted_knn,method_available,0.4931506849315068,FGR;FLT3;LCK;LYN;MAP3K9;PAK7;PRKCA;SRC;SYK;YES1;ZAP70,152,0,0,1,FLT4;SIK2;ROS1;JAK2;RET;MAPK10;FLT3;DAPK3;TSSK1B;MAP4K2
12,CHEMBL:CHEMBL2177736,-,KLIFS,weighted_knn,common_prediction_mask,0.4931506849315068,FGR;FLT3;LCK;LYN;MAP3K9;PAK7;PRKCA;SRC;SYK;YES1;ZAP70,144,0,0,1,SIK2;ROS1;JAK2;RET;MAPK10;FLT3;DAPK3;TSSK1B;MAP4K2;PAK4
12,CHEMBL:CHEMBL2177736,-,KLIFS,weighted_vote,method_available,0.4931506849315068,FGR;FLT3;LCK;LYN;MAP3K9;PAK7;PRKCA;SRC;SYK;YES1;ZAP70,152,0,0,0,FLT4;PDGFRB;MAPK10;SIK2;RET;MARK3;RPS6KA3;PAK4;MAP4K2;JAK2
12,CHEMBL:CHEMBL2177736,-,KLIFS,weighted_vote,common_prediction_mask,0.4931506849315068,FGR;FLT3;LCK;LYN;MAP3K9;PAK7;PRKCA;SRC;SYK;YES1;ZAP70,144,0,0,0,PDGFRB;MAPK10;SIK2;PAK4;MARK3;MAP4K2;RET;JAK2;RPS6KA3;FYN
13,CHEMBL:CHEMBL2316582,Olverembatinib,KLIFS,one_nn,method_available,0.6785714285714286,ABL1;FGFR1;FLT3;PDGFRA,219,1,1,1,PDGFRA;FGFR2;KDR;LYN;LCK;ABL1;HCK;FYN;EPHA2;RIPK3
13,CHEMBL:CHEMBL2316582,Olverembatinib,KLIFS,one_nn,common_prediction_mask,0.6785714285714286,ABL1;FGFR1;FLT3;PDGFRA,219,1,1,1,PDGFRA;FGFR2;KDR;LYN;LCK;ABL1;HCK;FYN;EPHA2;RIPK3
13,CHEMBL:CHEMBL2316582,Olverembatinib,KLIFS,unweighted_knn,method_available,0.6785714285714286,ABL1;FGFR1;FLT3;PDGFRA,391,0,1,1,DDR1;PDGFRA;ABL1;CSF1R;ABL2;BCR;LCK;DDR2;PDGFRB;LYN
13,CHEMBL:CHEMBL2316582,Olverembatinib,KLIFS,unweighted_knn,common_prediction_mask,0.6785714285714286,ABL1;FGFR1;FLT3;PDGFRA,219,0,1,1,DDR1;PDGFRA;ABL1;CSF1R;ABL2;BCR;LCK;DDR2;PDGFRB;LYN
13,CHEMBL:CHEMBL2316582,Olverembatinib,KLIFS,weighted_knn,method_available,0.6785714285714286,ABL1;FGFR1;FLT3;PDGFRA,391,0,1,1,DDR1;PDGFRA;ABL1;CSF1R;ABL2;BCR;LCK;LYN;DDR2;PDGFRB
13,CHEMBL:CHEMBL2316582,Olverembatinib,KLIFS,weighted_knn,common_prediction_mask,0.6785714285714286,ABL1;FGFR1;FLT3;PDGFRA,219,0,1,1,DDR1;PDGFRA;ABL1;CSF1R;ABL2;BCR;LCK;LYN;DDR2;PDGFRB
13,CHEMBL:CHEMBL2316582,Olverembatinib,KLIFS,weighted_vote,method_available,0.6785714285714286,ABL1;FGFR1;FLT3;PDGFRA,391,1,1,1,ABL1;BCR;CSF1R;PDGFRA;KIT;LCK;ABL2;DDR1;DDR2;FRK
13,CHEMBL:CHEMBL2316582,Olverembatinib,KLIFS,weighted_vote,common_prediction_mask,0.6785714285714286,ABL1;FGFR1;FLT3;PDGFRA,219,0,1,1,LCK;CSF1R;ABL1;BCR;KIT;PDGFRA;ABL2;DDR1;DDR2;NAN
14,CHEMBL:CHEMBL2392545,-,KLIFS,one_nn,method_available,0.5434782608695652,PLK1,131,1,1,1,PLK1;PLK3;FLT1;ABL1;FYN;DAPK3;KIT;CDC7;BTK;NTRK3
14,CHEMBL:CHEMBL2392545,-,KLIFS,one_nn,common_prediction_mask,0.5434782608695652,PLK1,131,1,1,1,PLK1;PLK3;FLT1;ABL1;FYN;DAPK3;KIT;CDC7;BTK;NTRK3
14,CHEMBL:CHEMBL2392545,-,KLIFS,unweighted_knn,method_available,0.5434782608695652,PLK1,272,0,1,1,PLK2;PLK1;PLK3;CAMKK2;BRD4;DAPK3;PTK2;BRDT;ALK;FLT1
14,CHEMBL:CHEMBL2392545,-,KLIFS,unweighted_knn,common_prediction_mask,0.5434782608695652,PLK1,131,1,1,1,PLK1;PLK3;DAPK3;PTK2;ALK;FLT1;TSSK2;PTK2B;PRKD3;NTRK3
14,CHEMBL:CHEMBL2392545,-,KLIFS,weighted_knn,method_available,0.5434782608695652,PLK1,272,0,1,1,PLK2;PLK1;PLK3;CAMKK2;BRD4;DAPK3;PTK2;BRDT;ALK;FLT1
14,CHEMBL:CHEMBL2392545,-,KLIFS,weighted_knn,common_prediction_mask,0.5434782608695652,PLK1,131,1,1,1,PLK1;PLK3;DAPK3;PTK2;ALK;FLT1;PTK2B;TSSK2;PRKD3;EGFR
14,CHEMBL:CHEMBL2392545,-,KLIFS,weighted_vote,method_available,0.5434782608695652,PLK1,272,0,0,1,BRD4;PLK3;CAMKK2;PLK2;PLK1;FLT1;ABL1;FYN;PTK2;CLK3
14,CHEMBL:CHEMBL2392545,-,KLIFS,weighted_vote,common_prediction_mask,0.5434782608695652,PLK1,131,0,1,1,PLK3;PLK1;FLT1;FYN;ABL1;PTK2;DAPK3;ALK;PTK2B;PRKD3
15,CHEMBL:CHEMBL3112866,-,KLIFS,one_nn,method_available,0.26136363636363635,AKT1,223,0,0,0,PRKDC;MTOR;AURKB;BMPR1B;EPHB6;GAK;CIT;PLK4;RPS6KA5;ROCK2
15,CHEMBL:CHEMBL3112866,-,KLIFS,one_nn,common_prediction_mask,0.26136363636363635,AKT1,218,0,0,0,PRKDC;MTOR;AURKB;BMPR1B;EPHB6;GAK;CIT;PLK4;RPS6KA5;ROCK2
15,CHEMBL:CHEMBL3112866,-,KLIFS,unweighted_knn,method_available,0.26136363636363635,AKT1,269,0,0,0,ROS1;JAK2;DAPK3;ALK;NTRK3;MTOR;CHEK2;ITK;BLK;FGFR3
15,CHEMBL:CHEMBL3112866,-,KLIFS,unweighted_knn,common_prediction_mask,0.26136363636363635,AKT1,218,0,0,0,MTOR;PLK4;FRK;FER;INSR;AURKB;CLK4;AURKA;RET;IGF1R
15,CHEMBL:CHEMBL3112866,-,KLIFS,weighted_knn,method_available,0.26136363636363635,AKT1,269,0,0,0,ROS1;JAK2;ALK;DAPK3;NTRK3;MTOR;ITK;CHEK2;BLK;FGFR3
15,CHEMBL:CHEMBL3112866,-,KLIFS,weighted_knn,common_prediction_mask,0.26136363636363635,AKT1,218,0,0,0,MTOR;PLK4;FRK;FER;INSR;AURKB;CLK4;AURKA;RET;IGF1R
15,CHEMBL:CHEMBL3112866,-,KLIFS,weighted_vote,method_available,0.26136363636363635,AKT1,269,0,0,0,CHEK2;SRMS;ROS1;FGFR3;ITK;ALK;JAK2;DAPK3;KDR;HIPK4
15,CHEMBL:CHEMBL3112866,-,KLIFS,weighted_vote,common_prediction_mask,0.26136363636363635,AKT1,218,0,0,0,KDR;PRKDC;MTOR;PLK4;FGFR1;AURKA;INSR;EGFR;FER;PRKAA1
16,CHEMBL:CHEMBL3265032,Entospletinib,KLIFS,one_nn,method_available,0.37142857142857144,BTK;FLT3;JAK2;SYK,134,0,0,0,CLK4;DYRK1A;GSK3A;CLK2;GSK3B;ROCK2;FLT1;CDC7;DYRK4;ABL1
16,CHEMBL:CHEMBL3265032,Entospletinib,KLIFS,one_nn,common_prediction_mask,0.37142857142857144,BTK;FLT3;JAK2;SYK,134,0,0,0,CLK4;DYRK1A;GSK3A;CLK2;GSK3B;ROCK2;FLT1;CDC7;DYRK4;ABL1
16,CHEMBL:CHEMBL3265032,Entospletinib,KLIFS,unweighted_knn,method_available,0.37142857142857144,BTK;FLT3;JAK2;SYK,252,0,0,0,AAK1;BMP2K;CLK4;NEK3;GAK;ADCK1;STK17A;IKBKE;ULK3;FLT1
16,CHEMBL:CHEMBL3265032,Entospletinib,KLIFS,unweighted_knn,common_prediction_mask,0.37142857142857144,BTK;FLT3;JAK2;SYK,134,0,0,1,CLK4;STK17A;FLT1;ROCK2;JAK2;JAK3;NTRK3;ROS1;DAPK3;BLK
16,CHEMBL:CHEMBL3265032,Entospletinib,KLIFS,weighted_knn,method_available,0.37142857142857144,BTK;FLT3;JAK2;SYK,252,0,0,0,AAK1;BMP2K;CLK4;NEK3;GAK;ADCK1;STK17A;IKBKE;ULK3;FLT1
16,CHEMBL:CHEMBL3265032,Entospletinib,KLIFS,weighted_knn,common_prediction_mask,0.37142857142857144,BTK;FLT3;JAK2;SYK,134,0,0,1,CLK4;STK17A;FLT1;ROCK2;JAK2;NTRK3;JAK3;ROS1;DAPK3;BLK
16,CHEMBL:CHEMBL3265032,Entospletinib,KLIFS,weighted_vote,method_available,0.37142857142857144,BTK;FLT3;JAK2;SYK,252,0,0,0,GAK;FLT1;NEK3;BMP2K;SIK3;IKBKE;AAK1;ULK3;ADCK1;SIK2
16,CHEMBL:CHEMBL3265032,Entospletinib,KLIFS,weighted_vote,common_prediction_mask,0.37142857142857144,BTK;FLT3;JAK2;SYK,134,0,0,0,FLT1;CLK4;STK17A;ABL1;DYRK1A;FYN;PRKD3;ROCK2;MAPK8;PLK4
17,CHEMBL:CHEMBL3286830,Lorlatinib,KLIFS,one_nn,method_available,0.22,ALK;EGFR;FER;FES;FRK;JAK2;LTK;NTRK1;NTRK2;NTRK3;PTK2;PTK2B;ROS1;TNK2,107,0,0,0,FLT3;LCK;MAP4K5;CSF1R;ABL1;BLK;KDR;AURKA;LYN;MET
17,CHEMBL:CHEMBL3286830,Lorlatinib,KLIFS,one_nn,common_prediction_mask,0.22,ALK;EGFR;FER;FES;FRK;JAK2;LTK;NTRK1;NTRK2;NTRK3;PTK2;PTK2B;ROS1;TNK2,102,0,0,0,FLT3;LCK;MAP4K5;CSF1R;ABL1;BLK;KDR;AURKA;LYN;MET
17,CHEMBL:CHEMBL3286830,Lorlatinib,KLIFS,unweighted_knn,method_available,0.22,ALK;EGFR;FER;FES;FRK;JAK2;LTK;NTRK1;NTRK2;NTRK3;PTK2;PTK2B;ROS1;TNK2,176,0,1,1,CSF1R;NTRK3;FLT1;MET;BLK;KDR;MAPK14;ABL1;FYN;NTRK2
17,CHEMBL:CHEMBL3286830,Lorlatinib,KLIFS,unweighted_knn,common_prediction_mask,0.22,ALK;EGFR;FER;FES;FRK;JAK2;LTK;NTRK1;NTRK2;NTRK3;PTK2;PTK2B;ROS1;TNK2,102,0,0,1,CSF1R;FLT1;MET;BLK;KDR;ABL1;FYN;NTRK2;LYN;AURKB
17,CHEMBL:CHEMBL3286830,Lorlatinib,KLIFS,weighted_knn,method_available,0.22,ALK;EGFR;FER;FES;FRK;JAK2;LTK;NTRK1;NTRK2;NTRK3;PTK2;PTK2B;ROS1;TNK2,176,0,1,1,CSF1R;NTRK3;FLT1;MET;BLK;KDR;MAPK14;ABL1;FYN;NTRK2
17,CHEMBL:CHEMBL3286830,Lorlatinib,KLIFS,weighted_knn,common_prediction_mask,0.22,ALK;EGFR;FER;FES;FRK;JAK2;LTK;NTRK1;NTRK2;NTRK3;PTK2;PTK2B;ROS1;TNK2,102,0,0,1,CSF1R;FLT1;MET;BLK;KDR;ABL1;FYN;NTRK2;LCK;AURKB
17,CHEMBL:CHEMBL3286830,Lorlatinib,KLIFS,weighted_vote,method_available,0.22,ALK;EGFR;FER;FES;FRK;JAK2;LTK;NTRK1;NTRK2;NTRK3;PTK2;PTK2B;ROS1;TNK2,176,0,0,1,FYN;FLT1;CSF1R;NTRK2;ABL1;MET;MST1R;ACVR1;STK33;STK3
17,CHEMBL:CHEMBL3286830,Lorlatinib,KLIFS,weighted_vote,common_prediction_mask,0.22,ALK;EGFR;FER;FES;FRK;JAK2;LTK;NTRK1;NTRK2;NTRK3;PTK2;PTK2B;ROS1;TNK2,102,0,0,1,FYN;FLT1;CSF1R;NTRK2;ABL1;MET;MST1R;ACVR1;STK33;STK3
18,CHEMBL:CHEMBL3545097,Sapanisertib,KLIFS,one_nn,method_available,0.82,MTOR,218,0,0,0,PKN3;TESK2;ACVR1;BMPR1B;DDR2;CSNK1D;CSNK1E;RIPK2;NLK;ACVR1B
18,CHEMBL:CHEMBL3545097,Sapanisertib,KLIFS,one_nn,common_prediction_mask,0.82,MTOR,199,0,0,0,ACVR1;BMPR1B;DDR2;CSNK1D;CSNK1E;RIPK2;NLK;ACVR1B;DDR1;ACVR2B
18,CHEMBL:CHEMBL3545097,Sapanisertib,KLIFS,unweighted_knn,method_available,0.82,MTOR,258,0,0,0,ACVR1;BMPR1B;BLK;FLT1;CSNK1E;FRK;RIPK2;RET;ACVR2B;LYN
18,CHEMBL:CHEMBL3545097,Sapanisertib,KLIFS,unweighted_knn,common_prediction_mask,0.82,MTOR,199,0,0,0,ACVR1;BMPR1B;CSNK1E;FRK;RIPK2;RET;ACVR2B;LYN;PTK6;MAP2K5
18,CHEMBL:CHEMBL3545097,Sapanisertib,KLIFS,weighted_knn,method_available,0.82,MTOR,258,0,0,1,ACVR1;BMPR1B;BLK;CSNK1E;RIPK2;FLT1;RET;MTOR;ACVR2B;JAK3
18,CHEMBL:CHEMBL3545097,Sapanisertib,KLIFS,weighted_knn,common_prediction_mask,0.82,MTOR,199,0,0,0,ACVR1;BMPR1B;CSNK1E;RIPK2;RET;ACVR2B;PTK6;FRK;ACVR1B;CSNK1D
18,CHEMBL:CHEMBL3545097,Sapanisertib,KLIFS,weighted_vote,method_available,0.82,MTOR,258,0,0,0,BMPR1B;NLK;PDGFRA;DDR1;CSNK1E;BLK;ACVR2B;ACVR1B;ACVR1;RIPK2
18,CHEMBL:CHEMBL3545097,Sapanisertib,KLIFS,weighted_vote,common_prediction_mask,0.82,MTOR,199,0,0,0,BMPR1B;RIPK2;CSNK1E;ACVR1B;ACVR1;DDR1;NLK;ACVR2B;CSNK1D;LYN
19,CHEMBL:CHEMBL3545311,Brigatinib,KLIFS,one_nn,method_available,0.7307692307692307,ALK;EGFR;FLT3;IGF1R;INSR;NUAK1;ROS1,374,0,0,1,ULK1;BMPR1B;LTK;IGF1R;ROS1;PTK2B;PTK2;NUAK2;TNK2;FER
19,CHEMBL:CHEMBL3545311,Brigatinib,KLIFS,one_nn,common_prediction_mask,0.7307692307692307,ALK;EGFR;FLT3;IGF1R;INSR;NUAK1;ROS1,255,0,0,1,ULK1;BMPR1B;LTK;IGF1R;ROS1;PTK2;PTK2B;NUAK2;TNK2;FER
19,CHEMBL:CHEMBL3545311,Brigatinib,KLIFS,unweighted_knn,method_available,0.7307692307692307,ALK;EGFR;FLT3;IGF1R;INSR;NUAK1;ROS1,256,1,1,1,ROS1;LRRK2;LTK;ALK;PTK2;TNK2;PLK4;TNK1;PTK2B;FRK
19,CHEMBL:CHEMBL3545311,Brigatinib,KLIFS,unweighted_knn,common_prediction_mask,0.7307692307692307,ALK;EGFR;FLT3;IGF1R;INSR;NUAK1;ROS1,255,1,1,1,ROS1;LRRK2;LTK;ALK;PTK2;TNK2;PLK4;TNK1;PTK2B;FRK
19,CHEMBL:CHEMBL3545311,Brigatinib,KLIFS,weighted_knn,method_available,0.7307692307692307,ALK;EGFR;FLT3;IGF1R;INSR;NUAK1;ROS1,256,1,1,1,ROS1;LRRK2;LTK;ALK;PTK2;TNK2;TNK1;PLK4;PTK2B;FER
19,CHEMBL:CHEMBL3545311,Brigatinib,KLIFS,weighted_knn,common_prediction_mask,0.7307692307692307,ALK;EGFR;FLT3;IGF1R;INSR;NUAK1;ROS1,255,1,1,1,ROS1;LRRK2;LTK;ALK;PTK2;TNK2;TNK1;PLK4;PTK2B;FER
19,CHEMBL:CHEMBL3545311,Brigatinib,KLIFS,weighted_vote,method_available,0.7307692307692307,ALK;EGFR;FLT3;IGF1R;INSR;NUAK1;ROS1,256,0,0,1,PLK4;JAK2;CHEK2;FGFR3;ROS1;FER;YES1;ERBB2;FLT4;PLK1
19,CHEMBL:CHEMBL3545311,Brigatinib,KLIFS,weighted_vote,common_prediction_mask,0.7307692307692307,ALK;EGFR;FLT3;IGF1R;INSR;NUAK1;ROS1,255,0,0,1,PLK4;JAK2;CHEK2;FGFR3;ROS1;FER;YES1;ERBB2;FLT4;PLK1
20,CHEMBL:CHEMBL3545376,Erdafitinib,KLIFS,one_nn,method_available,0.2857142857142857,FGFR1;FGFR2;FGFR3;FGFR4;KDR,384,0,0,0,MET;DYRK1A;DYRK1B;MAPK10;MAPK8;MAP3K19;MAPK13;ICK;AURKC;CAMK2A
20,CHEMBL:CHEMBL3545376,Erdafitinib,KLIFS,one_nn,common_prediction_mask,0.2857142857142857,FGFR1;FGFR2;FGFR3;FGFR4;KDR,231,0,0,0,MET;DYRK1A;DYRK1B;MAPK10;MAPK8;AURKA;GAK;BMPR1B;RPS6KA5;JAK2
20,CHEMBL:CHEMBL3545376,Erdafitinib,KLIFS,unweighted_knn,method_available,0.2857142857142857,FGFR1;FGFR2;FGFR3;FGFR4;KDR,234,0,0,1,MET;FLT1;MERTK;FGFR2;KDR;FGFR3;NTRK2;FLT4;PDGFRA;MST1R
20,CHEMBL:CHEMBL3545376,Erdafitinib,KLIFS,unweighted_knn,common_prediction_mask,0.2857142857142857,FGFR1;FGFR2;FGFR3;FGFR4;KDR,231,0,0,1,MET;FLT1;MERTK;FGFR2;KDR;FGFR3;NTRK2;FLT4;PDGFRA;MST1R
20,CHEMBL:CHEMBL3545376,Erdafitinib,KLIFS,weighted_knn,method_available,0.2857142857142857,FGFR1;FGFR2;FGFR3;FGFR4;KDR,234,0,0,1,MET;FLT1;MERTK;FGFR2;KDR;FGFR3;NTRK2;FLT4;PDGFRA;MST1R
20,CHEMBL:CHEMBL3545376,Erdafitinib,KLIFS,weighted_knn,common_prediction_mask,0.2857142857142857,FGFR1;FGFR2;FGFR3;FGFR4;KDR,231,0,0,1,MET;FLT1;MERTK;FGFR2;KDR;FGFR3;NTRK2;FLT4;PDGFRA;MST1R
20,CHEMBL:CHEMBL3545376,Erdafitinib,KLIFS,weighted_vote,method_available,0.2857142857142857,FGFR1;FGFR2;FGFR3;FGFR4;KDR,234,0,1,1,MET;PDGFRA;FGFR3;FLT1;FGFR2;KDR;FLT4;MERTK;NTRK2;MST1R
20,CHEMBL:CHEMBL3545376,Erdafitinib,KLIFS,weighted_vote,common_prediction_mask,0.2857142857142857,FGFR1;FGFR2;FGFR3;FGFR4;KDR,231,0,1,1,MET;PDGFRA;FGFR3;FLT1;FGFR2;KDR;FLT4;MERTK;NTRK2;MST1R
21,CHEMBL:CHEMBL3577124,-,KLIFS,one_nn,method_available,0.25882352941176473,ABL1;ARAF;BRAF;CSK;EIF2AK4;EPHA2;EPHB4;FYN;IRAK1;MAP2K5;MAP3K1;MAP4K5;NAN;RAF1;SRC,214,0,0,0,MAPK14;STK24;MAPK11;MAPKAPK2;BUB1;AURKA;CIT;BMPR1B;RIPK2;ROCK2
21,CHEMBL:CHEMBL3577124,-,KLIFS,one_nn,common_prediction_mask,0.25882352941176473,ABL1;ARAF;BRAF;CSK;EIF2AK4;EPHA2;EPHB4;FYN;IRAK1;MAP2K5;MAP3K1;MAP4K5;NAN;RAF1;SRC,85,0,0,1,MAPKAPK2;PLK4;AURKA;CHEK1;RPS6KA5;RPS6KA4;PRKD3;ROCK2;PAK4;ABL1
21,CHEMBL:CHEMBL3577124,-,KLIFS,unweighted_knn,method_available,0.25882352941176473,ABL1;ARAF;BRAF;CSK;EIF2AK4;EPHA2;EPHB4;FYN;IRAK1;MAP2K5;MAP3K1;MAP4K5;NAN;RAF1;SRC,141,0,0,0,FLT1;FLT4;AXL;CSF1R;KIT;FLT3;HIPK4;KDR;AURKA;BLK
21,CHEMBL:CHEMBL3577124,-,KLIFS,unweighted_knn,common_prediction_mask,0.25882352941176473,ABL1;ARAF;BRAF;CSK;EIF2AK4;EPHA2;EPHB4;FYN;IRAK1;MAP2K5;MAP3K1;MAP4K5;NAN;RAF1;SRC,85,0,0,1,FLT3;AURKA;LYN;ABL1;FRK;MAP4K4;FGFR1;LCK;NTRK1;RET
21,CHEMBL:CHEMBL3577124,-,KLIFS,weighted_knn,method_available,0.25882352941176473,ABL1;ARAF;BRAF;CSK;EIF2AK4;EPHA2;EPHB4;FYN;IRAK1;MAP2K5;MAP3K1;MAP4K5;NAN;RAF1;SRC,141,0,0,0,FLT1;FLT4;AXL;CSF1R;KIT;FLT3;HIPK4;KDR;BLK;JAK2
21,CHEMBL:CHEMBL3577124,-,KLIFS,weighted_knn,common_prediction_mask,0.25882352941176473,ABL1;ARAF;BRAF;CSK;EIF2AK4;EPHA2;EPHB4;FYN;IRAK1;MAP2K5;MAP3K1;MAP4K5;NAN;RAF1;SRC,85,0,0,1,FLT3;AURKA;LYN;ABL1;FRK;FGFR1;MAP4K4;LCK;NTRK1;PLK4
21,CHEMBL:CHEMBL3577124,-,KLIFS,weighted_vote,method_available,0.25882352941176473,ABL1;ARAF;BRAF;CSK;EIF2AK4;EPHA2;EPHB4;FYN;IRAK1;MAP2K5;MAP3K1;MAP4K5;NAN;RAF1;SRC,141,0,0,1,AXL;FLT4;FLT1;FYN;FLT3;ABL1;CSF1R;BLK;HIPK4;AURKA
21,CHEMBL:CHEMBL3577124,-,KLIFS,weighted_vote,common_prediction_mask,0.25882352941176473,ABL1;ARAF;BRAF;CSK;EIF2AK4;EPHA2;EPHB4;FYN;IRAK1;MAP2K5;MAP3K1;MAP4K5;NAN;RAF1;SRC,85,1,1,1,FYN;ABL1;FLT3;AURKA;LYN;FRK;RET;AURKB;SRC;FGFR1
22,CHEMBL:CHEMBL3622820,Itacitinib,KLIFS,one_nn,method_available,0.5411764705882353,JAK1;JAK2;TYK2,214,1,1,1,JAK2;AAK1;BMP2K;MARK3;PKN1;MARK2;GAK;CAMK2G;CSNK1G2;PKN2
22,CHEMBL:CHEMBL3622820,Itacitinib,KLIFS,one_nn,common_prediction_mask,0.5411764705882353,JAK1;JAK2;TYK2,213,1,1,1,JAK2;AAK1;BMP2K;MARK3;PKN1;MARK2;GAK;CAMK2G;CSNK1G2;PKN2
22,CHEMBL:CHEMBL3622820,Itacitinib,KLIFS,unweighted_knn,method_available,0.5411764705882353,JAK1;JAK2;TYK2,391,1,1,1,JAK2;JAK3;JAK1;TYK2;DCLK3;BMP2K;AAK1;LRRK2;ROCK1;PKN1
22,CHEMBL:CHEMBL3622820,Itacitinib,KLIFS,unweighted_knn,common_prediction_mask,0.5411764705882353,JAK1;JAK2;TYK2,213,1,1,1,JAK2;JAK3;JAK1;TYK2;BMP2K;AAK1;ROCK1;PKN1;ROCK2;CAMK2D
22,CHEMBL:CHEMBL3622820,Itacitinib,KLIFS,weighted_knn,method_available,0.5411764705882353,JAK1;JAK2;TYK2,391,1,1,1,JAK2;JAK3;JAK1;AAK1;BMP2K;TYK2;DCLK3;LRRK2;ROCK1;PKN1
22,CHEMBL:CHEMBL3622820,Itacitinib,KLIFS,weighted_knn,common_prediction_mask,0.5411764705882353,JAK1;JAK2;TYK2,213,1,1,1,JAK2;JAK3;JAK1;AAK1;BMP2K;TYK2;ROCK1;PKN1;ROCK2;CAMK2D
22,CHEMBL:CHEMBL3622820,Itacitinib,KLIFS,weighted_vote,method_available,0.5411764705882353,JAK1;JAK2;TYK2,391,1,1,1,JAK2;DCLK3;JAK3;JAK1;ROCK1;AAK1;BMP2K;ULK1;LRRK2;TNK1
22,CHEMBL:CHEMBL3622820,Itacitinib,KLIFS,weighted_vote,common_prediction_mask,0.5411764705882353,JAK1;JAK2;TYK2,213,1,1,1,JAK2;JAK1;JAK3;ROCK1;AAK1;BMP2K;ULK1;PKN1;TNK1;ROCK2
23,CHEMBL:CHEMBL3643413,Leniolisib,KLIFS,one_nn,method_available,0.2871287128712871,PRKDC,271,0,0,0,LRRK2;STK17A;ITK;JAK2;FGFR3;RET;AURKA;BMPR2;MARK4;AAK1
23,CHEMBL:CHEMBL3643413,Leniolisib,KLIFS,one_nn,common_prediction_mask,0.2871287128712871,PRKDC,264,0,0,0,LRRK2;STK17A;JAK2;ITK;FGFR3;RET;AURKA;BMPR2;MARK4;AAK1
23,CHEMBL:CHEMBL3643413,Leniolisib,KLIFS,unweighted_knn,method_available,0.2871287128712871,PRKDC,275,0,0,0,JAK2;JAK3;LRRK2;ITK;CSF1R;STK17A;FLT4;MARK1;NUAK1;MAP3K9
23,CHEMBL:CHEMBL3643413,Leniolisib,KLIFS,unweighted_knn,common_prediction_mask,0.2871287128712871,PRKDC,264,0,0,0,JAK2;JAK3;LRRK2;ITK;CSF1R;STK17A;FGFR3;ERBB2;FLT1;PDPK1
23,CHEMBL:CHEMBL3643413,Leniolisib,KLIFS,weighted_knn,method_available,0.2871287128712871,PRKDC,275,0,0,0,JAK2;JAK3;LRRK2;ITK;CSF1R;STK17A;FGFR3;FLT4;NUAK1;MAP3K9
23,CHEMBL:CHEMBL3643413,Leniolisib,KLIFS,weighted_knn,common_prediction_mask,0.2871287128712871,PRKDC,264,0,0,0,JAK2;JAK3;LRRK2;ITK;CSF1R;STK17A;FGFR3;FLT1;ERBB2;PDPK1
23,CHEMBL:CHEMBL3643413,Leniolisib,KLIFS,weighted_vote,method_available,0.2871287128712871,PRKDC,275,0,0,0,JAK2;JAK3;ALK;CSF1R;ITK;TNK1;TYK2;CHEK2;CAMK1D;LRRK2
23,CHEMBL:CHEMBL3643413,Leniolisib,KLIFS,weighted_vote,common_prediction_mask,0.2871287128712871,PRKDC,264,0,0,0,JAK2;JAK3;ALK;CSF1R;ITK;TNK1;TYK2;HIPK2;PDGFRA;NTRK3
24,CHEMBL:CHEMBL3644620,-,KLIFS,one_nn,method_available,0.24271844660194175,JAK1;JAK2;JAK3;TYK2,134,0,0,0,CSNK1G1;FLT1;STK17A;CLK4;ABL1;FYN;RET;KIT;NTRK3;BTK
24,CHEMBL:CHEMBL3644620,-,KLIFS,one_nn,common_prediction_mask,0.24271844660194175,JAK1;JAK2;JAK3;TYK2,134,0,0,0,CSNK1G1;FLT1;STK17A;CLK4;ABL1;FYN;RET;KIT;NTRK3;BTK
24,CHEMBL:CHEMBL3644620,-,KLIFS,unweighted_knn,method_available,0.24271844660194175,JAK1;JAK2;JAK3;TYK2,271,0,0,0,FLT1;CLK4;PDGFRB;CDK8;KIT;CSF1R;DYRK1A;FLT4;NTRK3;AXL
24,CHEMBL:CHEMBL3644620,-,KLIFS,unweighted_knn,common_prediction_mask,0.24271844660194175,JAK1;JAK2;JAK3;TYK2,134,0,0,0,FLT1;CLK4;KIT;CSF1R;DYRK1A;FLT4;NTRK3;AXL;GSK3B;CSNK1G1
24,CHEMBL:CHEMBL3644620,-,KLIFS,weighted_knn,method_available,0.24271844660194175,JAK1;JAK2;JAK3;TYK2,271,0,0,0,FLT1;CLK4;PDGFRB;CDK8;KIT;CSF1R;DYRK1A;CLK1;NTRK3;GSK3B
24,CHEMBL:CHEMBL3644620,-,KLIFS,weighted_knn,common_prediction_mask,0.24271844660194175,JAK1;JAK2;JAK3;TYK2,134,0,0,0,FLT1;CLK4;KIT;CSF1R;DYRK1A;NTRK3;GSK3B;AXL;FLT4;CSNK1G1
24,CHEMBL:CHEMBL3644620,-,KLIFS,weighted_vote,method_available,0.24271844660194175,JAK1;JAK2;JAK3;TYK2,271,0,0,0,FLT1;CLK4;FYN;ABL1;MAPK9;CSNK1E;CLK1;MYLK3;CSNK2A2;CDK13
24,CHEMBL:CHEMBL3644620,-,KLIFS,weighted_vote,common_prediction_mask,0.24271844660194175,JAK1;JAK2;JAK3;TYK2,134,0,0,0,FLT1;CLK4;FYN;ABL1;MAPK9;CSNK1G1;MAPK8;DYRK1A;CLK2;AURKB
25,CHEMBL:CHEMBL3651966,-,KLIFS,one_nn,method_available,0.26666666666666666,PIM1;PIM2;PIM3,392,0,0,0,AURKA;STK17B;AURKC;BLK;STK17A;EPHA2;FGR;YES1;AURKB;TEK
25,CHEMBL:CHEMBL3651966,-,KLIFS,one_nn,common_prediction_mask,0.26666666666666666,PIM1;PIM2;PIM3,391,0,0,0,AURKA;STK17B;AURKC;BLK;STK17A;EPHA2;FGR;YES1;AURKB;TEK
25,CHEMBL:CHEMBL3651966,-,KLIFS,unweighted_knn,method_available,0.26666666666666666,PIM1;PIM2;PIM3,396,0,0,0,AURKC;AURKA;STK17B;MAP2K1;BLK;MAP2K2;FGFR3;ROS1;FLT1;EPHA2
25,CHEMBL:CHEMBL3651966,-,KLIFS,unweighted_knn,common_prediction_mask,0.26666666666666666,PIM1;PIM2;PIM3,391,0,0,0,AURKC;AURKA;STK17B;MAP2K1;BLK;MAP2K2;FGFR3;ROS1;FLT1;EPHA2
25,CHEMBL:CHEMBL3651966,-,KLIFS,weighted_knn,method_available,0.26666666666666666,PIM1;PIM2;PIM3,396,0,0,0,AURKC;STK17B;AURKA;MAP2K1;BLK;MAP2K2;FGFR3;FLT1;ROS1;EPHA2
25,CHEMBL:CHEMBL3651966,-,KLIFS,weighted_knn,common_prediction_mask,0.26666666666666666,PIM1;PIM2;PIM3,391,0,0,0,AURKC;STK17B;AURKA;MAP2K1;BLK;MAP2K2;FGFR3;FLT1;ROS1;EPHA2
25,CHEMBL:CHEMBL3651966,-,KLIFS,weighted_vote,method_available,0.26666666666666666,PIM1;PIM2;PIM3,396,0,0,0,AURKA;TEK;STK17B;EPHB1;EPHA6;AURKC;EPHA4;BLK;FGFR3;FLT1
25,CHEMBL:CHEMBL3651966,-,KLIFS,weighted_vote,common_prediction_mask,0.26666666666666666,PIM1;PIM2;PIM3,391,0,0,0,AURKA;EPHA6;EPHB1;TEK;AURKC;STK17B;EPHA4;BLK;FGFR3;FLT1
26,CHEMBL:CHEMBL3655081,Abrocitinib,KLIFS,one_nn,method_available,0.42028985507246375,JAK1;JAK2;JAK3;TYK2,128,1,1,1,JAK3;JAK2;FLT1;ABL1;FYN;RET;DAPK3;KIT;ALK;NTRK3
26,CHEMBL:CHEMBL3655081,Abrocitinib,KLIFS,one_nn,common_prediction_mask,0.42028985507246375,JAK1;JAK2;JAK3;TYK2,128,1,1,1,JAK3;JAK2;FLT1;ABL1;FYN;RET;DAPK3;KIT;ALK;NTRK3
26,CHEMBL:CHEMBL3655081,Abrocitinib,KLIFS,unweighted_knn,method_available,0.42028985507246375,JAK1;JAK2;JAK3;TYK2,274,1,1,1,JAK2;JAK3;JAK1;PKN1;TYK2;AAK1;BMP2K;LRRK2;TNK1;ROCK1
26,CHEMBL:CHEMBL3655081,Abrocitinib,KLIFS,unweighted_knn,common_prediction_mask,0.42028985507246375,JAK1;JAK2;JAK3;TYK2,128,1,1,1,JAK2;JAK3;TYK2;ROCK1;PKN2;ROCK2;CDC7;TSSK2;FLT1;MARK3
26,CHEMBL:CHEMBL3655081,Abrocitinib,KLIFS,weighted_knn,method_available,0.42028985507246375,JAK1;JAK2;JAK3;TYK2,274,1,1,1,JAK2;JAK3;JAK1;PKN1;TYK2;LRRK2;AAK1;BMP2K;TNK1;ROCK1
26,CHEMBL:CHEMBL3655081,Abrocitinib,KLIFS,weighted_knn,common_prediction_mask,0.42028985507246375,JAK1;JAK2;JAK3;TYK2,128,1,1,1,JAK2;JAK3;TYK2;ROCK1;PKN2;CDC7;ROCK2;TSSK2;FLT1;MARK3
26,CHEMBL:CHEMBL3655081,Abrocitinib,KLIFS,weighted_vote,method_available,0.42028985507246375,JAK1;JAK2;JAK3;TYK2,274,0,1,1,PKN1;JAK1;JAK3;TNK1;JAK2;ROCK1;TYK2;NUAK2;PKN2;ROCK2
26,CHEMBL:CHEMBL3655081,Abrocitinib,KLIFS,weighted_vote,common_prediction_mask,0.42028985507246375,JAK1;JAK2;JAK3;TYK2,128,1,1,1,JAK2;JAK3;ROCK1;TYK2;ROCK2;PKN2;FLT1;ABL1;FYN;MARK2
27,CHEMBL:CHEMBL3663929,Naquotinib,KLIFS,one_nn,method_available,0.5053763440860215,EGFR,207,0,0,0,LTK;ALK;ROS1;AXL;ULK3;FLT3;IRAK3;GAK;RET;PLK4
27,CHEMBL:CHEMBL3663929,Naquotinib,KLIFS,one_nn,common_prediction_mask,0.5053763440860215,EGFR,207,0,0,0,LTK;ALK;ROS1;AXL;ULK3;FLT3;IRAK3;GAK;RET;PLK4
27,CHEMBL:CHEMBL3663929,Naquotinib,KLIFS,unweighted_knn,method_available,0.5053763440860215,EGFR,237,0,0,0,LTK;ROS1;ALK;AXL;NUAK1;ITK;MARK1;FLT4;CSF1R;JAK3
27,CHEMBL:CHEMBL3663929,Naquotinib,KLIFS,unweighted_knn,common_prediction_mask,0.5053763440860215,EGFR,207,0,0,0,LTK;ROS1;ALK;AXL;FLT3;AAK1;RET;PLK4;TNK1;GAK
27,CHEMBL:CHEMBL3663929,Naquotinib,KLIFS,weighted_knn,method_available,0.5053763440860215,EGFR,237,0,0,0,LTK;ALK;ROS1;AXL;NUAK1;ITK;MARK1;FLT4;CSF1R;JAK3
27,CHEMBL:CHEMBL3663929,Naquotinib,KLIFS,weighted_knn,common_prediction_mask,0.5053763440860215,EGFR,207,0,0,0,LTK;ALK;ROS1;AXL;FLT3;AAK1;RET;GAK;PLK4;TNK1
27,CHEMBL:CHEMBL3663929,Naquotinib,KLIFS,weighted_vote,method_available,0.5053763440860215,EGFR,237,0,0,0,NUAK1;JAK2;ROS1;CSF1R;FLT4;KDR;LTK;AXL;JAK3;MAP3K9
27,CHEMBL:CHEMBL3663929,Naquotinib,KLIFS,weighted_vote,common_prediction_mask,0.5053763440860215,EGFR,207,0,0,0,LTK;ROS1;FLT3;AXL;ALK;RET;PDGFRB;GAK;MAPK10;MAP4K2
28,CHEMBL:CHEMBL3678958,Ruserontinib,KLIFS,one_nn,method_available,0.38372093023255816,EGFR,243,0,0,0,WEE1;WEE2;PLK1;MAP3K4;JAK3;EPHB6;JAK2;LRRK2;CSNK2A2;GAK
28,CHEMBL:CHEMBL3678958,Ruserontinib,KLIFS,one_nn,common_prediction_mask,0.38372093023255816,EGFR,235,0,0,0,WEE1;WEE2;PLK1;MAP3K4;JAK3;EPHB6;JAK2;CSNK2A2;GAK;PKMYT1
28,CHEMBL:CHEMBL3678958,Ruserontinib,KLIFS,unweighted_knn,method_available,0.38372093023255816,EGFR,274,0,0,0,WEE2;FLT4;GAK;JAK2;FLT3;ITK;AAK1;JAK3;CSF1R;BMP2K
28,CHEMBL:CHEMBL3678958,Ruserontinib,KLIFS,unweighted_knn,common_prediction_mask,0.38372093023255816,EGFR,235,0,0,0,WEE2;GAK;JAK2;FLT3;AAK1;JAK3;CSF1R;BMP2K;WEE1;TBK1
28,CHEMBL:CHEMBL3678958,Ruserontinib,KLIFS,weighted_knn,method_available,0.38372093023255816,EGFR,274,0,0,0,WEE2;FLT4;GAK;JAK2;ITK;FLT3;JAK3;WEE1;AAK1;CSF1R
28,CHEMBL:CHEMBL3678958,Ruserontinib,KLIFS,weighted_knn,common_prediction_mask,0.38372093023255816,EGFR,235,0,0,0,WEE2;GAK;JAK2;FLT3;JAK3;WEE1;AAK1;CSF1R;BMP2K;TBK1
28,CHEMBL:CHEMBL3678958,Ruserontinib,KLIFS,weighted_vote,method_available,0.38372093023255816,EGFR,274,0,0,0,KIT;WEE2;GAK;FLT4;FLT3;JAK3;JAK2;LATS1;CSF1R;FGFR3
28,CHEMBL:CHEMBL3678958,Ruserontinib,KLIFS,weighted_vote,common_prediction_mask,0.38372093023255816,EGFR,235,0,0,0,GAK;WEE2;FLT3;JAK2;JAK3;LATS1;CSF1R;ROS1;FGFR3;FLT1
29,CHEMBL:CHEMBL3689518,Delgocitinib,KLIFS,one_nn,method_available,0.48,JAK1;JAK2;JAK3;TYK2,160,1,1,1,JAK3;JAK2;JAK1;TYK2;LRRK2;ROCK1;PKN2;ROCK2;MARK3;MARK2
29,CHEMBL:CHEMBL3689518,Delgocitinib,KLIFS,one_nn,common_prediction_mask,0.48,JAK1;JAK2;JAK3;TYK2,157,1,1,1,JAK3;JAK2;JAK1;TYK2;LRRK2;ROCK1;PKN2;ROCK2;MARK3;MARK2
29,CHEMBL:CHEMBL3689518,Delgocitinib,KLIFS,unweighted_knn,method_available,0.48,JAK1;JAK2;JAK3;TYK2,391,1,1,1,JAK2;JAK3;JAK1;TYK2;DCLK3;BMP2K;AAK1;LRRK2;ROCK1;PKN1
29,CHEMBL:CHEMBL3689518,Delgocitinib,KLIFS,unweighted_knn,common_prediction_mask,0.48,JAK1;JAK2;JAK3;TYK2,157,1,1,1,JAK2;JAK3;JAK1;TYK2;LRRK2;ROCK1;CAMK1D;ROCK2;CAMK2A;CAMK2D
29,CHEMBL:CHEMBL3689518,Delgocitinib,KLIFS,weighted_knn,method_available,0.48,JAK1;JAK2;JAK3;TYK2,391,1,1,1,JAK2;JAK3;JAK1;TYK2;DCLK3;LRRK2;PKN1;BMP2K;ROCK1;AAK1
29,CHEMBL:CHEMBL3689518,Delgocitinib,KLIFS,weighted_knn,common_prediction_mask,0.48,JAK1;JAK2;JAK3;TYK2,157,1,1,1,JAK2;JAK3;JAK1;TYK2;LRRK2;ROCK1;ROCK2;CAMK1D;CAMK2A;CAMK2D
29,CHEMBL:CHEMBL3689518,Delgocitinib,KLIFS,weighted_vote,method_available,0.48,JAK1;JAK2;JAK3;TYK2,391,1,1,1,JAK2;DCLK3;JAK3;JAK1;ROCK1;TNK1;PKN1;NUAK2;TYK2;LRRK2
29,CHEMBL:CHEMBL3689518,Delgocitinib,KLIFS,weighted_vote,common_prediction_mask,0.48,JAK1;JAK2;JAK3;TYK2,157,1,1,1,JAK2;JAK1;JAK3;ROCK1;TYK2;LRRK2;MARK2;ROCK2;MARK3;PKN2
30,CHEMBL:CHEMBL3701238,Futibatinib,KLIFS,one_nn,method_available,0.5061728395061729,BTK;FGFR1;FGFR2;FGFR3;FGFR4,227,0,0,1,BLK;BMX;TXK;BTK;ERBB4;FGR;ERBB2;TEC;EGFR;PTK6
30,CHEMBL:CHEMBL3701238,Futibatinib,KLIFS,one_nn,common_prediction_mask,0.5061728395061729,BTK;FGFR1;FGFR2;FGFR3;FGFR4,219,0,1,1,BLK;BTK;ERBB4;ERBB2;TEC;EGFR;PTK6;HCK;YES1;JAK3
30,CHEMBL:CHEMBL3701238,Futibatinib,KLIFS,unweighted_knn,method_available,0.5061728395061729,BTK;FGFR1;FGFR2;FGFR3;FGFR4,267,0,1,1,TEC;BLK;BTK;RIPK2;ERBB2;EGFR;ROS1;YES1;HCK;FLT1
30,CHEMBL:CHEMBL3701238,Futibatinib,KLIFS,unweighted_knn,common_prediction_mask,0.5061728395061729,BTK;FGFR1;FGFR2;FGFR3;FGFR4,219,0,1,1,TEC;BLK;BTK;RIPK2;ERBB2;EGFR;YES1;HCK;LYN;CSK
30,CHEMBL:CHEMBL3701238,Futibatinib,KLIFS,weighted_knn,method_available,0.5061728395061729,BTK;FGFR1;FGFR2;FGFR3;FGFR4,267,0,1,1,BLK;TEC;BTK;RIPK2;ERBB2;EGFR;YES1;HCK;ROS1;ERBB4
30,CHEMBL:CHEMBL3701238,Futibatinib,KLIFS,weighted_knn,common_prediction_mask,0.5061728395061729,BTK;FGFR1;FGFR2;FGFR3;FGFR4,219,0,1,1,BLK;TEC;BTK;RIPK2;ERBB2;EGFR;YES1;HCK;ERBB4;CSK
30,CHEMBL:CHEMBL3701238,Futibatinib,KLIFS,weighted_vote,method_available,0.5061728395061729,BTK;FGFR1;FGFR2;FGFR3;FGFR4,267,0,0,1,ROS1;TEC;BLK;RIPK2;AXL;FLT1;FYN;EGFR;BTK;ERBB2
30,CHEMBL:CHEMBL3701238,Futibatinib,KLIFS,weighted_vote,common_prediction_mask,0.5061728395061729,BTK;FGFR1;FGFR2;FGFR3;FGFR4,219,0,0,1,RIPK2;TEC;BLK;FYN;EGFR;BTK;ERBB2;HCK;CSK;YES1
31,CHEMBL:CHEMBL3702854,Rilzabrutinib,KLIFS,one_nn,method_available,0.5151515151515151,BLK;BMX;BTK;TEC;TXK,227,1,1,1,BLK;BMX;TXK;BTK;ERBB4;FGR;ERBB2;TEC;EGFR;PTK6
31,CHEMBL:CHEMBL3702854,Rilzabrutinib,KLIFS,one_nn,common_prediction_mask,0.5151515151515151,BLK;BMX;BTK;TEC;TXK,219,1,1,1,BTK;ERBB4;ERBB2;TEC;EGFR;PTK6;HCK;YES1;JAK3;ITK
31,CHEMBL:CHEMBL3702854,Rilzabrutinib,KLIFS,unweighted_knn,method_available,0.5151515151515151,BLK;BMX;BTK;TEC;TXK,267,0,1,1,ERBB2;LYN;BTK;ERBB4;YES1;SRMS;PTK6;HCK;FLT1;RIPK2
31,CHEMBL:CHEMBL3702854,Rilzabrutinib,KLIFS,unweighted_knn,common_prediction_mask,0.5151515151515151,BLK;BMX;BTK;TEC;TXK,219,0,1,1,ERBB2;LYN;BTK;ERBB4;YES1;PTK6;HCK;RIPK2;ITK;TEC
31,CHEMBL:CHEMBL3702854,Rilzabrutinib,KLIFS,weighted_knn,method_available,0.5151515151515151,BLK;BMX;BTK;TEC;TXK,267,0,1,1,ERBB2;BTK;ERBB4;LYN;YES1;PTK6;HCK;SRMS;TEC;FLT1
31,CHEMBL:CHEMBL3702854,Rilzabrutinib,KLIFS,weighted_knn,common_prediction_mask,0.5151515151515151,BLK;BMX;BTK;TEC;TXK,219,0,1,1,ERBB2;BTK;ERBB4;LYN;YES1;PTK6;HCK;TEC;RIPK2;ITK
31,CHEMBL:CHEMBL3702854,Rilzabrutinib,KLIFS,weighted_vote,method_available,0.5151515151515151,BLK;BMX;BTK;TEC;TXK,267,0,0,0,CHEK2;SRMS;ERBB2;NTRK3;YES1;HCK;FLT1;ITK;RIPK2;AXL
31,CHEMBL:CHEMBL3702854,Rilzabrutinib,KLIFS,weighted_vote,common_prediction_mask,0.5151515151515151,BLK;BMX;BTK;TEC;TXK,219,0,0,1,RIPK2;ERBB2;HCK;YES1;ITK;EGFR;BTK;LYN;PTK6;SRC
32,CHEMBL:CHEMBL3707348,Acalabrutinib,KLIFS,one_nn,method_available,0.3516483516483517,BLK;BMX;BTK;EGFR;ERBB2;ERBB4;TEC;TXK,128,0,0,1,INSR;IGF1R;FLT4;RET;BLK;MAP4K5;FLT1;ERBB4;ROCK1;AURKB
32,CHEMBL:CHEMBL3707348,Acalabrutinib,KLIFS,one_nn,common_prediction_mask,0.3516483516483517,BLK;BMX;BTK;EGFR;ERBB2;ERBB4;TEC;TXK,128,0,0,1,INSR;IGF1R;FLT4;RET;BLK;MAP4K5;FLT1;ERBB4;ROCK1;AURKB
32,CHEMBL:CHEMBL3707348,Acalabrutinib,KLIFS,unweighted_knn,method_available,0.3516483516483517,BLK;BMX;BTK;EGFR;ERBB2;ERBB4;TEC;TXK,143,0,0,1,MAPK11;IGF1R;INSR;FLT1;FLT4;FLT3;BLK;ERBB4;MAPK14;NTRK3
32,CHEMBL:CHEMBL3707348,Acalabrutinib,KLIFS,unweighted_knn,common_prediction_mask,0.3516483516483517,BLK;BMX;BTK;EGFR;ERBB2;ERBB4;TEC;TXK,128,0,0,1,IGF1R;INSR;FLT1;FLT4;FLT3;BLK;ERBB4;NTRK3;PRKX;ALK
32,CHEMBL:CHEMBL3707348,Acalabrutinib,KLIFS,weighted_knn,method_available,0.3516483516483517,BLK;BMX;BTK;EGFR;ERBB2;ERBB4;TEC;TXK,143,0,0,1,MAPK11;IGF1R;INSR;FLT1;FLT4;FLT3;BLK;ERBB4;NTRK3;DAPK3
32,CHEMBL:CHEMBL3707348,Acalabrutinib,KLIFS,weighted_knn,common_prediction_mask,0.3516483516483517,BLK;BMX;BTK;EGFR;ERBB2;ERBB4;TEC;TXK,128,0,0,1,IGF1R;INSR;FLT1;FLT4;FLT3;BLK;ERBB4;NTRK3;DAPK3;ALK
32,CHEMBL:CHEMBL3707348,Acalabrutinib,KLIFS,weighted_vote,method_available,0.3516483516483517,BLK;BMX;BTK;EGFR;ERBB2;ERBB4;TEC;TXK,143,0,0,1,FLT1;MAPK11;IGF1R;INSR;FYN;ABL1;FLT3;BLK;FLT4;ERBB4
32,CHEMBL:CHEMBL3707348,Acalabrutinib,KLIFS,weighted_vote,common_prediction_mask,0.3516483516483517,BLK;BMX;BTK;EGFR;ERBB2;ERBB4;TEC;TXK,128,0,0,1,FLT1;IGF1R;INSR;ABL1;FYN;FLT3;BLK;FLT4;ERBB4;MAP4K2
33,CHEMBL:CHEMBL3785909,-,KLIFS,one_nn,method_available,0.26,MET,217,1,1,1,MET;MST1R;PLK4;BMPR1B;CHEK1;AURKA;GAK;CDC7;RIPK2;BUB1
33,CHEMBL:CHEMBL3785909,-,KLIFS,one_nn,common_prediction_mask,0.26,MET,215,1,1,1,MET;MST1R;PLK4;BMPR1B;CHEK1;AURKA;GAK;CDC7;RIPK2;BUB1
33,CHEMBL:CHEMBL3785909,-,KLIFS,unweighted_knn,method_available,0.26,MET,225,0,1,1,FLT1;MET;KDR;FLT4;NTRK2;FGFR3;MST1R;JAK2;NTRK1;ALK
33,CHEMBL:CHEMBL3785909,-,KLIFS,unweighted_knn,common_prediction_mask,0.26,MET,215,1,1,1,MET;MST1R;JAK2;NTRK1;RET;LCK;ABL1;FGFR1;AURKA;FRK
33,CHEMBL:CHEMBL3785909,-,KLIFS,weighted_knn,method_available,0.26,MET,225,0,1,1,FLT1;MET;KDR;FLT4;NTRK2;FGFR3;MST1R;JAK2;NTRK1;ALK
33,CHEMBL:CHEMBL3785909,-,KLIFS,weighted_knn,common_prediction_mask,0.26,MET,215,1,1,1,MET;MST1R;JAK2;NTRK1;RET;FGFR1;LCK;ABL1;AURKA;FRK
33,CHEMBL:CHEMBL3785909,-,KLIFS,weighted_vote,method_available,0.26,MET,225,0,1,1,FLT1;FGFR3;MET;KDR;FLT4;NTRK2;JAK2;MST1R;ALK;MINK1
33,CHEMBL:CHEMBL3785909,-,KLIFS,weighted_vote,common_prediction_mask,0.26,MET,215,1,1,1,MET;JAK2;MST1R;PDGFRB;FLT3;IRAK3;NTRK1;RPS6KB1;NEK2;PLK4
34,CHEMBL:CHEMBL3787344,Nazartinib,KLIFS,one_nn,method_available,0.308411214953271,EGFR,134,0,0,0,IRAK1;IRAK4;CSNK1D;AURKB;ITK;CLK4;PHKG2;MAP4K4;FLT1;CLK2
34,CHEMBL:CHEMBL3787344,Nazartinib,KLIFS,one_nn,common_prediction_mask,0.308411214953271,EGFR,134,0,0,0,IRAK1;IRAK4;CSNK1D;AURKB;ITK;CLK4;PHKG2;MAP4K4;FLT1;CLK2
34,CHEMBL:CHEMBL3787344,Nazartinib,KLIFS,unweighted_knn,method_available,0.308411214953271,EGFR,137,0,1,1,IRAK1;EGFR;ITK;CHEK2;CLK4;CLK2;ERBB2;IRAK4;PHKG2;ABL1
34,CHEMBL:CHEMBL3787344,Nazartinib,KLIFS,unweighted_knn,common_prediction_mask,0.308411214953271,EGFR,134,0,1,1,IRAK1;EGFR;ITK;CHEK2;CLK4;CLK2;ERBB2;IRAK4;PHKG2;ABL1
34,CHEMBL:CHEMBL3787344,Nazartinib,KLIFS,weighted_knn,method_available,0.308411214953271,EGFR,137,0,1,1,IRAK1;ITK;EGFR;CHEK2;CLK4;CLK2;ERBB2;IRAK4;PHKG2;ABL1
34,CHEMBL:CHEMBL3787344,Nazartinib,KLIFS,weighted_knn,common_prediction_mask,0.308411214953271,EGFR,134,0,1,1,IRAK1;ITK;EGFR;CHEK2;CLK4;CLK2;ERBB2;IRAK4;PHKG2;ABL1
34,CHEMBL:CHEMBL3787344,Nazartinib,KLIFS,weighted_vote,method_available,0.308411214953271,EGFR,137,0,0,0,IRAK1;FYN;CLK2;ABL1;ITK;CLK4;FLT1;AURKB;IRAK4;PHKG2
34,CHEMBL:CHEMBL3787344,Nazartinib,KLIFS,weighted_vote,common_prediction_mask,0.308411214953271,EGFR,134,0,0,0,IRAK1;FYN;CLK2;ABL1;ITK;CLK4;FLT1;AURKB;IRAK4;PHKG2
35,CHEMBL:CHEMBL3824089,-,KLIFS,one_nn,method_available,0.32075471698113206,ABL1;FYN;SRC,139,0,0,0,LYN;AURKA;AURKB;PTK6;FRK;BTK;FER;MAP4K5;FLT1;AXL
35,CHEMBL:CHEMBL3824089,-,KLIFS,one_nn,common_prediction_mask,0.32075471698113206,ABL1;FYN;SRC,139,0,0,0,LYN;AURKA;AURKB;PTK6;FRK;BTK;FER;MAP4K5;FLT1;AXL
35,CHEMBL:CHEMBL3824089,-,KLIFS,unweighted_knn,method_available,0.32075471698113206,ABL1;FYN;SRC,264,0,0,0,BLK;FLT1;PTK6;FRK;NTRK3;RIPK2;LYN;BTK;AXL;ERBB4
35,CHEMBL:CHEMBL3824089,-,KLIFS,unweighted_knn,common_prediction_mask,0.32075471698113206,ABL1;FYN;SRC,139,0,0,0,FLT1;PTK6;FRK;NTRK3;LYN;BTK;AXL;ERBB4;ERBB2;JAK3
35,CHEMBL:CHEMBL3824089,-,KLIFS,weighted_knn,method_available,0.32075471698113206,ABL1;FYN;SRC,264,0,0,0,BLK;FLT1;PTK6;FRK;RIPK2;LYN;NTRK3;BTK;AXL;ERBB2
35,CHEMBL:CHEMBL3824089,-,KLIFS,weighted_knn,common_prediction_mask,0.32075471698113206,ABL1;FYN;SRC,139,0,0,0,FLT1;PTK6;FRK;LYN;NTRK3;BTK;AXL;ERBB2;ERBB4;JAK3
35,CHEMBL:CHEMBL3824089,-,KLIFS,weighted_vote,method_available,0.32075471698113206,ABL1;FYN;SRC,264,0,0,1,NTRK3;SRMS;FLT1;BLK;RIPK2;FYN;LYN;ABL1;BTK;FRK
35,CHEMBL:CHEMBL3824089,-,KLIFS,weighted_vote,common_prediction_mask,0.32075471698113206,ABL1;FYN;SRC,139,0,0,1,FLT1;SRMS;NTRK3;FYN;SRC;FRK;EGFR;LYN;ABL1;BTK
36,CHEMBL:CHEMBL3828009,-,KLIFS,one_nn,method_available,0.2839506172839506,FGFR1;FGFR2;FGFR3;FGFR4;KDR,385,0,0,0,STK17A;MYLK3;STK17B;MAP3K19;BMP2K;MAP4K2;SLK;STK10;SRPK2;FLT3
36,CHEMBL:CHEMBL3828009,-,KLIFS,one_nn,common_prediction_mask,0.2839506172839506,FGFR1;FGFR2;FGFR3;FGFR4;KDR,148,0,0,0,STK17A;MAP4K2;SLK;FLT3;PLK4;MINK1;ABL1;PDGFRB;MAP4K4;JAK3
36,CHEMBL:CHEMBL3828009,-,KLIFS,unweighted_knn,method_available,0.2839506172839506,FGFR1;FGFR2;FGFR3;FGFR4;KDR,157,0,0,0,PDGFRB;PDGFRA;MAP4K4;DYRK3;MINK1;LRRK2;PRKD3;MAP4K2;CDK8;PRKX
36,CHEMBL:CHEMBL3828009,-,KLIFS,unweighted_knn,common_prediction_mask,0.2839506172839506,FGFR1;FGFR2;FGFR3;FGFR4;KDR,148,0,0,0,PDGFRB;PDGFRA;MAP4K4;MINK1;LRRK2;PRKD3;MAP4K2;CDK8;PRKX;ABL1
36,CHEMBL:CHEMBL3828009,-,KLIFS,weighted_knn,method_available,0.2839506172839506,FGFR1;FGFR2;FGFR3;FGFR4;KDR,157,0,0,0,PDGFRB;PDGFRA;MAP4K4;DYRK3;MINK1;LRRK2;PRKD3;MAP4K2;ABL1;PRKX
36,CHEMBL:CHEMBL3828009,-,KLIFS,weighted_knn,common_prediction_mask,0.2839506172839506,FGFR1;FGFR2;FGFR3;FGFR4;KDR,148,0,0,0,PDGFRB;PDGFRA;MAP4K4;MINK1;LRRK2;PRKD3;MAP4K2;ABL1;PRKX;CDK8
36,CHEMBL:CHEMBL3828009,-,KLIFS,weighted_vote,method_available,0.2839506172839506,FGFR1;FGFR2;FGFR3;FGFR4;KDR,157,0,0,0,ABL1;MAP4K4;PDGFRA;PDGFRB;FLT1;MST1R;LRRK2;MINK1;MELK;PRKG2
36,CHEMBL:CHEMBL3828009,-,KLIFS,weighted_vote,common_prediction_mask,0.2839506172839506,FGFR1;FGFR2;FGFR3;FGFR4;KDR,148,0,0,0,MAP4K4;ABL1;PDGFRA;PDGFRB;FLT1;LRRK2;MINK1;MST1R;PRKG2;FYN
37,CHEMBL:CHEMBL3900554,-,KLIFS,one_nn,method_available,0.24561403508771928,BLK;BMX;BTK;ITK;LCK;TEC;TXK,227,0,0,0,MAP2K2;MAP2K1;BRD4;BMPR1B;CHEK1;AURKA;PLK4;CDC7;EPHB6;RIPK2
37,CHEMBL:CHEMBL3900554,-,KLIFS,one_nn,common_prediction_mask,0.24561403508771928,BLK;BMX;BTK;ITK;LCK;TEC;TXK,223,0,0,0,MAP2K2;MAP2K1;BMPR1B;CDC7;CHEK1;AURKA;PLK4;CIT;RIPK2;BUB1
37,CHEMBL:CHEMBL3900554,-,KLIFS,unweighted_knn,method_available,0.24561403508771928,BLK;BMX;BTK;ITK;LCK;TEC;TXK,274,0,0,0,DYRK3;HIPK2;PIM3;MAP2K2;DYRK4;FLT1;PRKCQ;PRKCG;PRKCD;PKN2
37,CHEMBL:CHEMBL3900554,-,KLIFS,unweighted_knn,common_prediction_mask,0.24561403508771928,BLK;BMX;BTK;ITK;LCK;TEC;TXK,223,0,0,0,MAP2K2;PRKCQ;PRKCD;PKN2;PLK4;MAP2K1;CLK4;PRKCA;FYN;YES1
37,CHEMBL:CHEMBL3900554,-,KLIFS,weighted_knn,method_available,0.24561403508771928,BLK;BMX;BTK;ITK;LCK;TEC;TXK,274,0,0,0,DYRK3;HIPK2;MAP2K2;PIM3;DYRK4;FLT1;MAP2K1;PRKCG;PDPK1;PLK4
37,CHEMBL:CHEMBL3900554,-,KLIFS,weighted_knn,common_prediction_mask,0.24561403508771928,BLK;BMX;BTK;ITK;LCK;TEC;TXK,223,0,0,0,MAP2K2;MAP2K1;PLK4;PRKCD;PKN2;PRKCQ;CLK4;FYN;YES1;EPHA4
37,CHEMBL:CHEMBL3900554,-,KLIFS,weighted_vote,method_available,0.24561403508771928,BLK;BMX;BTK;ITK;LCK;TEC;TXK,274,0,0,0,DYRK3;HIPK2;FLT1;NUAK2;BMP2K;STK10;FYN;ABL1;PRKCD;DYRK4
37,CHEMBL:CHEMBL3900554,-,KLIFS,weighted_vote,common_prediction_mask,0.24561403508771928,BLK;BMX;BTK;ITK;LCK;TEC;TXK,223,0,0,0,STK10;BMP2K;NUAK2;ABL1;FYN;PRKCD;PLK4;PRKD3;PKN2;MAP4K2
38,CHEMBL:CHEMBL3908979,Roblitinib,KLIFS,one_nn,method_available,0.25225225225225223,FGFR4,387,0,0,0,ABL1;MAP4K5;ERBB3;ABL2;LCK;YES1;GAK;FRK;SRC;STK35
38,CHEMBL:CHEMBL3908979,Roblitinib,KLIFS,one_nn,common_prediction_mask,0.25225225225225223,FGFR4,387,0,0,0,ABL1;MAP4K5;ERBB3;ABL2;LCK;YES1;GAK;FRK;SRC;STK35
38,CHEMBL:CHEMBL3908979,Roblitinib,KLIFS,unweighted_knn,method_available,0.25225225225225223,FGFR4,396,0,0,0,PLK2;BRD4;PLK3;MAP3K19;ERBB3;STK35;PLK1;DDR1;ABL2;GAK
38,CHEMBL:CHEMBL3908979,Roblitinib,KLIFS,unweighted_knn,common_prediction_mask,0.25225225225225223,FGFR4,387,0,0,0,PLK2;PLK3;MAP3K19;ERBB3;STK35;PLK1;DDR1;ABL2;GAK;EPHB4
38,CHEMBL:CHEMBL3908979,Roblitinib,KLIFS,weighted_knn,method_available,0.25225225225225223,FGFR4,396,0,0,0,BRD4;PLK2;ERBB3;PLK3;MAP3K19;STK35;ABL2;GAK;PLK1;EPHB4
38,CHEMBL:CHEMBL3908979,Roblitinib,KLIFS,weighted_knn,common_prediction_mask,0.25225225225225223,FGFR4,387,0,0,0,PLK2;ERBB3;PLK3;MAP3K19;STK35;ABL2;GAK;PLK1;EPHB4;STK33
38,CHEMBL:CHEMBL3908979,Roblitinib,KLIFS,weighted_vote,method_available,0.25225225225225223,FGFR4,396,0,0,0,BRD4;PLK2;MAP3K19;CLK3;ABL1;PLK3;MYLK;CAMKK2;CSNK1E;CLK1
38,CHEMBL:CHEMBL3908979,Roblitinib,KLIFS,weighted_vote,common_prediction_mask,0.25225225225225223,FGFR4,387,0,0,0,PLK2;MAP3K19;CLK3;ABL1;PLK3;CSNK1E;MYLK;CLK1;GAK;CAMKK2
39,CHEMBL:CHEMBL3916717,Selonsertib,KLIFS,one_nn,method_available,0.21875,MAP3K5,214,0,0,0,MAPK14;STK24;MAPK11;MAPKAPK2;BUB1;AURKA;CIT;BMPR1B;RIPK2;ROCK2
39,CHEMBL:CHEMBL3916717,Selonsertib,KLIFS,one_nn,common_prediction_mask,0.21875,MAP3K5,214,0,0,0,MAPK14;STK24;MAPK11;MAPKAPK2;BUB1;AURKA;CIT;BMPR1B;RIPK2;ROCK2
39,CHEMBL:CHEMBL3916717,Selonsertib,KLIFS,unweighted_knn,method_available,0.21875,MAP3K5,274,0,0,0,MAPK11;STK24;MAPK14;CSNK2A1;KIT;MET;HIPK4;NTRK3;CSF1R;CLK4
39,CHEMBL:CHEMBL3916717,Selonsertib,KLIFS,unweighted_knn,common_prediction_mask,0.21875,MAP3K5,214,0,0,0,MAPK11;STK24;MAPK14;MET;DDR1;ABL1;DDR2;ILK;FRK;ABL2
39,CHEMBL:CHEMBL3916717,Selonsertib,KLIFS,weighted_knn,method_available,0.21875,MAP3K5,274,0,0,0,MAPK11;STK24;MAPK14;CSNK2A1;KIT;MET;HIPK4;NTRK3;CSF1R;CLK4
39,CHEMBL:CHEMBL3916717,Selonsertib,KLIFS,weighted_knn,common_prediction_mask,0.21875,MAP3K5,214,0,0,0,MAPK11;STK24;MAPK14;MET;DDR1;ABL1;DDR2;ILK;FRK;ABL2
39,CHEMBL:CHEMBL3916717,Selonsertib,KLIFS,weighted_vote,method_available,0.21875,MAP3K5,274,0,0,0,MAPK14;MAPK11;HIPK4;CSNK2A1;STK24;CDK8;FRK;FYN;PIM3;CLK4
39,CHEMBL:CHEMBL3916717,Selonsertib,KLIFS,weighted_vote,common_prediction_mask,0.21875,MAP3K5,214,0,0,0,MAPK11;MAPK14;STK24;FRK;FYN;EPHA1;ABL1;EPHB6;EPHA4;EPHB4
40,CHEMBL:CHEMBL3977543,Belvarafenib,KLIFS,one_nn,method_available,0.34523809523809523,BRAF;CSF1R;DDR1;DDR2;RAF1,133,0,0,0,CHEK2;AURKA;PLK4;MAP4K2;MAP4K4;BRSK1;SLK;MINK1;MAP4K5;PDPK1
40,CHEMBL:CHEMBL3977543,Belvarafenib,KLIFS,one_nn,common_prediction_mask,0.34523809523809523,BRAF;CSF1R;DDR1;DDR2;RAF1,133,0,0,0,CHEK2;AURKA;PLK4;MAP4K2;MAP4K4;BRSK1;SLK;MINK1;MAP4K5;PDPK1
40,CHEMBL:CHEMBL3977543,Belvarafenib,KLIFS,unweighted_knn,method_available,0.34523809523809523,BRAF;CSF1R;DDR1;DDR2;RAF1,135,0,0,0,CHEK2;AURKA;PLK4;MKNK2;BRSK1;AXL;MAP4K4;MAP4K2;BLK;SLK
40,CHEMBL:CHEMBL3977543,Belvarafenib,KLIFS,unweighted_knn,common_prediction_mask,0.34523809523809523,BRAF;CSF1R;DDR1;DDR2;RAF1,133,0,0,0,CHEK2;AURKA;PLK4;MKNK2;BRSK1;AXL;MAP4K4;MAP4K2;BLK;SLK
40,CHEMBL:CHEMBL3977543,Belvarafenib,KLIFS,weighted_knn,method_available,0.34523809523809523,BRAF;CSF1R;DDR1;DDR2;RAF1,135,0,0,0,CHEK2;AURKA;PLK4;MKNK2;BRSK1;AXL;MAP4K4;MAP4K2;BLK;SLK
40,CHEMBL:CHEMBL3977543,Belvarafenib,KLIFS,weighted_knn,common_prediction_mask,0.34523809523809523,BRAF;CSF1R;DDR1;DDR2;RAF1,133,0,0,0,CHEK2;AURKA;PLK4;MKNK2;BRSK1;AXL;MAP4K4;MAP4K2;BLK;SLK
40,CHEMBL:CHEMBL3977543,Belvarafenib,KLIFS,weighted_vote,method_available,0.34523809523809523,BRAF;CSF1R;DDR1;DDR2;RAF1,135,0,0,0,CHEK2;FLT1;AXL;BLK;BRSK1;MKNK2;FYN;PLK4;STK3;MAP4K2
40,CHEMBL:CHEMBL3977543,Belvarafenib,KLIFS,weighted_vote,common_prediction_mask,0.34523809523809523,BRAF;CSF1R;DDR1;DDR2;RAF1,133,0,0,0,CHEK2;BLK;AXL;FLT1;BRSK1;MKNK2;FYN;PLK4;CDK1;STK3
41,CHEMBL:CHEMBL3979920,Mivavotinib,KLIFS,one_nn,method_available,0.28888888888888886,CHEK1;EPHA1;FER;FLT3;JAK3;KDR;PAK4;PDGFRA;PHKG2;RET;SYK;ZAP70,224,1,1,1,CHEK1;AAK1;BMP2K;RET;MERTK;PAK6;MINK1;GAK;MYLK3;PLK4
41,CHEMBL:CHEMBL3979920,Mivavotinib,KLIFS,one_nn,common_prediction_mask,0.28888888888888886,CHEK1;EPHA1;FER;FLT3;JAK3;KDR;PAK4;PDGFRA;PHKG2;RET;SYK;ZAP70,214,1,1,1,CHEK1;AAK1;BMP2K;RET;PAK6;MINK1;GAK;MYLK3;PLK4;MARK4
41,CHEMBL:CHEMBL3979920,Mivavotinib,KLIFS,unweighted_knn,method_available,0.28888888888888886,CHEK1;EPHA1;FER;FLT3;JAK3;KDR;PAK4;PDGFRA;PHKG2;RET;SYK;ZAP70,267,0,0,1,TSSK1B;LTK;SIK2;LRRK2;PIM3;MYLK3;PBK;BLK;TSSK2;CHEK1
41,CHEMBL:CHEMBL3979920,Mivavotinib,KLIFS,unweighted_knn,common_prediction_mask,0.28888888888888886,CHEK1;EPHA1;FER;FLT3;JAK3;KDR;PAK4;PDGFRA;PHKG2;RET;SYK;ZAP70,214,0,1,1,SIK2;MYLK3;CHEK1;RET;BMP2K;MAP4K5;PAK4;AAK1;FLT3;MINK1
41,CHEMBL:CHEMBL3979920,Mivavotinib,KLIFS,weighted_knn,method_available,0.28888888888888886,CHEK1;EPHA1;FER;FLT3;JAK3;KDR;PAK4;PDGFRA;PHKG2;RET;SYK;ZAP70,267,0,0,1,TSSK1B;LTK;LRRK2;SIK2;PIM3;PBK;MYLK3;TSSK2;BLK;CHEK1
41,CHEMBL:CHEMBL3979920,Mivavotinib,KLIFS,weighted_knn,common_prediction_mask,0.28888888888888886,CHEK1;EPHA1;FER;FLT3;JAK3;KDR;PAK4;PDGFRA;PHKG2;RET;SYK;ZAP70,214,0,1,1,SIK2;MYLK3;CHEK1;RET;BMP2K;PAK4;AAK1;MAP4K5;FLT3;MINK1
41,CHEMBL:CHEMBL3979920,Mivavotinib,KLIFS,weighted_vote,method_available,0.28888888888888886,CHEK1;EPHA1;FER;FLT3;JAK3;KDR;PAK4;PDGFRA;PHKG2;RET;SYK;ZAP70,267,0,0,0,MKNK2;SIK2;LTK;TSSK1B;TSSK2;PBK;LRRK2;PIM3;PDPK1;MYLK3
41,CHEMBL:CHEMBL3979920,Mivavotinib,KLIFS,weighted_vote,common_prediction_mask,0.28888888888888886,CHEK1;EPHA1;FER;FLT3;JAK3;KDR;PAK4;PDGFRA;PHKG2;RET;SYK;ZAP70,214,0,0,1,SIK2;MYLK3;ABL1;RET;MINK1;MARK4;HCK;PDGFRB;LYN;MARK2
42,CHEMBL:CHEMBL3986824,Lanraplenib,KLIFS,one_nn,method_available,0.3048780487804878,JAK2;SYK,264,0,0,0,AAK1;BMP2K;NUAK2;CDK17;STK26;AURKB;CSNK2A2;TTK;AURKA;PLK4
42,CHEMBL:CHEMBL3986824,Lanraplenib,KLIFS,one_nn,common_prediction_mask,0.3048780487804878,JAK2;SYK,258,0,0,0,AAK1;BMP2K;CDK17;NUAK2;STK26;AURKB;CSNK2A2;TTK;AURKA;PLK4
42,CHEMBL:CHEMBL3986824,Lanraplenib,KLIFS,unweighted_knn,method_available,0.3048780487804878,JAK2;SYK,265,0,0,1,AAK1;FLT4;BMP2K;FLT1;KDR;BLK;JAK2;CSF1R;ITK;JAK3
42,CHEMBL:CHEMBL3986824,Lanraplenib,KLIFS,unweighted_knn,common_prediction_mask,0.3048780487804878,JAK2;SYK,258,0,0,1,AAK1;BMP2K;FLT1;KDR;BLK;JAK2;CSF1R;ITK;JAK3;MAPK8
42,CHEMBL:CHEMBL3986824,Lanraplenib,KLIFS,weighted_knn,method_available,0.3048780487804878,JAK2;SYK,265,0,0,1,AAK1;FLT4;BMP2K;FLT1;KDR;JAK2;BLK;CSF1R;ITK;JAK3
42,CHEMBL:CHEMBL3986824,Lanraplenib,KLIFS,weighted_knn,common_prediction_mask,0.3048780487804878,JAK2;SYK,258,0,0,1,AAK1;BMP2K;FLT1;KDR;JAK2;BLK;CSF1R;ITK;JAK3;MAPK8
42,CHEMBL:CHEMBL3986824,Lanraplenib,KLIFS,weighted_vote,method_available,0.3048780487804878,JAK2;SYK,265,0,0,0,BMP2K;ULK3;KDR;FLT4;AAK1;FLT1;BLK;MAPK8;GAK;TBK1
42,CHEMBL:CHEMBL3986824,Lanraplenib,KLIFS,weighted_vote,common_prediction_mask,0.3048780487804878,JAK2;SYK,258,0,0,0,BMP2K;KDR;FLT1;AAK1;ULK3;GAK;BLK;MAPK8;TBK1;JAK3
43,CHEMBL:CHEMBL4065122,Fenebrutinib,KLIFS,one_nn,method_available,0.20634920634920634,BTK,245,0,0,0,CDK4;CDK6;CLK1;HIPK2;DAPK3;EIF2AK2;CSNK2A2;JAK3;CLK4;CDK9
43,CHEMBL:CHEMBL4065122,Fenebrutinib,KLIFS,one_nn,common_prediction_mask,0.20634920634920634,BTK,221,0,0,0,CDK4;CDK6;CLK1;CSNK2A2;CLK4;CDK9;PRKD2;MAP2K4;CDK17;MAP2K5
43,CHEMBL:CHEMBL4065122,Fenebrutinib,KLIFS,unweighted_knn,method_available,0.20634920634920634,BTK,229,0,0,0,FLT3;KDR;CDK4;CDK6;CLK1;GAK;CLK4;IRAK3;PDGFRB;RET
43,CHEMBL:CHEMBL4065122,Fenebrutinib,KLIFS,unweighted_knn,common_prediction_mask,0.20634920634920634,BTK,221,0,0,0,FLT3;KDR;CDK4;CDK6;CLK1;GAK;CLK4;IRAK3;PDGFRB;RET
43,CHEMBL:CHEMBL4065122,Fenebrutinib,KLIFS,weighted_knn,method_available,0.20634920634920634,BTK,229,0,0,0,FLT3;KDR;CDK4;CDK6;CLK1;GAK;CLK4;IRAK3;PDGFRB;RET
43,CHEMBL:CHEMBL4065122,Fenebrutinib,KLIFS,weighted_knn,common_prediction_mask,0.20634920634920634,BTK,221,0,0,0,FLT3;KDR;CDK4;CDK6;CLK1;GAK;CLK4;IRAK3;PDGFRB;RET
43,CHEMBL:CHEMBL4065122,Fenebrutinib,KLIFS,weighted_vote,method_available,0.20634920634920634,BTK,229,0,0,0,CDK4;FLT3;CLK4;CDK6;CLK1;GAK;LCK;EPHB2;EPHA2;BCR
43,CHEMBL:CHEMBL4065122,Fenebrutinib,KLIFS,weighted_vote,common_prediction_mask,0.20634920634920634,BTK,221,0,0,0,CDK4;FLT3;CLK4;CDK6;CLK1;GAK;LCK;EPHA2;EPHB2;BCR
44,CHEMBL:CHEMBL4068509,-,KLIFS,one_nn,method_available,0.3,BLK;BMX;CSF1R;EIF2AK3;FGFR1;FGFR2;FGFR3;FGFR4;FLT4;JAK3;KDR;LYN,205,0,0,0,EGFR;BTK;ERBB2;RIPK2;TEC;EPHB4;RIPK3;MET;RET;TNK1
44,CHEMBL:CHEMBL4068509,-,KLIFS,one_nn,common_prediction_mask,0.3,BLK;BMX;CSF1R;EIF2AK3;FGFR1;FGFR2;FGFR3;FGFR4;FLT4;JAK3;KDR;LYN,205,0,0,0,EGFR;BTK;ERBB2;RIPK2;TEC;EPHB4;RIPK3;MET;RET;TNK1
44,CHEMBL:CHEMBL4068509,-,KLIFS,unweighted_knn,method_available,0.3,BLK;BMX;CSF1R;EIF2AK3;FGFR1;FGFR2;FGFR3;FGFR4;FLT4;JAK3;KDR;LYN,386,0,0,1,FGR;EPHA3;EPHA8;SIK1;EPHB1;ERBB3;BLK;STK35;BMX;TXK
44,CHEMBL:CHEMBL4068509,-,KLIFS,unweighted_knn,common_prediction_mask,0.3,BLK;BMX;CSF1R;EIF2AK3;FGFR1;FGFR2;FGFR3;FGFR4;FLT4;JAK3;KDR;LYN,205,0,0,0,BTK;EGFR;GAK;ABL2;FRK;EPHB4;YES1;ABL1;ERBB2;LCK
44,CHEMBL:CHEMBL4068509,-,KLIFS,weighted_knn,method_available,0.3,BLK;BMX;CSF1R;EIF2AK3;FGFR1;FGFR2;FGFR3;FGFR4;FLT4;JAK3;KDR;LYN,386,0,0,1,FGR;EPHA3;EPHA8;SIK1;EPHB1;ERBB3;BLK;STK35;BMX;TXK
44,CHEMBL:CHEMBL4068509,-,KLIFS,weighted_knn,common_prediction_mask,0.3,BLK;BMX;CSF1R;EIF2AK3;FGFR1;FGFR2;FGFR3;FGFR4;FLT4;JAK3;KDR;LYN,205,0,0,0,BTK;EGFR;GAK;ABL2;EPHB4;FRK;ABL1;YES1;ERBB2;TEC
44,CHEMBL:CHEMBL4068509,-,KLIFS,weighted_vote,method_available,0.3,BLK;BMX;CSF1R;EIF2AK3;FGFR1;FGFR2;FGFR3;FGFR4;FLT4;JAK3;KDR;LYN,386,0,0,0,EIF2AK4;STK36;FGR;WEE2;STK35;EPHA8;ERBB3;TXK;TEC;TNNI3K
44,CHEMBL:CHEMBL4068509,-,KLIFS,weighted_vote,common_prediction_mask,0.3,BLK;BMX;CSF1R;EIF2AK3;FGFR1;FGFR2;FGFR3;FGFR4;FLT4;JAK3;KDR;LYN,205,0,0,0,BTK;TEC;EGFR;MET;EPHB4;GAK;ERBB2;FES;FRK;TNK2
45,CHEMBL:CHEMBL4071864,-,KLIFS,one_nn,method_available,0.375,RIPK1,282,1,1,1,RIPK1;SRPK3;ALK;TAOK2;TLK1;TNIK;RPS6KA6;DAPK2;TBK1;EPHA6
45,CHEMBL:CHEMBL4071864,-,KLIFS,one_nn,common_prediction_mask,0.375,RIPK1,282,1,1,1,RIPK1;SRPK3;ALK;TAOK2;TLK1;TNIK;RPS6KA6;DAPK2;TBK1;EPHA6
45,CHEMBL:CHEMBL4071864,-,KLIFS,unweighted_knn,method_available,0.375,RIPK1,318,1,1,1,RIPK1;PLK1;PLK3;CHEK2;FLT3;FLT1;MELK;ABL1;FYN;SIK3
45,CHEMBL:CHEMBL4071864,-,KLIFS,unweighted_knn,common_prediction_mask,0.375,RIPK1,282,1,1,1,RIPK1;PLK1;PLK3;CHEK2;FLT3;FLT1;MELK;ABL1;BMPR1B;PNCK
45,CHEMBL:CHEMBL4071864,-,KLIFS,weighted_knn,method_available,0.375,RIPK1,318,1,1,1,RIPK1;PLK1;CHEK2;PLK3;FLT3;FLT1;MELK;FYN;ABL1;PRKX
45,CHEMBL:CHEMBL4071864,-,KLIFS,weighted_knn,common_prediction_mask,0.375,RIPK1,282,1,1,1,RIPK1;PLK1;CHEK2;PLK3;FLT3;FLT1;MELK;ABL1;PRKX;BRD4
45,CHEMBL:CHEMBL4071864,-,KLIFS,weighted_vote,method_available,0.375,RIPK1,318,1,1,1,RIPK1;STK17A;FYN;FLT1;ABL1;MELK;BRSK1;PRKD3;CHEK2;PRKAA1
45,CHEMBL:CHEMBL4071864,-,KLIFS,weighted_vote,common_prediction_mask,0.375,RIPK1,282,1,1,1,RIPK1;FLT1;ABL1;PRKD3;MELK;AURKB;BRSK1;CLK4;PDPK1;PRKAA1
46,CHEMBL:CHEMBL4072833,Evobrutinib,KLIFS,one_nn,method_available,0.4936708860759494,BMX;BTK;ERBB4;TEC,227,0,1,1,BLK;BMX;TXK;BTK;ERBB4;FGR;ERBB2;TEC;EGFR;PTK6
46,CHEMBL:CHEMBL4072833,Evobrutinib,KLIFS,one_nn,common_prediction_mask,0.4936708860759494,BMX;BTK;ERBB4;TEC,219,0,1,1,BLK;BTK;ERBB4;ERBB2;TEC;EGFR;PTK6;HCK;YES1;JAK3
46,CHEMBL:CHEMBL4072833,Evobrutinib,KLIFS,unweighted_knn,method_available,0.4936708860759494,BMX;BTK;ERBB4;TEC,269,1,1,1,BTK;TEC;BLK;ERBB2;EGFR;RIPK2;ERBB4;FLT1;LYN;KIT
46,CHEMBL:CHEMBL4072833,Evobrutinib,KLIFS,unweighted_knn,common_prediction_mask,0.4936708860759494,BMX;BTK;ERBB4;TEC,219,1,1,1,BTK;TEC;BLK;ERBB2;EGFR;RIPK2;ERBB4;LYN;ITK;PTK6
46,CHEMBL:CHEMBL4072833,Evobrutinib,KLIFS,weighted_knn,method_available,0.4936708860759494,BMX;BTK;ERBB4;TEC,269,1,1,1,BTK;BLK;TEC;ERBB4;ERBB2;EGFR;RIPK2;LYN;FLT1;YES1
46,CHEMBL:CHEMBL4072833,Evobrutinib,KLIFS,weighted_knn,common_prediction_mask,0.4936708860759494,BMX;BTK;ERBB4;TEC,219,1,1,1,BTK;BLK;TEC;ERBB4;ERBB2;EGFR;RIPK2;LYN;YES1;HCK
46,CHEMBL:CHEMBL4072833,Evobrutinib,KLIFS,weighted_vote,method_available,0.4936708860759494,BMX;BTK;ERBB4;TEC,269,1,1,1,BTK;TEC;ALK;AXL;BLK;FLT4;FLT1;RIPK2;KDR;KIT
46,CHEMBL:CHEMBL4072833,Evobrutinib,KLIFS,weighted_vote,common_prediction_mask,0.4936708860759494,BMX;BTK;ERBB4;TEC,219,0,1,1,RIPK2;BTK;BLK;TEC;EGFR;LYN;PTK6;ERBB2;LCK;FYN
47,CHEMBL:CHEMBL4073443,Tomivosertib,KLIFS,one_nn,method_available,0.18823529411764706,CLK4;MKNK1;MKNK2;STK17A,139,0,0,0,CHEK1;RPS6KA3;FLT1;ABL1;FYN;DAPK3;RET;KIT;BTK;NTRK3
47,CHEMBL:CHEMBL4073443,Tomivosertib,KLIFS,one_nn,common_prediction_mask,0.18823529411764706,CLK4;MKNK1;MKNK2;STK17A,139,0,0,0,CHEK1;RPS6KA3;FLT1;ABL1;FYN;DAPK3;RET;KIT;BTK;NTRK3
47,CHEMBL:CHEMBL4073443,Tomivosertib,KLIFS,unweighted_knn,method_available,0.18823529411764706,CLK4;MKNK1;MKNK2;STK17A,262,0,0,0,MAP2K1;BLK;CDK4;MAPK14;DAPK3;FLT1;DYRK3;CDK6;CSF1R;KIT
47,CHEMBL:CHEMBL4073443,Tomivosertib,KLIFS,unweighted_knn,common_prediction_mask,0.18823529411764706,CLK4;MKNK1;MKNK2;STK17A,139,0,0,0,BLK;DAPK3;FLT1;DYRK3;CSF1R;KIT;HIPK2;AXL;ALK;PRKX
47,CHEMBL:CHEMBL4073443,Tomivosertib,KLIFS,weighted_knn,method_available,0.18823529411764706,CLK4;MKNK1;MKNK2;STK17A,262,0,0,0,MAP2K1;BLK;CDK4;MAPK14;DAPK3;FLT1;CDK6;DYRK3;CSF1R;KIT
47,CHEMBL:CHEMBL4073443,Tomivosertib,KLIFS,weighted_knn,common_prediction_mask,0.18823529411764706,CLK4;MKNK1;MKNK2;STK17A,139,0,0,0,BLK;DAPK3;FLT1;DYRK3;CSF1R;KIT;HIPK2;ALK;AXL;PRKX
47,CHEMBL:CHEMBL4073443,Tomivosertib,KLIFS,weighted_vote,method_available,0.18823529411764706,CLK4;MKNK1;MKNK2;STK17A,262,0,0,1,FLT1;ABL1;FYN;CDK9;CLK1;CDK6;CDK4;CSNK2A2;CLK4;MAP2K1
47,CHEMBL:CHEMBL4073443,Tomivosertib,KLIFS,weighted_vote,common_prediction_mask,0.18823529411764706,CLK4;MKNK1;MKNK2;STK17A,139,0,0,1,FLT1;FYN;ABL1;CLK4;KIT;DYRK3;BLK;AXL;MKNK2;CSF1R
48,CHEMBL:CHEMBL4081711,Zimlovisertib,KLIFS,one_nn,method_available,0.32558139534883723,CSNK1G2;IRAK4,216,0,0,0,KDR;FLT4;RET;RIPK2;FGFR2;FLT1;DDR1;PDGFRA;FGFR3;MAPKAPK2
48,CHEMBL:CHEMBL4081711,Zimlovisertib,KLIFS,one_nn,common_prediction_mask,0.32558139534883723,CSNK1G2;IRAK4,209,0,0,0,KDR;FLT4;RET;RIPK2;FGFR2;FLT1;DDR1;FGFR3;MAPKAPK2;PDGFRB
48,CHEMBL:CHEMBL4081711,Zimlovisertib,KLIFS,unweighted_knn,method_available,0.32558139534883723,CSNK1G2;IRAK4,258,0,0,0,DDR1;FGFR2;RIPK2;FLT4;FLT1;RET;DDR2;PDGFRB;KDR;DYRK3
48,CHEMBL:CHEMBL4081711,Zimlovisertib,KLIFS,unweighted_knn,common_prediction_mask,0.32558139534883723,CSNK1G2;IRAK4,209,0,0,0,DDR1;FGFR2;RIPK2;FLT4;FLT1;RET;DDR2;PDGFRB;KDR;FGFR3
48,CHEMBL:CHEMBL4081711,Zimlovisertib,KLIFS,weighted_knn,method_available,0.32558139534883723,CSNK1G2;IRAK4,258,0,0,0,FGFR2;DDR1;RIPK2;FLT4;FLT1;RET;DDR2;KDR;PDGFRB;DYRK3
48,CHEMBL:CHEMBL4081711,Zimlovisertib,KLIFS,weighted_knn,common_prediction_mask,0.32558139534883723,CSNK1G2;IRAK4,209,0,0,0,FGFR2;DDR1;RIPK2;FLT4;FLT1;RET;DDR2;KDR;PDGFRB;FGFR3
48,CHEMBL:CHEMBL4081711,Zimlovisertib,KLIFS,weighted_vote,method_available,0.32558139534883723,CSNK1G2;IRAK4,258,0,0,0,DDR2;DDR1;FLT1;DYRK3;FGFR2;RIPK2;PDGFRB;FLT4;RET;KDR
48,CHEMBL:CHEMBL4081711,Zimlovisertib,KLIFS,weighted_vote,common_prediction_mask,0.32558139534883723,CSNK1G2;IRAK4,209,0,0,0,RIPK2;FGFR2;FLT1;PDGFRB;DDR1;DDR2;FLT4;RET;KDR;MAP4K2
49,CHEMBL:CHEMBL4084907,Bimiralisib,KLIFS,one_nn,method_available,0.7142857142857143,MTOR,202,1,1,1,MTOR;PRKDC;BMPR1B;CDC7;CHEK1;AURKA;PLK4;CIT;BUB1;JAK2
49,CHEMBL:CHEMBL4084907,Bimiralisib,KLIFS,one_nn,common_prediction_mask,0.7142857142857143,MTOR,201,1,1,1,MTOR;PRKDC;BMPR1B;CDC7;CHEK1;AURKA;PLK4;CIT;BUB1;JAK2
49,CHEMBL:CHEMBL4084907,Bimiralisib,KLIFS,unweighted_knn,method_available,0.7142857142857143,MTOR,219,1,1,1,MTOR;JAK1;GSK3A;GSK3B;JAK2;FER;SYK;PRKDC;PAK4;CDC7
49,CHEMBL:CHEMBL4084907,Bimiralisib,KLIFS,unweighted_knn,common_prediction_mask,0.7142857142857143,MTOR,201,1,1,1,MTOR;JAK1;GSK3B;GSK3A;JAK2;FER;SYK;PRKDC;PAK4;CDC7
49,CHEMBL:CHEMBL4084907,Bimiralisib,KLIFS,weighted_knn,method_available,0.7142857142857143,MTOR,219,1,1,1,MTOR;PRKDC;GSK3A;GSK3B;JAK1;CLK4;FER;JAK2;SYK;PAK4
49,CHEMBL:CHEMBL4084907,Bimiralisib,KLIFS,weighted_knn,common_prediction_mask,0.7142857142857143,MTOR,201,1,1,1,MTOR;PRKDC;GSK3B;GSK3A;JAK1;FER;JAK2;SYK;PAK4;CDC7
49,CHEMBL:CHEMBL4084907,Bimiralisib,KLIFS,weighted_vote,method_available,0.7142857142857143,MTOR,219,1,1,1,MTOR;FYN;GSK3A;GSK3B;TEC;ABL1;JAK1;ULK3;PAK4;RIPK2
49,CHEMBL:CHEMBL4084907,Bimiralisib,KLIFS,weighted_vote,common_prediction_mask,0.7142857142857143,MTOR,201,1,1,1,MTOR;FYN;GSK3B;GSK3A;TEC;ABL1;JAK1;ULK3;PAK4;BUB1
50,CHEMBL:CHEMBL4098877,-,KLIFS,one_nn,method_available,0.24615384615384617,CLK2;CLK4;LRRK2;MAP3K14;MAP3K5;TTK,131,0,0,0,MAP4K4;FLT3;NTRK3;MAP4K5;MKNK2;MELK;MAPK9;FER;KIT;RET
50,CHEMBL:CHEMBL4098877,-,KLIFS,one_nn,common_prediction_mask,0.24615384615384617,CLK2;CLK4;LRRK2;MAP3K14;MAP3K5;TTK,131,0,0,0,MAP4K4;FLT3;NTRK3;MAP4K5;MKNK2;MELK;MAPK9;FER;KIT;RET
50,CHEMBL:CHEMBL4098877,-,KLIFS,unweighted_knn,method_available,0.24615384615384617,CLK2;CLK4;LRRK2;MAP3K14;MAP3K5;TTK,258,0,0,1,CLK1;DYRK1A;MAP4K4;DYRK1B;CLK2;PRKX;CDC7;CLK4;MINK1;CSNK1E
50,CHEMBL:CHEMBL4098877,-,KLIFS,unweighted_knn,common_prediction_mask,0.24615384615384617,CLK2;CLK4;LRRK2;MAP3K14;MAP3K5;TTK,131,0,1,1,DYRK1A;MAP4K4;CLK2;PRKX;CDC7;CLK4;MINK1;PIM3;PRKD3;PRKG2
50,CHEMBL:CHEMBL4098877,-,KLIFS,weighted_knn,method_available,0.24615384615384617,CLK2;CLK4;LRRK2;MAP3K14;MAP3K5;TTK,258,0,0,1,CLK1;DYRK1A;MAP4K4;PRKX;CLK2;DYRK1B;CDC7;CLK4;MINK1;CSNK1E
50,CHEMBL:CHEMBL4098877,-,KLIFS,weighted_knn,common_prediction_mask,0.24615384615384617,CLK2;CLK4;LRRK2;MAP3K14;MAP3K5;TTK,131,0,0,1,DYRK1A;MAP4K4;PRKX;CLK2;CDC7;CLK4;MINK1;PRKD3;PIM3;PRKG2
50,CHEMBL:CHEMBL4098877,-,KLIFS,weighted_vote,method_available,0.24615384615384617,CLK2;CLK4;LRRK2;MAP3K14;MAP3K5;TTK,258,0,0,0,MELK;MYLK3;CSNK1E;CLK1;MAP4K4;CSNK1D;DYRK1A;PIM3;PRKG2;MINK1
50,CHEMBL:CHEMBL4098877,-,KLIFS,weighted_vote,common_prediction_mask,0.24615384615384617,CLK2;CLK4;LRRK2;MAP3K14;MAP3K5;TTK,131,0,0,0,MELK;MAP4K4;CSNK1D;DYRK1A;PRKG2;PRKX;PIM3;CAMK2B;MINK1;CDC7
51,CHEMBL:CHEMBL4129018,-,KLIFS,one_nn,method_available,0.32432432432432434,MAPK14,164,1,1,1,MAPK14;MAPK10;PRKD2;PRKD3;MAPK9;CSNK1D;SLK;MAP4K4;LYN;ERBB4
51,CHEMBL:CHEMBL4129018,-,KLIFS,one_nn,common_prediction_mask,0.32432432432432434,MAPK14,164,1,1,1,MAPK14;MAPK10;PRKD2;PRKD3;MAPK9;CSNK1D;SLK;MAP4K4;LYN;ERBB4
51,CHEMBL:CHEMBL4129018,-,KLIFS,unweighted_knn,method_available,0.32432432432432434,MAPK14,262,0,0,1,BRAF;FLT3;AURKA;RET;PDGFRA;SRC;MAPK14;KDR;MAPK10;DAPK3
51,CHEMBL:CHEMBL4129018,-,KLIFS,unweighted_knn,common_prediction_mask,0.32432432432432434,MAPK14,164,0,0,1,FLT3;AURKA;RET;PDGFRA;SRC;MAPK14;KDR;MAPK10;DAPK3;JAK2
51,CHEMBL:CHEMBL4129018,-,KLIFS,weighted_knn,method_available,0.32432432432432434,MAPK14,262,0,0,1,BRAF;FLT3;AURKA;RET;PDGFRA;MAPK14;MAPK10;SRC;KDR;JAK2
51,CHEMBL:CHEMBL4129018,-,KLIFS,weighted_knn,common_prediction_mask,0.32432432432432434,MAPK14,164,0,0,1,FLT3;AURKA;RET;PDGFRA;MAPK14;MAPK10;SRC;KDR;JAK2;FLT1
51,CHEMBL:CHEMBL4129018,-,KLIFS,weighted_vote,method_available,0.32432432432432434,MAPK14,262,0,0,0,STK16;ULK3;YES1;DDR1;CSNK1E;BRAF;RET;PDGFRA;KIT;AURKA
51,CHEMBL:CHEMBL4129018,-,KLIFS,weighted_vote,common_prediction_mask,0.32432432432432434,MAPK14,164,0,0,0,AURKA;RET;PDGFRA;KIT;SLK;CSNK1D;MAPK9;CSF1R;FGFR1;KDR
52,CHEMBL:CHEMBL4208229,Asciminib,KLIFS,one_nn,method_available,0.2826086956521739,ABL1,223,0,0,0,KDR;KIT;RAF1;RET;LCK;RIPK3;NAN;CHEK1;RIPK2;BUB1
52,CHEMBL:CHEMBL4208229,Asciminib,KLIFS,one_nn,common_prediction_mask,0.2826086956521739,ABL1,220,0,0,0,KDR;KIT;RAF1;RET;LCK;RIPK3;NAN;CHEK1;RIPK2;BUB1
52,CHEMBL:CHEMBL4208229,Asciminib,KLIFS,unweighted_knn,method_available,0.2826086956521739,ABL1,268,0,0,0,RAF1;DDR1;KIT;RET;NTRK3;KDR;DDR2;CLK4;CSF1R;PDGFRB
52,CHEMBL:CHEMBL4208229,Asciminib,KLIFS,unweighted_knn,common_prediction_mask,0.2826086956521739,ABL1,220,0,0,0,RAF1;DDR1;KIT;RET;KDR;DDR2;CLK4;PDGFRB;BRAF;FLT3
52,CHEMBL:CHEMBL4208229,Asciminib,KLIFS,weighted_knn,method_available,0.2826086956521739,ABL1,268,0,0,0,RAF1;KIT;DDR1;RET;NTRK3;KDR;DDR2;CLK4;CSF1R;AXL
52,CHEMBL:CHEMBL4208229,Asciminib,KLIFS,weighted_knn,common_prediction_mask,0.2826086956521739,ABL1,220,0,0,0,RAF1;KIT;DDR1;RET;KDR;DDR2;CLK4;FLT3;PDGFRB;BRAF
52,CHEMBL:CHEMBL4208229,Asciminib,KLIFS,weighted_vote,method_available,0.2826086956521739,ABL1,268,0,1,1,RAF1;NTRK3;ABL1;CLK4;RET;KIT;KDR;FYN;AXL;CDK19
52,CHEMBL:CHEMBL4208229,Asciminib,KLIFS,weighted_vote,common_prediction_mask,0.2826086956521739,ABL1,220,0,1,1,RAF1;ABL1;CLK4;KIT;RET;KDR;FYN;STK10;PDGFRB;MAPK3
53,CHEMBL:CHEMBL4209157,Lifirafenib,KLIFS,one_nn,method_available,0.25,BRAF,383,0,0,0,DDR1;PDGFRB;EPHB6;MAP3K19;STK10;NAN;CIT;FLT1;TAOK2;TIE1
53,CHEMBL:CHEMBL4209157,Lifirafenib,KLIFS,one_nn,common_prediction_mask,0.25,BRAF,383,0,0,0,DDR1;PDGFRB;EPHB6;MAP3K19;STK10;NAN;CIT;FLT1;TAOK2;TIE1
53,CHEMBL:CHEMBL4209157,Lifirafenib,KLIFS,unweighted_knn,method_available,0.25,BRAF,391,0,0,0,PDGFRB;MAP3K19;EPHB6;RET;MYLK3;TNIK;FLT1;DDR1;STK10;KDR
53,CHEMBL:CHEMBL4209157,Lifirafenib,KLIFS,unweighted_knn,common_prediction_mask,0.25,BRAF,383,0,0,0,PDGFRB;MAP3K19;EPHB6;RET;MYLK3;TNIK;FLT1;DDR1;STK10;KDR
53,CHEMBL:CHEMBL4209157,Lifirafenib,KLIFS,weighted_knn,method_available,0.25,BRAF,391,0,0,0,PDGFRB;MAP3K19;EPHB6;RET;DDR1;STK10;FLT1;TNIK;KDR;MYLK3
53,CHEMBL:CHEMBL4209157,Lifirafenib,KLIFS,weighted_knn,common_prediction_mask,0.25,BRAF,383,0,0,0,PDGFRB;MAP3K19;EPHB6;RET;DDR1;STK10;FLT1;TNIK;KDR;MYLK3
53,CHEMBL:CHEMBL4209157,Lifirafenib,KLIFS,weighted_vote,method_available,0.25,BRAF,391,0,0,0,EPHB6;MAP3K7;FLT1;MAP3K19;PDGFRB;STK10;YES1;FYN;ABL1;AXL
53,CHEMBL:CHEMBL4209157,Lifirafenib,KLIFS,weighted_vote,common_prediction_mask,0.25,BRAF,383,0,0,0,STK10;FLT1;YES1;PDGFRB;EPHB6;MAP3K7;MAP3K19;FYN;ABL1;AXL
54,CHEMBL:CHEMBL4212531,-,KLIFS,one_nn,method_available,0.23595505617977527,FLT3;MUSK;NTRK1;NTRK2;NTRK3,123,1,1,1,NTRK3;MAP4K4;CLK4;FYN;AXL;MAP4K2;FLT3;FRK;PKN2;MAP4K5
54,CHEMBL:CHEMBL4212531,-,KLIFS,one_nn,common_prediction_mask,0.23595505617977527,FLT3;MUSK;NTRK1;NTRK2;NTRK3,123,1,1,1,NTRK3;MAP4K4;CLK4;FYN;AXL;MAP4K2;FLT3;FRK;PKN2;MAP4K5
54,CHEMBL:CHEMBL4212531,-,KLIFS,unweighted_knn,method_available,0.23595505617977527,FLT3;MUSK;NTRK1;NTRK2;NTRK3,139,0,1,1,FLT1;FLT3;KIT;CSF1R;RET;FLT4;FRK;AXL;BLK;MAP4K5
54,CHEMBL:CHEMBL4212531,-,KLIFS,unweighted_knn,common_prediction_mask,0.23595505617977527,FLT3;MUSK;NTRK1;NTRK2;NTRK3,123,1,1,1,FLT3;CSF1R;FLT4;FRK;AXL;MAP4K5;NTRK3;FYN;KDR;LYN
54,CHEMBL:CHEMBL4212531,-,KLIFS,weighted_knn,method_available,0.23595505617977527,FLT3;MUSK;NTRK1;NTRK2;NTRK3,139,0,1,1,FLT1;FLT3;KIT;CSF1R;RET;FLT4;FRK;AXL;BLK;MAP4K5
54,CHEMBL:CHEMBL4212531,-,KLIFS,weighted_knn,common_prediction_mask,0.23595505617977527,FLT3;MUSK;NTRK1;NTRK2;NTRK3,123,1,1,1,FLT3;CSF1R;FLT4;FRK;AXL;MAP4K5;NTRK3;FYN;LYN;KDR
54,CHEMBL:CHEMBL4212531,-,KLIFS,weighted_vote,method_available,0.23595505617977527,FLT3;MUSK;NTRK1;NTRK2;NTRK3,139,0,0,1,FYN;ABL1;FLT1;BLK;FLT3;AXL;NTRK3;MAP4K4;FLT4;AURKB
54,CHEMBL:CHEMBL4212531,-,KLIFS,weighted_vote,common_prediction_mask,0.23595505617977527,FLT3;MUSK;NTRK1;NTRK2;NTRK3,123,0,1,1,FYN;FLT3;AXL;NTRK3;MAP4K4;LYN;CSF1R;FLT4;AURKB;KDR
55,CHEMBL:CHEMBL4212692,-,KLIFS,one_nn,method_available,0.29896907216494845,BRAF;RAF1,364,0,1,1,MAP2K5;RAF1;SRMS;NAN;BRAF;FGR;PTK6;NEK11;PDGFRA;MAP2K4
55,CHEMBL:CHEMBL4212692,-,KLIFS,one_nn,common_prediction_mask,0.29896907216494845,BRAF;RAF1,245,0,1,1,MAP2K5;RAF1;SRMS;NAN;BRAF;FGR;PTK6;MAP2K4;NEK11;PDGFRB
55,CHEMBL:CHEMBL4212692,-,KLIFS,unweighted_knn,method_available,0.29896907216494845,BRAF;RAF1,275,1,1,1,RAF1;MAP2K5;BRAF;SRMS;NEK11;NAN;DDR1;RIPK2;FLT1;BCR
55,CHEMBL:CHEMBL4212692,-,KLIFS,unweighted_knn,common_prediction_mask,0.29896907216494845,BRAF;RAF1,245,1,1,1,RAF1;MAP2K5;BRAF;SRMS;NEK11;NAN;DDR1;RIPK2;FLT1;ABL1
55,CHEMBL:CHEMBL4212692,-,KLIFS,weighted_knn,method_available,0.29896907216494845,BRAF;RAF1,275,1,1,1,RAF1;MAP2K5;BRAF;SRMS;NEK11;NAN;RIPK2;DDR1;FLT1;BCR
55,CHEMBL:CHEMBL4212692,-,KLIFS,weighted_knn,common_prediction_mask,0.29896907216494845,BRAF;RAF1,245,1,1,1,RAF1;MAP2K5;BRAF;SRMS;NEK11;NAN;RIPK2;DDR1;FLT1;ABL1
55,CHEMBL:CHEMBL4212692,-,KLIFS,weighted_vote,method_available,0.29896907216494845,BRAF;RAF1,275,0,1,1,NEK11;RAF1;MAP2K5;BRAF;RIPK2;NAN;FLT1;SRMS;ABL1;FGR
55,CHEMBL:CHEMBL4212692,-,KLIFS,weighted_vote,common_prediction_mask,0.29896907216494845,BRAF;RAF1,245,1,1,1,RAF1;NEK11;BRAF;RIPK2;MAP2K5;NAN;FLT1;SRMS;ABL1;FGR
56,CHEMBL:CHEMBL4297188,Miransertib,KLIFS,one_nn,method_available,0.34177215189873417,AKT1;AKT2;AKT3,213,1,1,1,AKT2;AKT1;AKT3;BMPR1B;CHEK1;AURKA;PLK4;CDC7;RIPK2;BUB1
56,CHEMBL:CHEMBL4297188,Miransertib,KLIFS,one_nn,common_prediction_mask,0.34177215189873417,AKT1;AKT2;AKT3,207,1,1,1,AKT2;AKT1;AKT3;PLK4;CHEK1;AURKA;GAK;BMPR1B;RIPK2;BUB1
56,CHEMBL:CHEMBL4297188,Miransertib,KLIFS,unweighted_knn,method_available,0.34177215189873417,AKT1;AKT2;AKT3,257,0,0,0,FLT1;INSR;IGF1R;FLT4;KDR;FLT3;MAPK11;BLK;FGFR3;ERBB4
56,CHEMBL:CHEMBL4297188,Miransertib,KLIFS,unweighted_knn,common_prediction_mask,0.34177215189873417,AKT1;AKT2;AKT3,207,0,0,0,INSR;IGF1R;FLT3;MAPK11;MAP4K2;AURKB;ABL1;RET;LATS1;MAP4K5
56,CHEMBL:CHEMBL4297188,Miransertib,KLIFS,weighted_knn,method_available,0.34177215189873417,AKT1;AKT2;AKT3,257,0,0,0,FLT1;FLT4;INSR;KDR;IGF1R;BLK;FGFR3;FLT3;MAPK11;ERBB4
56,CHEMBL:CHEMBL4297188,Miransertib,KLIFS,weighted_knn,common_prediction_mask,0.34177215189873417,AKT1;AKT2;AKT3,207,0,0,1,INSR;IGF1R;FLT3;MAPK11;MAP4K2;AURKB;RET;AKT2;AKT1;ABL1
56,CHEMBL:CHEMBL4297188,Miransertib,KLIFS,weighted_vote,method_available,0.34177215189873417,AKT1;AKT2;AKT3,257,0,0,0,FLT1;BLK;MAP4K2;INSR;IGF1R;FLT4;RET;FLT3;MAP2K1;LATS1
56,CHEMBL:CHEMBL4297188,Miransertib,KLIFS,weighted_vote,common_prediction_mask,0.34177215189873417,AKT1;AKT2;AKT3,207,0,0,0,MAP4K2;INSR;IGF1R;RET;FLT3;MAP2K1;LATS1;MAPK11;FYN;ABL1
57,CHEMBL:CHEMBL4297488,Samuraciclib,KLIFS,one_nn,method_available,0.29896907216494845,CDK2;CDK7,222,0,1,1,CDK8;CDK2;CDK9;CDK5;CDK13;CDK6;CDK12;CDK1;STK26;CDK16
57,CHEMBL:CHEMBL4297488,Samuraciclib,KLIFS,one_nn,common_prediction_mask,0.29896907216494845,CDK2;CDK7,218,0,1,1,CDK8;CDK2;CDK9;CDK5;CDK13;CDK6;CDK12;CDK1;STK26;CDK16
57,CHEMBL:CHEMBL4297488,Samuraciclib,KLIFS,unweighted_knn,method_available,0.29896907216494845,CDK2;CDK7,268,0,1,1,CDK5;CDK2;JAK3;CDK9;CDK7;HIPK2;CDK8;NTRK3;JAK2;CDK1
57,CHEMBL:CHEMBL4297488,Samuraciclib,KLIFS,unweighted_knn,common_prediction_mask,0.29896907216494845,CDK2;CDK7,218,0,1,1,CDK5;CDK2;CDK9;CDK7;CDK8;CDK1;CLK2;PRKCD;GSK3B;SLK
57,CHEMBL:CHEMBL4297488,Samuraciclib,KLIFS,weighted_knn,method_available,0.29896907216494845,CDK2;CDK7,268,0,1,1,CDK5;CDK2;CDK9;JAK3;CDK7;CDK8;HIPK2;NTRK3;JAK2;CDK1
57,CHEMBL:CHEMBL4297488,Samuraciclib,KLIFS,weighted_knn,common_prediction_mask,0.29896907216494845,CDK2;CDK7,218,0,1,1,CDK5;CDK2;CDK9;CDK7;CDK8;CDK1;CLK2;CDK13;GSK3B;CDK6
57,CHEMBL:CHEMBL4297488,Samuraciclib,KLIFS,weighted_vote,method_available,0.29896907216494845,CDK2;CDK7,268,1,1,1,CDK2;CDK5;CDK7;CDK1;CDK9;CLK2;PRKCG;TSSK1B;FLT1;NTRK3
57,CHEMBL:CHEMBL4297488,Samuraciclib,KLIFS,weighted_vote,common_prediction_mask,0.29896907216494845,CDK2;CDK7,218,1,1,1,CDK2;CDK7;CDK5;CDK1;CDK9;CLK2;GSK3B;CLK1;CDK17;CDK16
58,CHEMBL:CHEMBL4297522,Pemigatinib,KLIFS,one_nn,method_available,0.2708333333333333,FGFR1;FGFR2;FGFR3;FGFR4,396,0,0,0,EGFR;RIPK2;GAK;IRAK1;MAP3K19;ERBB4;MKNK1;ERBB2;LYN;CSNK1E
58,CHEMBL:CHEMBL4297522,Pemigatinib,KLIFS,one_nn,common_prediction_mask,0.2708333333333333,FGFR1;FGFR2;FGFR3;FGFR4,393,0,0,0,EGFR;RIPK2;GAK;IRAK1;MAP3K19;ERBB4;MKNK1;ERBB2;LYN;CSNK1E
58,CHEMBL:CHEMBL4297522,Pemigatinib,KLIFS,unweighted_knn,method_available,0.2708333333333333,FGFR1;FGFR2;FGFR3;FGFR4,395,0,0,0,MERTK;EPHA6;MAP3K19;EPHA8;AXL;RET;EPHA3;TIE1;FLT4;FLT1
58,CHEMBL:CHEMBL4297522,Pemigatinib,KLIFS,unweighted_knn,common_prediction_mask,0.2708333333333333,FGFR1;FGFR2;FGFR3;FGFR4,393,0,0,0,MERTK;EPHA6;MAP3K19;EPHA8;AXL;RET;EPHA3;TIE1;FLT4;FLT1
58,CHEMBL:CHEMBL4297522,Pemigatinib,KLIFS,weighted_knn,method_available,0.2708333333333333,FGFR1;FGFR2;FGFR3;FGFR4,395,0,0,0,MERTK;EPHA6;MAP3K19;EPHA8;AXL;RET;EPHA3;TIE1;FLT4;FLT1
58,CHEMBL:CHEMBL4297522,Pemigatinib,KLIFS,weighted_knn,common_prediction_mask,0.2708333333333333,FGFR1;FGFR2;FGFR3;FGFR4,393,0,0,0,MERTK;EPHA6;MAP3K19;EPHA8;AXL;RET;EPHA3;TIE1;FLT4;FLT1
58,CHEMBL:CHEMBL4297522,Pemigatinib,KLIFS,weighted_vote,method_available,0.2708333333333333,FGFR1;FGFR2;FGFR3;FGFR4,395,0,0,1,EPHA6;MKNK1;MAP3K19;MAP2K5;MKNK2;ERBB4;HIPK4;ERBB2;CHEK2;FGFR2
58,CHEMBL:CHEMBL4297522,Pemigatinib,KLIFS,weighted_vote,common_prediction_mask,0.2708333333333333,FGFR1;FGFR2;FGFR3;FGFR4,393,0,0,1,EPHA6;MKNK1;MAP3K19;MAP2K5;MKNK2;ERBB4;ERBB2;CHEK2;HIPK4;FGFR2
59,CHEMBL:CHEMBL4298138,Repotrectinib,KLIFS,one_nn,method_available,0.2222222222222222,ALK;JAK2;NTRK1;NTRK2;NTRK3;ROS1;SRC,149,0,0,0,MAPK14;MAPK10;NLK;MAPK9;MAPK11;MAPK8;RPS6KA4;DDR1;ADCK3;STK36
59,CHEMBL:CHEMBL4298138,Repotrectinib,KLIFS,one_nn,common_prediction_mask,0.2222222222222222,ALK;JAK2;NTRK1;NTRK2;NTRK3;ROS1;SRC,148,0,0,0,MAPK14;MAPK10;NLK;MAPK9;MAPK11;MAPK8;RPS6KA4;DDR1;ADCK3;FLT1
59,CHEMBL:CHEMBL4298138,Repotrectinib,KLIFS,unweighted_knn,method_available,0.2222222222222222,ALK;JAK2;NTRK1;NTRK2;NTRK3;ROS1;SRC,227,1,1,1,JAK2;JAK3;MAPK14;FLT1;MAPK9;ROS1;ALK;MAPK10;NTRK3;NLK
59,CHEMBL:CHEMBL4298138,Repotrectinib,KLIFS,unweighted_knn,common_prediction_mask,0.2222222222222222,ALK;JAK2;NTRK1;NTRK2;NTRK3;ROS1;SRC,148,1,1,1,JAK2;JAK3;MAPK14;FLT1;MAPK9;ROS1;ALK;MAPK10;NTRK3;NLK
59,CHEMBL:CHEMBL4298138,Repotrectinib,KLIFS,weighted_knn,method_available,0.2222222222222222,ALK;JAK2;NTRK1;NTRK2;NTRK3;ROS1;SRC,227,1,1,1,JAK2;JAK3;MAPK14;MAPK10;FLT1;MAPK9;ROS1;ALK;NLK;NTRK3
59,CHEMBL:CHEMBL4298138,Repotrectinib,KLIFS,weighted_knn,common_prediction_mask,0.2222222222222222,ALK;JAK2;NTRK1;NTRK2;NTRK3;ROS1;SRC,148,1,1,1,JAK2;JAK3;MAPK14;MAPK10;FLT1;MAPK9;ROS1;ALK;NLK;NTRK3
59,CHEMBL:CHEMBL4298138,Repotrectinib,KLIFS,weighted_vote,method_available,0.2222222222222222,ALK;JAK2;NTRK1;NTRK2;NTRK3;ROS1;SRC,227,0,0,0,FLT1;ABL1;FYN;GAK;ADCK3;NEK1;PKN1;MAPK9;PKN2;MAPK14
59,CHEMBL:CHEMBL4298138,Repotrectinib,KLIFS,weighted_vote,common_prediction_mask,0.2222222222222222,ALK;JAK2;NTRK1;NTRK2;NTRK3;ROS1;SRC,148,0,0,0,FLT1;FYN;ABL1;GAK;ADCK3;MAPK9;PKN2;RPS6KA4;MAPK10;DDR1
60,CHEMBL:CHEMBL4303241,Empesertib,KLIFS,one_nn,method_available,0.25925925925925924,TTK,220,0,0,0,RAF1;BRAF;LIMK1;LIMK2;CDK4;IRAK1;RIPK2;GSK3B;NLK;NAN
60,CHEMBL:CHEMBL4303241,Empesertib,KLIFS,one_nn,common_prediction_mask,0.25925925925925924,TTK,212,0,0,0,BRAF;LIMK1;LIMK2;CDK4;IRAK1;RIPK2;GSK3B;NLK;NAN;MAP3K11
60,CHEMBL:CHEMBL4303241,Empesertib,KLIFS,unweighted_knn,method_available,0.25925925925925924,TTK,224,0,0,0,KDR;FLT1;AXL;FLT4;KIT;ERBB2;FLT3;AURKB;PTK2;TNK1
60,CHEMBL:CHEMBL4303241,Empesertib,KLIFS,unweighted_knn,common_prediction_mask,0.25925925925925924,TTK,212,0,0,0,FLT3;AURKB;PTK2;TNK1;RET;FRK;FER;LCK;PTK6;BTK
60,CHEMBL:CHEMBL4303241,Empesertib,KLIFS,weighted_knn,method_available,0.25925925925925924,TTK,224,0,0,0,KDR;FLT1;AXL;FLT4;KIT;ERBB2;FLT3;AURKB;PTK2;TNK1
60,CHEMBL:CHEMBL4303241,Empesertib,KLIFS,weighted_knn,common_prediction_mask,0.25925925925925924,TTK,212,0,0,0,FLT3;AURKB;PTK2;TNK1;RET;FRK;FER;LCK;PTK6;BTK
60,CHEMBL:CHEMBL4303241,Empesertib,KLIFS,weighted_vote,method_available,0.25925925925925924,TTK,224,0,0,0,FLT1;KDR;FLT4;AXL;PTK2;FRK;FLT3;RIPK2;ALK;ERBB2
60,CHEMBL:CHEMBL4303241,Empesertib,KLIFS,weighted_vote,common_prediction_mask,0.25925925925925924,TTK,212,0,0,0,PTK2;FLT3;FRK;RIPK2;TNK1;NLK;RET;FER;PTK2B;AURKB
61,CHEMBL:CHEMBL4439259,-,KLIFS,one_nn,method_available,0.32941176470588235,PRKDC,149,0,0,0,MAPK14;MAPK10;NLK;MAPK9;MAPK11;MAPK8;RPS6KA4;DDR1;ADCK3;STK36
61,CHEMBL:CHEMBL4439259,-,KLIFS,one_nn,common_prediction_mask,0.32941176470588235,PRKDC,143,0,0,0,MAPK14;MAPK10;NLK;MAPK9;MAPK11;MAPK8;RPS6KA4;DDR1;ADCK3;FLT1
61,CHEMBL:CHEMBL4439259,-,KLIFS,unweighted_knn,method_available,0.32941176470588235,PRKDC,271,0,0,0,LRRK2;ROS1;MAPK10;LTK;ERBB2;MAPK9;DAPK3;MAPK8;ERBB4;HIPK2
61,CHEMBL:CHEMBL4439259,-,KLIFS,unweighted_knn,common_prediction_mask,0.32941176470588235,PRKDC,143,0,0,0,ROS1;MAPK10;ERBB2;MAPK9;DAPK3;MAPK8;ERBB4;HIPK2;ITK;EGFR
61,CHEMBL:CHEMBL4439259,-,KLIFS,weighted_knn,method_available,0.32941176470588235,PRKDC,271,0,0,0,LRRK2;MAPK10;LTK;ROS1;MAPK9;ERBB2;DAPK3;MAPK8;ERBB4;HIPK2
61,CHEMBL:CHEMBL4439259,-,KLIFS,weighted_knn,common_prediction_mask,0.32941176470588235,PRKDC,143,0,0,0,MAPK10;ROS1;MAPK9;ERBB2;DAPK3;MAPK8;ERBB4;HIPK2;MAPK14;ITK
61,CHEMBL:CHEMBL4439259,-,KLIFS,weighted_vote,method_available,0.32941176470588235,PRKDC,271,0,0,0,MAPK8;MAPK10;MAPK9;ERBB2;ERBB4;HIPK2;DAPK3;GAK;LRRK2;LTK
61,CHEMBL:CHEMBL4439259,-,KLIFS,weighted_vote,common_prediction_mask,0.32941176470588235,PRKDC,143,0,0,0,MAPK8;MAPK9;MAPK10;ERBB2;ERBB4;HIPK2;DAPK3;GAK;CLK4;FGFR3
62,CHEMBL:CHEMBL4446357,Ebvaciclib,KLIFS,one_nn,method_available,0.36363636363636365,CDK1;CDK2;CDK4;CDK6,378,0,0,1,CDK16;CDK17;CDK5;CDK4;CDK2;CDK3;ICK;CDK6;CDK15;CDK7
62,CHEMBL:CHEMBL4446357,Ebvaciclib,KLIFS,one_nn,common_prediction_mask,0.36363636363636365,CDK1;CDK2;CDK4;CDK6,261,0,0,1,CDK16;CDK17;CDK5;CDK4;CDK2;CDK3;ICK;CDK6;CDK7;CDK1
62,CHEMBL:CHEMBL4446357,Ebvaciclib,KLIFS,unweighted_knn,method_available,0.36363636363636365,CDK1;CDK2;CDK4;CDK6,270,0,0,0,MAPK10;NUAK1;MAP3K9;MARK1;ITK;JAK2;CSF1R;JAK3;MAPK9;FLT4
62,CHEMBL:CHEMBL4446357,Ebvaciclib,KLIFS,unweighted_knn,common_prediction_mask,0.36363636363636365,CDK1;CDK2;CDK4;CDK6,261,0,0,0,MAPK10;MARK1;MAP3K9;NUAK1;ITK;JAK2;CSF1R;JAK3;MAPK9;FLT4
62,CHEMBL:CHEMBL4446357,Ebvaciclib,KLIFS,weighted_knn,method_available,0.36363636363636365,CDK1;CDK2;CDK4;CDK6,270,0,0,1,MAPK10;NUAK1;MAP3K9;MARK1;CDK17;CDK4;CDK6;MAPK9;ITK;CDK16
62,CHEMBL:CHEMBL4446357,Ebvaciclib,KLIFS,weighted_knn,common_prediction_mask,0.36363636363636365,CDK1;CDK2;CDK4;CDK6,261,0,0,1,MAPK10;MARK1;MAP3K9;NUAK1;CDK17;CDK4;CDK6;MAPK9;ITK;CDK16
62,CHEMBL:CHEMBL4446357,Ebvaciclib,KLIFS,weighted_vote,method_available,0.36363636363636365,CDK1;CDK2;CDK4;CDK6,270,0,0,1,GAK;DYRK1B;MAPK10;MAPK8;CDK4;CDK6;CAMK2B;FLT1;STK36;MARK1
62,CHEMBL:CHEMBL4446357,Ebvaciclib,KLIFS,weighted_vote,common_prediction_mask,0.36363636363636365,CDK1;CDK2;CDK4;CDK6,261,0,0,1,GAK;DYRK1B;MAPK10;MAPK8;CDK6;CDK4;CAMK2B;STK36;FLT1;NUAK1
63,CHEMBL:CHEMBL4456085,-,KLIFS,one_nn,method_available,0.30526315789473685,TTK,214,0,0,0,MAPK14;STK24;MAPK11;MAPKAPK2;BUB1;AURKA;CIT;BMPR1B;RIPK2;ROCK2
63,CHEMBL:CHEMBL4456085,-,KLIFS,one_nn,common_prediction_mask,0.30526315789473685,TTK,212,0,0,0,MAPK14;STK24;MAPK11;MAPKAPK2;BUB1;AURKA;CIT;BMPR1B;RIPK2;ROCK2
63,CHEMBL:CHEMBL4456085,-,KLIFS,unweighted_knn,method_available,0.30526315789473685,TTK,267,0,0,0,PLK3;FLT1;MAPK14;PLK1;KDR;FLT4;FGFR3;RET;NTRK3;KIT
63,CHEMBL:CHEMBL4456085,-,KLIFS,unweighted_knn,common_prediction_mask,0.30526315789473685,TTK,212,0,0,0,MAPK14;PLK1;RET;MAPKAPK2;PDGFRB;RIPK2;STK24;PIM2;IRAK3;MAPK11
63,CHEMBL:CHEMBL4456085,-,KLIFS,weighted_knn,method_available,0.30526315789473685,TTK,267,0,0,0,PLK3;FLT1;MAPK14;KDR;FLT4;FGFR3;PLK1;MAPKAPK2;RET;KIT
63,CHEMBL:CHEMBL4456085,-,KLIFS,weighted_knn,common_prediction_mask,0.30526315789473685,TTK,212,0,0,0,MAPK14;PLK1;MAPKAPK2;RET;STK24;PDGFRB;RIPK2;MAPK11;PIM2;IRAK3
63,CHEMBL:CHEMBL4456085,-,KLIFS,weighted_vote,method_available,0.30526315789473685,TTK,267,0,0,0,PLK3;FLT1;MAPK14;TNIK;PLK1;MAPKAPK2;ABL1;FYN;MAPK11;STK24
63,CHEMBL:CHEMBL4456085,-,KLIFS,weighted_vote,common_prediction_mask,0.30526315789473685,TTK,212,0,0,0,MAPK14;PLK1;MAPKAPK2;FYN;ABL1;MAPK11;STK24;PDGFRB;DDR2;DDR1
64,CHEMBL:CHEMBL4459585,Ropsacitinib,KLIFS,one_nn,method_available,0.3333333333333333,JAK1;JAK2;TYK2,214,1,1,1,JAK2;AAK1;BMP2K;MARK3;PKN1;MARK2;GAK;CAMK2G;CSNK1G2;PKN2
64,CHEMBL:CHEMBL4459585,Ropsacitinib,KLIFS,one_nn,common_prediction_mask,0.3333333333333333,JAK1;JAK2;TYK2,214,1,1,1,JAK2;AAK1;BMP2K;MARK3;PKN1;MARK2;GAK;CAMK2G;CSNK1G2;PKN2
64,CHEMBL:CHEMBL4459585,Ropsacitinib,KLIFS,unweighted_knn,method_available,0.3333333333333333,JAK1;JAK2;TYK2,307,0,1,1,MET;JAK2;AAK1;BMP2K;JAK3;GAK;CAMK2G;PKN2;EIF2AK1;TNK1
64,CHEMBL:CHEMBL4459585,Ropsacitinib,KLIFS,unweighted_knn,common_prediction_mask,0.3333333333333333,JAK1;JAK2;TYK2,214,0,1,1,MET;JAK2;AAK1;BMP2K;JAK3;GAK;CAMK2G;PKN2;EIF2AK1;TNK1
64,CHEMBL:CHEMBL4459585,Ropsacitinib,KLIFS,weighted_knn,method_available,0.3333333333333333,JAK1;JAK2;TYK2,307,0,1,1,MET;JAK2;AAK1;BMP2K;JAK3;GAK;CAMK2G;PKN2;EIF2AK1;TNK1
64,CHEMBL:CHEMBL4459585,Ropsacitinib,KLIFS,weighted_knn,common_prediction_mask,0.3333333333333333,JAK1;JAK2;TYK2,214,0,1,1,MET;JAK2;AAK1;BMP2K;JAK3;GAK;CAMK2G;PKN2;EIF2AK1;TNK1
64,CHEMBL:CHEMBL4459585,Ropsacitinib,KLIFS,weighted_vote,method_available,0.3333333333333333,JAK1;JAK2;TYK2,307,0,1,1,MET;JAK2;JAK3;BMP2K;PKN2;CAMK2G;AAK1;ULK1;TNK1;EIF2AK1
64,CHEMBL:CHEMBL4459585,Ropsacitinib,KLIFS,weighted_vote,common_prediction_mask,0.3333333333333333,JAK1;JAK2;TYK2,214,0,1,1,MET;JAK2;JAK3;ULK1;GAK;AAK1;CAMK2G;TNK1;PKN2;EIF2AK1
65,CHEMBL:CHEMBL4461070,-,KLIFS,one_nn,method_available,0.36666666666666664,MET,384,1,1,1,MET;DYRK1A;DYRK1B;MAPK10;MAPK8;MAP3K19;MAPK13;ICK;AURKC;CAMK2A
65,CHEMBL:CHEMBL4461070,-,KLIFS,one_nn,common_prediction_mask,0.36666666666666664,MET,384,1,1,1,MET;DYRK1A;DYRK1B;MAPK10;MAPK8;MAP3K19;MAPK13;ICK;AURKC;CAMK2A
65,CHEMBL:CHEMBL4461070,-,KLIFS,unweighted_knn,method_available,0.36666666666666664,MET,392,0,0,1,DDR1;PDGFRA;KIT;RET;MET;FLT3;CSF1R;TIE1;MERTK;FLT1
65,CHEMBL:CHEMBL4461070,-,KLIFS,unweighted_knn,common_prediction_mask,0.36666666666666664,MET,384,0,0,1,DDR1;PDGFRA;KIT;RET;MET;FLT3;CSF1R;TIE1;MERTK;FLT1
65,CHEMBL:CHEMBL4461070,-,KLIFS,weighted_knn,method_available,0.36666666666666664,MET,392,0,1,1,DDR1;PDGFRA;MET;KIT;RET;FLT3;CSF1R;TIE1;FLT1;MERTK
65,CHEMBL:CHEMBL4461070,-,KLIFS,weighted_knn,common_prediction_mask,0.36666666666666664,MET,384,0,1,1,DDR1;PDGFRA;MET;KIT;RET;FLT3;CSF1R;TIE1;FLT1;MERTK
65,CHEMBL:CHEMBL4461070,-,KLIFS,weighted_vote,method_available,0.36666666666666664,MET,392,0,0,1,FLT1;DDR2;PDGFRB;PDGFRA;DDR1;DYRK3;KIT;FLT4;ABL1;MET
65,CHEMBL:CHEMBL4461070,-,KLIFS,weighted_vote,common_prediction_mask,0.36666666666666664,MET,384,0,0,1,FLT1;PDGFRA;PDGFRB;DDR2;DDR1;FLT4;KIT;ABL1;MET;DYRK1A
66,CHEMBL:CHEMBL4462530,-,KLIFS,one_nn,method_available,0.24444444444444444,CDK1;CDK3;CDK4;CDK6;CDK9;GSK3A;GSK3B,139,0,0,0,CHEK1;RPS6KA3;FLT1;ABL1;FYN;DAPK3;RET;KIT;BTK;NTRK3
66,CHEMBL:CHEMBL4462530,-,KLIFS,one_nn,common_prediction_mask,0.24444444444444444,CDK1;CDK3;CDK4;CDK6;CDK9;GSK3A;GSK3B,139,0,0,0,CHEK1;RPS6KA3;FLT1;ABL1;FYN;DAPK3;RET;KIT;BTK;NTRK3
66,CHEMBL:CHEMBL4462530,-,KLIFS,unweighted_knn,method_available,0.24444444444444444,CDK1;CDK3;CDK4;CDK6;CDK9;GSK3A;GSK3B,263,0,0,0,FLT1;CHEK1;RET;ITK;JAK2;FGFR3;BMPR2;AAK1;NTRK3;JAK3
66,CHEMBL:CHEMBL4462530,-,KLIFS,unweighted_knn,common_prediction_mask,0.24444444444444444,CDK1;CDK3;CDK4;CDK6;CDK9;GSK3A;GSK3B,139,0,0,0,FLT1;CHEK1;RET;JAK2;ITK;FGFR3;NTRK3;JAK3;STK17A;ALK
66,CHEMBL:CHEMBL4462530,-,KLIFS,weighted_knn,method_available,0.24444444444444444,CDK1;CDK3;CDK4;CDK6;CDK9;GSK3A;GSK3B,263,0,0,0,CHEK1;FLT1;RET;ITK;JAK2;FGFR3;BMPR2;AAK1;NTRK3;SIK2
66,CHEMBL:CHEMBL4462530,-,KLIFS,weighted_knn,common_prediction_mask,0.24444444444444444,CDK1;CDK3;CDK4;CDK6;CDK9;GSK3A;GSK3B,139,0,0,0,CHEK1;FLT1;RET;JAK2;ITK;FGFR3;NTRK3;JAK3;ALK;TSSK1B
66,CHEMBL:CHEMBL4462530,-,KLIFS,weighted_vote,method_available,0.24444444444444444,CDK1;CDK3;CDK4;CDK6;CDK9;GSK3A;GSK3B,263,0,0,0,FLT1;ABL1;CHEK1;FYN;RET;MAPK3;NUAK2;SIK2;BMP2K;MAP3K3
66,CHEMBL:CHEMBL4462530,-,KLIFS,weighted_vote,common_prediction_mask,0.24444444444444444,CDK1;CDK3;CDK4;CDK6;CDK9;GSK3A;GSK3B,139,0,0,0,FLT1;CHEK1;ABL1;FYN;RET;RPS6KA3;FLT3;FER;FLT4;CSF1R
67,CHEMBL:CHEMBL4482864,Tizaterkib,KLIFS,one_nn,method_available,0.3069306930693069,MAPK1;NUAK1,210,1,1,1,MAPK1;MAPK3;CAMK1G;TAOK1;MET;AAK1;GSK3B;GSK3A;BMP2K;PDGFRB
67,CHEMBL:CHEMBL4482864,Tizaterkib,KLIFS,one_nn,common_prediction_mask,0.3069306930693069,MAPK1;NUAK1,208,1,1,1,MAPK1;MAPK3;CAMK1G;TAOK1;MET;AAK1;GSK3B;GSK3A;BMP2K;PDGFRB
67,CHEMBL:CHEMBL4482864,Tizaterkib,KLIFS,unweighted_knn,method_available,0.3069306930693069,MAPK1;NUAK1,278,0,0,0,PDGFRA;LRRK2;BLK;CHEK2;CSF1R;KIT;STK17A;FLT4;FLT1;ERBB4
67,CHEMBL:CHEMBL4482864,Tizaterkib,KLIFS,unweighted_knn,common_prediction_mask,0.3069306930693069,MAPK1;NUAK1,208,0,0,0,CLK4;TAOK1;PDGFRB;CDK16;DYRK1A;CLK1;CAMK1G;IRAK1;GSK3B;CAMK2D
67,CHEMBL:CHEMBL4482864,Tizaterkib,KLIFS,weighted_knn,method_available,0.3069306930693069,MAPK1;NUAK1,278,0,0,0,PDGFRA;LRRK2;BLK;CHEK2;CSF1R;KIT;STK17A;FLT4;FLT1;ERBB4
67,CHEMBL:CHEMBL4482864,Tizaterkib,KLIFS,weighted_knn,common_prediction_mask,0.3069306930693069,MAPK1;NUAK1,208,0,0,0,TAOK1;CLK4;CAMK1G;PDGFRB;CDK16;DYRK1A;CLK1;GSK3B;IRAK1;AAK1
67,CHEMBL:CHEMBL4482864,Tizaterkib,KLIFS,weighted_vote,method_available,0.3069306930693069,MAPK1;NUAK1,278,0,0,0,CSF1R;KIT;PDGFRA;DYRK1B;TAOK1;CAMK1G;AAK1;HIPK1;DYRK3;DYRK2
67,CHEMBL:CHEMBL4482864,Tizaterkib,KLIFS,weighted_vote,common_prediction_mask,0.3069306930693069,MAPK1;NUAK1,208,0,0,0,TAOK1;CAMK1G;AAK1;CLK4;CDK16;GSK3B;MET;CDK2;IRAK1;PRKCD
68,CHEMBL:CHEMBL4583691,Naporafenib,KLIFS,one_nn,method_available,0.32967032967032966,BRAF;DDR1;DDR2;PDGFRB;RAF1,120,0,0,0,GSK3A;GSK3B;CSNK2A1;HIPK4;FYN;DAPK3;KIT;CDC7;NTRK3;ALK
68,CHEMBL:CHEMBL4583691,Naporafenib,KLIFS,one_nn,common_prediction_mask,0.32967032967032966,BRAF;DDR1;DDR2;PDGFRB;RAF1,120,0,0,0,GSK3A;GSK3B;CSNK2A1;HIPK4;FYN;DAPK3;KIT;CDC7;NTRK3;ALK
68,CHEMBL:CHEMBL4583691,Naporafenib,KLIFS,unweighted_knn,method_available,0.32967032967032966,BRAF;DDR1;DDR2;PDGFRB;RAF1,276,0,1,1,PDGFRA;ABL1;DDR1;BCR;FGFR2;CSF1R;ABL2;FGFR3;FLT1;FGFR4
68,CHEMBL:CHEMBL4583691,Naporafenib,KLIFS,unweighted_knn,common_prediction_mask,0.32967032967032966,BRAF;DDR1;DDR2;PDGFRB;RAF1,120,0,0,0,CSF1R;KIT;LCK;LYN;KDR;CSNK2A1;HIPK4;EPHA2;FYN;FRK
68,CHEMBL:CHEMBL4583691,Naporafenib,KLIFS,weighted_knn,method_available,0.32967032967032966,BRAF;DDR1;DDR2;PDGFRB;RAF1,276,0,1,1,PDGFRA;ABL1;DDR1;BCR;FGFR2;ABL2;CSF1R;FGFR3;FLT1;FGFR4
68,CHEMBL:CHEMBL4583691,Naporafenib,KLIFS,weighted_knn,common_prediction_mask,0.32967032967032966,BRAF;DDR1;DDR2;PDGFRB;RAF1,120,0,0,0,CSF1R;KIT;LCK;CSNK2A1;LYN;KDR;HIPK4;EPHA2;FYN;FRK
68,CHEMBL:CHEMBL4583691,Naporafenib,KLIFS,weighted_vote,method_available,0.32967032967032966,BRAF;DDR1;DDR2;PDGFRB;RAF1,276,0,0,1,PDGFRA;ABL1;BCR;DDR2;DDR1;ABL2;CSF1R;KIT;LCK;HIPK4
68,CHEMBL:CHEMBL4583691,Naporafenib,KLIFS,weighted_vote,common_prediction_mask,0.32967032967032966,BRAF;DDR1;DDR2;PDGFRB;RAF1,120,0,0,0,KIT;CSF1R;LCK;CSNK2A1;HIPK4;FYN;LYN;MAPKAPK2;FRK;NAN
69,CHEMBL:CHEMBL4783351,Emavusertib,KLIFS,one_nn,method_available,0.29591836734693877,IRAK4,218,0,0,0,AAK1;BMP2K;NLK;GAK;MYLK3;ADCK1;SIK3;ULK3;SIK2;IKBKE
69,CHEMBL:CHEMBL4783351,Emavusertib,KLIFS,one_nn,common_prediction_mask,0.29591836734693877,IRAK4,215,0,0,0,AAK1;BMP2K;NLK;GAK;MYLK3;ADCK1;SIK3;ULK3;SIK2;IKBKE
69,CHEMBL:CHEMBL4783351,Emavusertib,KLIFS,unweighted_knn,method_available,0.29591836734693877,IRAK4,260,0,0,0,CSNK2A1;AAK1;ROS1;HIPK4;DAPK3;PLK4;ERBB4;ERBB2;ITK;BMP2K
69,CHEMBL:CHEMBL4783351,Emavusertib,KLIFS,unweighted_knn,common_prediction_mask,0.29591836734693877,IRAK4,215,0,0,0,AAK1;PLK4;BMP2K;MAPK8;ALK;NEK3;GAK;ADCK1;ULK3;IKBKE
69,CHEMBL:CHEMBL4783351,Emavusertib,KLIFS,weighted_knn,method_available,0.29591836734693877,IRAK4,260,0,0,0,CSNK2A1;AAK1;ROS1;HIPK4;DAPK3;BMP2K;PLK4;ERBB4;ERBB2;ITK
69,CHEMBL:CHEMBL4783351,Emavusertib,KLIFS,weighted_knn,common_prediction_mask,0.29591836734693877,IRAK4,215,0,0,0,AAK1;BMP2K;PLK4;MAPK8;GAK;NEK3;ADCK1;ALK;ULK3;IKBKE
69,CHEMBL:CHEMBL4783351,Emavusertib,KLIFS,weighted_vote,method_available,0.29591836734693877,IRAK4,260,0,0,0,HIPK4;CSNK2A1;SIK2;PLK4;ADCK1;AAK1;ULK3;BMP2K;GAK;SIK3
69,CHEMBL:CHEMBL4783351,Emavusertib,KLIFS,weighted_vote,common_prediction_mask,0.29591836734693877,IRAK4,215,0,0,0,PLK4;SIK2;NEK3;GAK;ADCK1;ULK3;AAK1;SIK3;BMP2K;MAPK8
70,CHEMBL:CHEMBL4871106,-,KLIFS,one_nn,method_available,0.26373626373626374,AKT1,221,0,0,0,EGFR;ERBB2;FLT1;KDR;BCR;YES1;LIMK1;TNK2;ABL1;MAP3K4
70,CHEMBL:CHEMBL4871106,-,KLIFS,one_nn,common_prediction_mask,0.26373626373626374,AKT1,219,0,0,0,EGFR;ERBB2;KDR;BCR;YES1;LIMK1;TNK2;ABL1;MAP3K4;MAP4K2
70,CHEMBL:CHEMBL4871106,-,KLIFS,unweighted_knn,method_available,0.26373626373626374,AKT1,265,0,0,0,EGFR;ERBB2;CSNK2A1;EPHA1;GAK;ERBB4;NTRK3;DAPK3;HIPK4;BLK
70,CHEMBL:CHEMBL4871106,-,KLIFS,unweighted_knn,common_prediction_mask,0.26373626373626374,AKT1,219,0,0,0,EGFR;ERBB2;EPHA1;GAK;KDR;RET;RIPK2;ALK;GSK3A;GSK3B
70,CHEMBL:CHEMBL4871106,-,KLIFS,weighted_knn,method_available,0.26373626373626374,AKT1,265,0,0,0,EGFR;ERBB2;CSNK2A1;EPHA1;GAK;ERBB4;NTRK3;DAPK3;HIPK4;BLK
70,CHEMBL:CHEMBL4871106,-,KLIFS,weighted_knn,common_prediction_mask,0.26373626373626374,AKT1,219,0,0,0,EGFR;ERBB2;EPHA1;GAK;KDR;RET;RIPK2;ALK;GSK3A;GSK3B
70,CHEMBL:CHEMBL4871106,-,KLIFS,weighted_vote,method_available,0.26373626373626374,AKT1,265,0,0,0,GAK;RIPK2;EGFR;ERBB2;PIM3;EPHA1;CSNK2A1;HIPK4;YES1;BCR
70,CHEMBL:CHEMBL4871106,-,KLIFS,weighted_vote,common_prediction_mask,0.26373626373626374,AKT1,219,0,0,0,GAK;RIPK2;ERBB2;EGFR;EPHA1;YES1;BCR;KDR;EPHA5;EPHB4
71,CHEMBL:CHEMBL49120,-,KLIFS,one_nn,method_available,0.5942028985507246,ABL1;ACVR1;BTK;CHEK1;CSF1R;EGFR;FGFR1;FLT1;FLT3;FYN;JAK2;JAK3;KDR;LCK;LRRK2;LTK;MAP2K1;MAP2K2;MAP4K2;MAP4K4;MAP4K5;MAPK14;MAPK8;MAPK9;MET;MINK1;MST1R;PAK4;PDGFRA;PDGFRB;PKMYT1;PRKAA1;PRKACA;PRKD3;PTK2;RET;RIPK2;RPS6KA3;SRC;STK17A;STK3;SYK;TAOK1;TNK2;TYRO3;WEE1;WEE2,364,1,1,1,CSF1R;ABL2;ABL1;BLK;EPHB6;LYN;YES1;LCK;DDR1;FGR
71,CHEMBL:CHEMBL49120,-,KLIFS,one_nn,common_prediction_mask,0.5942028985507246,ABL1;ACVR1;BTK;CHEK1;CSF1R;EGFR;FGFR1;FLT1;FLT3;FYN;JAK2;JAK3;KDR;LCK;LRRK2;LTK;MAP2K1;MAP2K2;MAP4K2;MAP4K4;MAP4K5;MAPK14;MAPK8;MAPK9;MET;MINK1;MST1R;PAK4;PDGFRA;PDGFRB;PKMYT1;PRKAA1;PRKACA;PRKD3;PTK2;RET;RIPK2;RPS6KA3;SRC;STK17A;STK3;SYK;TAOK1;TNK2;TYRO3;WEE1;WEE2,364,1,1,1,CSF1R;ABL2;ABL1;BLK;EPHB6;LYN;YES1;LCK;DDR1;FGR
71,CHEMBL:CHEMBL49120,-,KLIFS,unweighted_knn,method_available,0.5942028985507246,ABL1;ACVR1;BTK;CHEK1;CSF1R;EGFR;FGFR1;FLT1;FLT3;FYN;JAK2;JAK3;KDR;LCK;LRRK2;LTK;MAP2K1;MAP2K2;MAP4K2;MAP4K4;MAP4K5;MAPK14;MAPK8;MAPK9;MET;MINK1;MST1R;PAK4;PDGFRA;PDGFRB;PKMYT1;PRKAA1;PRKACA;PRKD3;PTK2;RET;RIPK2;RPS6KA3;SRC;STK17A;STK3;SYK;TAOK1;TNK2;TYRO3;WEE1;WEE2,388,0,0,1,GAK;BCR;EIF2AK4;EPHB6;MAP3K19;ABL2;LCK;ADCK4;YES1;ABL1
71,CHEMBL:CHEMBL49120,-,KLIFS,unweighted_knn,common_prediction_mask,0.5942028985507246,ABL1;ACVR1;BTK;CHEK1;CSF1R;EGFR;FGFR1;FLT1;FLT3;FYN;JAK2;JAK3;KDR;LCK;LRRK2;LTK;MAP2K1;MAP2K2;MAP4K2;MAP4K4;MAP4K5;MAPK14;MAPK8;MAPK9;MET;MINK1;MST1R;PAK4;PDGFRA;PDGFRB;PKMYT1;PRKAA1;PRKACA;PRKD3;PTK2;RET;RIPK2;RPS6KA3;SRC;STK17A;STK3;SYK;TAOK1;TNK2;TYRO3;WEE1;WEE2,364,0,0,1,GAK;EIF2AK4;EPHB6;MAP3K19;ABL2;LCK;ADCK4;YES1;ABL1;SIK1
71,CHEMBL:CHEMBL49120,-,KLIFS,weighted_knn,method_available,0.5942028985507246,ABL1;ACVR1;BTK;CHEK1;CSF1R;EGFR;FGFR1;FLT1;FLT3;FYN;JAK2;JAK3;KDR;LCK;LRRK2;LTK;MAP2K1;MAP2K2;MAP4K2;MAP4K4;MAP4K5;MAPK14;MAPK8;MAPK9;MET;MINK1;MST1R;PAK4;PDGFRA;PDGFRB;PKMYT1;PRKAA1;PRKACA;PRKD3;PTK2;RET;RIPK2;RPS6KA3;SRC;STK17A;STK3;SYK;TAOK1;TNK2;TYRO3;WEE1;WEE2,388,0,0,1,GAK;EPHB6;EIF2AK4;ABL2;CSF1R;LCK;BCR;YES1;ABL1;ADCK4
71,CHEMBL:CHEMBL49120,-,KLIFS,weighted_knn,common_prediction_mask,0.5942028985507246,ABL1;ACVR1;BTK;CHEK1;CSF1R;EGFR;FGFR1;FLT1;FLT3;FYN;JAK2;JAK3;KDR;LCK;LRRK2;LTK;MAP2K1;MAP2K2;MAP4K2;MAP4K4;MAP4K5;MAPK14;MAPK8;MAPK9;MET;MINK1;MST1R;PAK4;PDGFRA;PDGFRB;PKMYT1;PRKAA1;PRKACA;PRKD3;PTK2;RET;RIPK2;RPS6KA3;SRC;STK17A;STK3;SYK;TAOK1;TNK2;TYRO3;WEE1;WEE2,364,0,0,1,GAK;EPHB6;EIF2AK4;ABL2;CSF1R;LCK;YES1;ABL1;ADCK4;SIK1
71,CHEMBL:CHEMBL49120,-,KLIFS,weighted_vote,method_available,0.5942028985507246,ABL1;ACVR1;BTK;CHEK1;CSF1R;EGFR;FGFR1;FLT1;FLT3;FYN;JAK2;JAK3;KDR;LCK;LRRK2;LTK;MAP2K1;MAP2K2;MAP4K2;MAP4K4;MAP4K5;MAPK14;MAPK8;MAPK9;MET;MINK1;MST1R;PAK4;PDGFRA;PDGFRB;PKMYT1;PRKAA1;PRKACA;PRKD3;PTK2;RET;RIPK2;RPS6KA3;SRC;STK17A;STK3;SYK;TAOK1;TNK2;TYRO3;WEE1;WEE2,388,0,0,1,EIF2AK4;STK36;ADCK4;MAP3K19;GAK;PDGFRB;EPHB6;CSF1R;NEK5;FGFR3
71,CHEMBL:CHEMBL49120,-,KLIFS,weighted_vote,common_prediction_mask,0.5942028985507246,ABL1;ACVR1;BTK;CHEK1;CSF1R;EGFR;FGFR1;FLT1;FLT3;FYN;JAK2;JAK3;KDR;LCK;LRRK2;LTK;MAP2K1;MAP2K2;MAP4K2;MAP4K4;MAP4K5;MAPK14;MAPK8;MAPK9;MET;MINK1;MST1R;PAK4;PDGFRA;PDGFRB;PKMYT1;PRKAA1;PRKACA;PRKD3;PTK2;RET;RIPK2;RPS6KA3;SRC;STK17A;STK3;SYK;TAOK1;TNK2;TYRO3;WEE1;WEE2,364,0,0,1,EIF2AK4;STK36;ADCK4;MAP3K19;GAK;PDGFRB;EPHB6;KIT;BLK;NEK5
72,CHEMBL:CHEMBL5083772,-,KLIFS,one_nn,method_available,0.3235294117647059,AURKA;BMX;BTK;CDKL2;MAP2K2;SRC;TEC;TIE1,218,0,0,0,AAK1;BMP2K;NLK;GAK;MYLK3;ADCK1;SIK3;ULK3;SIK2;IKBKE
72,CHEMBL:CHEMBL5083772,-,KLIFS,one_nn,common_prediction_mask,0.3235294117647059,AURKA;BMX;BTK;CDKL2;MAP2K2;SRC;TEC;TIE1,218,0,0,0,AAK1;BMP2K;NLK;GAK;MYLK3;ADCK1;SIK3;ULK3;SIK2;IKBKE
72,CHEMBL:CHEMBL5083772,-,KLIFS,unweighted_knn,method_available,0.3235294117647059,AURKA;BMX;BTK;CDKL2;MAP2K2;SRC;TEC;TIE1,390,0,0,0,PDGFRA;KIT;CSF1R;EPHA8;DDR1;ABL1;ABL2;BCR;DDR2;AAK1
72,CHEMBL:CHEMBL5083772,-,KLIFS,unweighted_knn,common_prediction_mask,0.3235294117647059,AURKA;BMX;BTK;CDKL2;MAP2K2;SRC;TEC;TIE1,218,0,0,0,DDR1;ABL1;ABL2;BCR;DDR2;AAK1;PDGFRB;NAN;LCK;GAK
72,CHEMBL:CHEMBL5083772,-,KLIFS,weighted_knn,method_available,0.3235294117647059,AURKA;BMX;BTK;CDKL2;MAP2K2;SRC;TEC;TIE1,390,0,0,0,PDGFRA;KIT;CSF1R;EPHA8;DDR1;ABL1;AAK1;ABL2;BCR;DDR2
72,CHEMBL:CHEMBL5083772,-,KLIFS,weighted_knn,common_prediction_mask,0.3235294117647059,AURKA;BMX;BTK;CDKL2;MAP2K2;SRC;TEC;TIE1,218,0,0,0,DDR1;ABL1;AAK1;ABL2;BCR;DDR2;PDGFRB;GAK;NAN;BMP2K
72,CHEMBL:CHEMBL5083772,-,KLIFS,weighted_vote,method_available,0.3235294117647059,AURKA;BMX;BTK;CDKL2;MAP2K2;SRC;TEC;TIE1,390,0,0,0,KIT;PDGFRA;CSF1R;MAPK8;DDR2;ABL1;DDR1;BCR;ABL2;LCK
72,CHEMBL:CHEMBL5083772,-,KLIFS,weighted_vote,common_prediction_mask,0.3235294117647059,AURKA;BMX;BTK;CDKL2;MAP2K2;SRC;TEC;TIE1,218,0,0,0,MAPK8;LCK;BCR;ABL1;ABL2;DDR1;DDR2;GAK;NEK3;TBK1
73,CHEMBL:CHEMBL558642,-,KLIFS,one_nn,method_available,0.5084745762711864,AURKA;CAMKK1;CAMKK2;SGK1,132,0,0,0,CLK4;NTRK3;DYRK1A;FLT3;SLK;AXL;CLK2;ABL1;CAMK2G;CDK1
73,CHEMBL:CHEMBL558642,-,KLIFS,one_nn,common_prediction_mask,0.5084745762711864,AURKA;CAMKK1;CAMKK2;SGK1,132,0,0,0,CLK4;NTRK3;DYRK1A;FLT3;SLK;AXL;CLK2;ABL1;CAMK2G;CDK1
73,CHEMBL:CHEMBL558642,-,KLIFS,unweighted_knn,method_available,0.5084745762711864,AURKA;CAMKK1;CAMKK2;SGK1,136,0,0,0,NTRK3;MAP4K4;ABL1;FLT3;CLK4;FYN;FRK;FLT1;LYN;AXL
73,CHEMBL:CHEMBL558642,-,KLIFS,unweighted_knn,common_prediction_mask,0.5084745762711864,AURKA;CAMKK1;CAMKK2;SGK1,132,0,0,0,NTRK3;ABL1;FLT3;CLK4;FYN;FRK;FLT1;LYN;AXL;CAMK2G
73,CHEMBL:CHEMBL558642,-,KLIFS,weighted_knn,method_available,0.5084745762711864,AURKA;CAMKK1;CAMKK2;SGK1,136,0,0,0,NTRK3;MAP4K4;ABL1;FLT3;CLK4;FYN;FRK;FLT1;AXL;LYN
73,CHEMBL:CHEMBL558642,-,KLIFS,weighted_knn,common_prediction_mask,0.5084745762711864,AURKA;CAMKK1;CAMKK2;SGK1,132,0,0,0,NTRK3;ABL1;FLT3;CLK4;FYN;FRK;FLT1;AXL;LYN;CAMK2G
73,CHEMBL:CHEMBL558642,-,KLIFS,weighted_vote,method_available,0.5084745762711864,AURKA;CAMKK1;CAMKK2;SGK1,136,0,0,0,MAP4K4;ABL1;FYN;FLT1;FLT3;CLK4;NTRK3;CAMK2G;AXL;STK3
73,CHEMBL:CHEMBL558642,-,KLIFS,weighted_vote,common_prediction_mask,0.5084745762711864,AURKA;CAMKK1;CAMKK2;SGK1,132,0,0,0,FYN;ABL1;FLT3;FLT1;NTRK3;CLK4;CAMK2G;AXL;STK3;DYRK1A
74,CHEMBL:CHEMBL586702,-,KLIFS,one_nn,method_available,0.2857142857142857,MTOR,202,1,1,1,MTOR;PRKDC;BMPR1B;CDC7;CHEK1;AURKA;PLK4;CIT;BUB1;JAK2
74,CHEMBL:CHEMBL586702,-,KLIFS,one_nn,common_prediction_mask,0.2857142857142857,MTOR,202,1,1,1,MTOR;PRKDC;BMPR1B;CDC7;CHEK1;AURKA;PLK4;CIT;BUB1;JAK2
74,CHEMBL:CHEMBL586702,-,KLIFS,unweighted_knn,method_available,0.2857142857142857,MTOR,228,1,1,1,MTOR;PRKDC;GSK3A;GSK3B;JAK2;CDC7;FYN;CLK4;MINK1;RET
74,CHEMBL:CHEMBL586702,-,KLIFS,unweighted_knn,common_prediction_mask,0.2857142857142857,MTOR,202,1,1,1,MTOR;PRKDC;GSK3B;GSK3A;JAK2;CDC7;FYN;RET;LYN;FER
74,CHEMBL:CHEMBL586702,-,KLIFS,weighted_knn,method_available,0.2857142857142857,MTOR,228,1,1,1,MTOR;PRKDC;GSK3A;GSK3B;JAK2;CDC7;FYN;CLK4;MINK1;NTRK1
74,CHEMBL:CHEMBL586702,-,KLIFS,weighted_knn,common_prediction_mask,0.2857142857142857,MTOR,202,1,1,1,MTOR;PRKDC;GSK3B;GSK3A;JAK2;CDC7;FYN;RET;LYN;FER
74,CHEMBL:CHEMBL586702,-,KLIFS,weighted_vote,method_available,0.2857142857142857,MTOR,228,1,1,1,MTOR;PRKDC;FYN;GSK3B;GSK3A;BMPR1B;PLK4;CDC7;RIPK2;BUB1
74,CHEMBL:CHEMBL586702,-,KLIFS,weighted_vote,common_prediction_mask,0.2857142857142857,MTOR,202,1,1,1,MTOR;PRKDC;FYN;GSK3A;GSK3B;BMPR1B;PLK4;CDC7;BUB1;JAK2
75,INCHIKEY:ARBRHWRTXPWZGN-UHFFFAOYSA-N,-,KLIFS,one_nn,method_available,0.24324324324324326,PKMYT1,139,0,0,0,ROCK2;CLK4;ROCK1;PKN2;PRKCD;FLT1;IRAK1;RPS6KA5;ABL1;DYRK3
75,INCHIKEY:ARBRHWRTXPWZGN-UHFFFAOYSA-N,-,KLIFS,one_nn,common_prediction_mask,0.24324324324324326,PKMYT1,139,0,0,0,ROCK2;CLK4;ROCK1;PKN2;PRKCD;FLT1;IRAK1;RPS6KA5;ABL1;DYRK3
75,INCHIKEY:ARBRHWRTXPWZGN-UHFFFAOYSA-N,-,KLIFS,unweighted_knn,method_available,0.24324324324324326,PKMYT1,139,0,0,0,DYRK3;PKN2;FLT1;ROCK2;CLK4;PRKX;DAPK3;JAK3;ROCK1;HIPK2
75,INCHIKEY:ARBRHWRTXPWZGN-UHFFFAOYSA-N,-,KLIFS,unweighted_knn,common_prediction_mask,0.24324324324324326,PKMYT1,139,0,0,0,DYRK3;PKN2;FLT1;ROCK2;CLK4;PRKX;DAPK3;JAK3;ROCK1;HIPK2
75,INCHIKEY:ARBRHWRTXPWZGN-UHFFFAOYSA-N,-,KLIFS,weighted_knn,method_available,0.24324324324324326,PKMYT1,139,0,0,0,DYRK3;PKN2;FLT1;CLK4;ROCK2;PRKX;DAPK3;JAK3;ROCK1;HIPK2
75,INCHIKEY:ARBRHWRTXPWZGN-UHFFFAOYSA-N,-,KLIFS,weighted_knn,common_prediction_mask,0.24324324324324326,PKMYT1,139,0,0,0,DYRK3;PKN2;FLT1;CLK4;ROCK2;PRKX;DAPK3;JAK3;ROCK1;HIPK2
75,INCHIKEY:ARBRHWRTXPWZGN-UHFFFAOYSA-N,-,KLIFS,weighted_vote,method_available,0.24324324324324326,PKMYT1,139,0,0,0,FLT1;FYN;ABL1;PKN2;DYRK3;CLK4;ROCK2;PRKCD;RPS6KA4;RPS6KA5
75,INCHIKEY:ARBRHWRTXPWZGN-UHFFFAOYSA-N,-,KLIFS,weighted_vote,common_prediction_mask,0.24324324324324326,PKMYT1,139,0,0,0,FLT1;FYN;ABL1;PKN2;DYRK3;CLK4;ROCK2;PRKCD;RPS6KA4;RPS6KA5
76,INCHIKEY:ATQAGKAMBISZQM-HNNXBMFYSA-N,-,KLIFS,one_nn,method_available,0.25274725274725274,RIPK1,125,0,0,0,CLK4;SLK;IRAK4;MAP4K2;MAP4K5;AURKB;MAP4K4;CLK2;ABL1;FYN
76,INCHIKEY:ATQAGKAMBISZQM-HNNXBMFYSA-N,-,KLIFS,one_nn,common_prediction_mask,0.25274725274725274,RIPK1,125,0,0,0,CLK4;SLK;IRAK4;MAP4K2;MAP4K5;AURKB;MAP4K4;CLK2;ABL1;FYN
76,INCHIKEY:ATQAGKAMBISZQM-HNNXBMFYSA-N,-,KLIFS,unweighted_knn,method_available,0.25274725274725274,RIPK1,137,0,0,0,CHEK2;NTRK3;FLT3;AURKB;CLK4;STK17A;ALK;DAPK3;FLT1;NTRK1
76,INCHIKEY:ATQAGKAMBISZQM-HNNXBMFYSA-N,-,KLIFS,unweighted_knn,common_prediction_mask,0.25274725274725274,RIPK1,125,0,0,0,CHEK2;NTRK3;FLT3;AURKB;CLK4;STK17A;ALK;DAPK3;NTRK1;RET
76,INCHIKEY:ATQAGKAMBISZQM-HNNXBMFYSA-N,-,KLIFS,weighted_knn,method_available,0.25274725274725274,RIPK1,137,0,0,0,CHEK2;NTRK3;FLT3;AURKB;CLK4;STK17A;ALK;FLT1;DAPK3;NTRK1
76,INCHIKEY:ATQAGKAMBISZQM-HNNXBMFYSA-N,-,KLIFS,weighted_knn,common_prediction_mask,0.25274725274725274,RIPK1,125,0,0,0,CHEK2;NTRK3;FLT3;AURKB;CLK4;STK17A;ALK;DAPK3;NTRK1;RET
76,INCHIKEY:ATQAGKAMBISZQM-HNNXBMFYSA-N,-,KLIFS,weighted_vote,method_available,0.25274725274725274,RIPK1,137,0,0,0,FLT1;AURKB;CLK4;FLT3;FLT4;BRSK1;CHEK2;KDR;FYN;ABL1
76,INCHIKEY:ATQAGKAMBISZQM-HNNXBMFYSA-N,-,KLIFS,weighted_vote,common_prediction_mask,0.25274725274725274,RIPK1,125,0,0,0,AURKB;CLK4;FLT3;CHEK2;BRSK1;KDR;FYN;ABL1;MELK;PRKD3
77,INCHIKEY:BMWMKGNVAMXXCH-UHFFFAOYSA-N,-,KLIFS,one_nn,method_available,0.336734693877551,AAK1;BTK;CDKL2;JAK2;MAP3K19,395,0,0,0,BCR;DDR1;ABL1;PDGFRB;PDGFRA;ABL2;DDR2;KIT;CSF1R;LCK
77,INCHIKEY:BMWMKGNVAMXXCH-UHFFFAOYSA-N,-,KLIFS,one_nn,common_prediction_mask,0.336734693877551,AAK1;BTK;CDKL2;JAK2;MAP3K19,387,0,0,0,BCR;DDR1;ABL1;PDGFRB;PDGFRA;ABL2;DDR2;KIT;CSF1R;LCK
77,INCHIKEY:BMWMKGNVAMXXCH-UHFFFAOYSA-N,-,KLIFS,unweighted_knn,method_available,0.336734693877551,AAK1;BTK;CDKL2;JAK2;MAP3K19,390,0,0,0,PDGFRA;KIT;CSF1R;EPHA8;DDR1;ABL1;ABL2;MAPKAPK3;BCR;DDR2
77,INCHIKEY:BMWMKGNVAMXXCH-UHFFFAOYSA-N,-,KLIFS,unweighted_knn,common_prediction_mask,0.336734693877551,AAK1;BTK;CDKL2;JAK2;MAP3K19,387,0,0,0,PDGFRA;KIT;CSF1R;EPHA8;DDR1;ABL1;ABL2;MAPKAPK3;BCR;DDR2
77,INCHIKEY:BMWMKGNVAMXXCH-UHFFFAOYSA-N,-,KLIFS,weighted_knn,method_available,0.336734693877551,AAK1;BTK;CDKL2;JAK2;MAP3K19,390,0,0,0,PDGFRA;KIT;CSF1R;DDR1;EPHA8;ABL1;ABL2;BCR;MAPKAPK3;DDR2
77,INCHIKEY:BMWMKGNVAMXXCH-UHFFFAOYSA-N,-,KLIFS,weighted_knn,common_prediction_mask,0.336734693877551,AAK1;BTK;CDKL2;JAK2;MAP3K19,387,0,0,0,PDGFRA;KIT;CSF1R;DDR1;EPHA8;ABL1;ABL2;BCR;MAPKAPK3;DDR2
77,INCHIKEY:BMWMKGNVAMXXCH-UHFFFAOYSA-N,-,KLIFS,weighted_vote,method_available,0.336734693877551,AAK1;BTK;CDKL2;JAK2;MAP3K19,390,0,0,0,PDGFRA;KIT;CSF1R;DDR2;LCK;DDR1;ABL1;ABL2;BCR;MAPKAPK3
77,INCHIKEY:BMWMKGNVAMXXCH-UHFFFAOYSA-N,-,KLIFS,weighted_vote,common_prediction_mask,0.336734693877551,AAK1;BTK;CDKL2;JAK2;MAP3K19,387,0,0,0,PDGFRA;KIT;CSF1R;DDR2;LCK;DDR1;ABL1;ABL2;BCR;MAPKAPK3
78,INCHIKEY:BVRGQPJKSKKGIH-PUAOIOHZSA-N,-,KLIFS,one_nn,method_available,0.3142857142857143,MAPK1,149,0,0,0,MAPK14;MAPK10;NLK;MAPK9;MAPK11;MAPK8;RPS6KA4;DDR1;ADCK3;STK36
78,INCHIKEY:BVRGQPJKSKKGIH-PUAOIOHZSA-N,-,KLIFS,one_nn,common_prediction_mask,0.3142857142857143,MAPK1,146,0,0,0,MAPK14;MAPK10;NLK;MAPK9;MAPK11;MAPK8;RPS6KA4;DDR1;ADCK3;FLT1
78,INCHIKEY:BVRGQPJKSKKGIH-PUAOIOHZSA-N,-,KLIFS,unweighted_knn,method_available,0.3142857142857143,MAPK1,264,0,0,1,MAPK10;MAPK9;MAPK8;MAPK3;ROS1;MAPK1;MAPK14;DAPK3;ERBB2;FLT1
78,INCHIKEY:BVRGQPJKSKKGIH-PUAOIOHZSA-N,-,KLIFS,unweighted_knn,common_prediction_mask,0.3142857142857143,MAPK1,146,0,0,1,MAPK10;MAPK9;MAPK8;ROS1;MAPK1;MAPK14;DAPK3;ERBB2;FLT1;ITK
78,INCHIKEY:BVRGQPJKSKKGIH-PUAOIOHZSA-N,-,KLIFS,weighted_knn,method_available,0.3142857142857143,MAPK1,264,0,0,1,MAPK10;MAPK9;MAPK8;MAPK3;ROS1;MAPK1;MAPK14;DAPK3;FLT1;ERBB2
78,INCHIKEY:BVRGQPJKSKKGIH-PUAOIOHZSA-N,-,KLIFS,weighted_knn,common_prediction_mask,0.3142857142857143,MAPK1,146,0,0,1,MAPK10;MAPK9;MAPK8;ROS1;MAPK1;MAPK14;DAPK3;FLT1;ERBB2;ITK
78,INCHIKEY:BVRGQPJKSKKGIH-PUAOIOHZSA-N,-,KLIFS,weighted_vote,method_available,0.3142857142857143,MAPK1,264,0,0,0,MAPK8;MAPK9;MAPK10;GAK;FLT1;MARK4;MAPK3;ERBB2;ABL1;FYN
78,INCHIKEY:BVRGQPJKSKKGIH-PUAOIOHZSA-N,-,KLIFS,weighted_vote,common_prediction_mask,0.3142857142857143,MAPK1,146,0,0,1,MAPK8;MAPK9;MAPK10;GAK;FLT1;ERBB2;FYN;ABL1;PRKD3;MAPK1
79,INCHIKEY:HJFSVYUFOXAVAA-UHFFFAOYSA-N,-,KLIFS,one_nn,method_available,0.2882882882882883,FLT3,335,0,0,0,EGFR;GAK;MAP4K5;ERBB4;DMPK;BLK;MAP3K1;LCK;CSNK1E;TNIK
79,INCHIKEY:HJFSVYUFOXAVAA-UHFFFAOYSA-N,-,KLIFS,one_nn,common_prediction_mask,0.2882882882882883,FLT3,334,0,0,0,EGFR;GAK;MAP4K5;ERBB4;DMPK;BLK;MAP3K1;LCK;CSNK1E;TNIK
79,INCHIKEY:HJFSVYUFOXAVAA-UHFFFAOYSA-N,-,KLIFS,unweighted_knn,method_available,0.2882882882882883,FLT3,349,0,0,0,ERBB4;AXL;BLK;JAK2;EGFR;CHEK2;MAP4K5;JAK3;ERBB2;STK25
79,INCHIKEY:HJFSVYUFOXAVAA-UHFFFAOYSA-N,-,KLIFS,unweighted_knn,common_prediction_mask,0.2882882882882883,FLT3,334,0,0,0,ERBB4;AXL;BLK;JAK2;EGFR;MAP4K5;JAK3;ERBB2;STK25;PTK2
79,INCHIKEY:HJFSVYUFOXAVAA-UHFFFAOYSA-N,-,KLIFS,weighted_knn,method_available,0.2882882882882883,FLT3,349,0,0,0,ERBB4;BLK;AXL;EGFR;JAK2;MAP4K5;CHEK2;JAK3;ERBB2;STK25
79,INCHIKEY:HJFSVYUFOXAVAA-UHFFFAOYSA-N,-,KLIFS,weighted_knn,common_prediction_mask,0.2882882882882883,FLT3,334,0,0,0,ERBB4;BLK;AXL;EGFR;JAK2;MAP4K5;JAK3;ERBB2;STK25;GAK
79,INCHIKEY:HJFSVYUFOXAVAA-UHFFFAOYSA-N,-,KLIFS,weighted_vote,method_available,0.2882882882882883,FLT3,349,0,0,0,CHEK2;ERBB2;ERBB4;AXL;BLK;SLK;LCK;MAP4K4;LYN;JAK3
79,INCHIKEY:HJFSVYUFOXAVAA-UHFFFAOYSA-N,-,KLIFS,weighted_vote,common_prediction_mask,0.2882882882882883,FLT3,334,0,0,0,ERBB2;BLK;ERBB4;AXL;SLK;MAP4K4;LCK;LYN;JAK3;STK17A
80,INCHIKEY:JNPRPMBJODOFEC-UHFFFAOYSA-N,-,KLIFS,one_nn,method_available,0.35555555555555557,MAPK1;MAPK3,210,1,1,1,MAPK1;MAPK3;CAMK1G;TAOK1;MET;AAK1;GSK3B;GSK3A;BMP2K;PDGFRB
80,INCHIKEY:JNPRPMBJODOFEC-UHFFFAOYSA-N,-,KLIFS,one_nn,common_prediction_mask,0.35555555555555557,MAPK1;MAPK3,206,1,1,1,MAPK1;MAPK3;TAOK1;MET;AAK1;GSK3B;GSK3A;BMP2K;PDGFRB;CDK13
80,INCHIKEY:JNPRPMBJODOFEC-UHFFFAOYSA-N,-,KLIFS,unweighted_knn,method_available,0.35555555555555557,MAPK1;MAPK3,264,0,0,0,AAK1;STK17A;HIPK2;BMP2K;HIPK4;ROS1;FLT1;JAK2;BRSK1;KDR
80,INCHIKEY:JNPRPMBJODOFEC-UHFFFAOYSA-N,-,KLIFS,unweighted_knn,common_prediction_mask,0.35555555555555557,MAPK1;MAPK3,206,0,0,0,AAK1;BMP2K;PRKD3;PLK4;CDK17;GAK;MAPK8;ADCK1;NEK9;NEK3
80,INCHIKEY:JNPRPMBJODOFEC-UHFFFAOYSA-N,-,KLIFS,weighted_knn,method_available,0.35555555555555557,MAPK1;MAPK3,264,0,0,0,AAK1;STK17A;HIPK2;BMP2K;HIPK4;FLT1;ROS1;JAK2;BRSK1;KDR
80,INCHIKEY:JNPRPMBJODOFEC-UHFFFAOYSA-N,-,KLIFS,weighted_knn,common_prediction_mask,0.35555555555555557,MAPK1;MAPK3,206,0,0,0,AAK1;BMP2K;PLK4;CDK17;PRKD3;GAK;MAPK8;ACVR1;CSNK2A2;NEK9
80,INCHIKEY:JNPRPMBJODOFEC-UHFFFAOYSA-N,-,KLIFS,weighted_vote,method_available,0.35555555555555557,MAPK1;MAPK3,264,0,0,0,MKNK2;HIPK2;BRSK1;SGK2;CSF1R;ROS1;MINK1;HIPK4;AAK1;NTRK3
80,INCHIKEY:JNPRPMBJODOFEC-UHFFFAOYSA-N,-,KLIFS,weighted_vote,common_prediction_mask,0.35555555555555557,MAPK1;MAPK3,206,0,0,0,AAK1;PLK4;MAPK8;NEK3;ADCK1;ULK3;IKBKE;GAK;BMP2K;TBK1
81,INCHIKEY:JSFCZQSJQXFJDS-QAPCUYQASA-N,Nemtabrutinib,KLIFS,one_nn,method_available,0.3037974683544304,BTK,138,0,0,0,CLK4;SLK;MAP4K4;STK3;CAMK2D;NTRK3;DYRK1A;CLK2;IRAK4;CAMK2G
81,INCHIKEY:JSFCZQSJQXFJDS-QAPCUYQASA-N,Nemtabrutinib,KLIFS,one_nn,common_prediction_mask,0.3037974683544304,BTK,138,0,0,0,CLK4;SLK;MAP4K4;STK3;CAMK2D;NTRK3;DYRK1A;CLK2;IRAK4;CAMK2G
81,INCHIKEY:JSFCZQSJQXFJDS-QAPCUYQASA-N,Nemtabrutinib,KLIFS,unweighted_knn,method_available,0.3037974683544304,BTK,262,0,0,0,RIPK2;FGFR2;NTRK3;BLK;RIPK3;AXL;FLT1;JAK3;ROS1;TEC
81,INCHIKEY:JSFCZQSJQXFJDS-QAPCUYQASA-N,Nemtabrutinib,KLIFS,unweighted_knn,common_prediction_mask,0.3037974683544304,BTK,138,0,0,0,NTRK3;BLK;AXL;FLT1;JAK3;ROS1;PTK6;RET;ERBB2;SLK
81,INCHIKEY:JSFCZQSJQXFJDS-QAPCUYQASA-N,Nemtabrutinib,KLIFS,weighted_knn,method_available,0.3037974683544304,BTK,262,0,0,0,RIPK2;FGFR2;NTRK3;BLK;RIPK3;AXL;FLT1;JAK3;ROS1;SLK
81,INCHIKEY:JSFCZQSJQXFJDS-QAPCUYQASA-N,Nemtabrutinib,KLIFS,weighted_knn,common_prediction_mask,0.3037974683544304,BTK,138,0,0,0,NTRK3;BLK;AXL;FLT1;JAK3;ROS1;SLK;RET;PTK6;ERBB2
81,INCHIKEY:JSFCZQSJQXFJDS-QAPCUYQASA-N,Nemtabrutinib,KLIFS,weighted_vote,method_available,0.3037974683544304,BTK,262,0,0,0,TSSK1B;NTRK3;FLT1;ROS1;FGFR2;STK17A;JAK3;AXL;RIPK3;RIPK2
81,INCHIKEY:JSFCZQSJQXFJDS-QAPCUYQASA-N,Nemtabrutinib,KLIFS,weighted_vote,common_prediction_mask,0.3037974683544304,BTK,138,0,0,0,FLT1;AXL;ROS1;JAK3;NTRK3;TSSK1B;STK17A;MAP4K2;ABL1;FYN
82,INCHIKEY:MJLYDVMFNHZMLV-UHFFFAOYSA-M,-,KLIFS,one_nn,method_available,0.37037037037037035,RIPK2,396,0,0,0,EGFR;MAP3K19;SLK;GAK;STK10;MAP2K5;ERBB3;BUB1;ABL2;LYN
82,INCHIKEY:MJLYDVMFNHZMLV-UHFFFAOYSA-M,-,KLIFS,one_nn,common_prediction_mask,0.37037037037037035,RIPK2,388,0,0,0,EGFR;MAP3K19;SLK;GAK;STK10;MAP2K5;ERBB3;BUB1;ABL2;LYN
82,INCHIKEY:MJLYDVMFNHZMLV-UHFFFAOYSA-M,-,KLIFS,unweighted_knn,method_available,0.37037037037037035,RIPK2,390,0,0,0,EGFR;ERBB2;ERBB4;MAP3K19;BLK;ERBB3;GAK;MKNK1;EPHA6;MAP2K7
82,INCHIKEY:MJLYDVMFNHZMLV-UHFFFAOYSA-M,-,KLIFS,unweighted_knn,common_prediction_mask,0.37037037037037035,RIPK2,388,0,0,0,EGFR;ERBB2;ERBB4;MAP3K19;BLK;ERBB3;GAK;MKNK1;EPHA6;MAP2K7
82,INCHIKEY:MJLYDVMFNHZMLV-UHFFFAOYSA-M,-,KLIFS,weighted_knn,method_available,0.37037037037037035,RIPK2,390,0,0,1,EGFR;ERBB2;ERBB4;MAP3K19;ERBB3;BLK;GAK;MKNK1;EPHA6;RIPK2
82,INCHIKEY:MJLYDVMFNHZMLV-UHFFFAOYSA-M,-,KLIFS,weighted_knn,common_prediction_mask,0.37037037037037035,RIPK2,388,0,0,1,EGFR;ERBB2;ERBB4;MAP3K19;ERBB3;BLK;GAK;MKNK1;EPHA6;RIPK2
82,INCHIKEY:MJLYDVMFNHZMLV-UHFFFAOYSA-M,-,KLIFS,weighted_vote,method_available,0.37037037037037035,RIPK2,390,0,0,1,EPHA6;MKNK1;MAP3K19;ERBB2;ERBB3;BLK;EGFR;GAK;ERBB4;RIPK2
82,INCHIKEY:MJLYDVMFNHZMLV-UHFFFAOYSA-M,-,KLIFS,weighted_vote,common_prediction_mask,0.37037037037037035,RIPK2,388,0,0,1,MKNK1;EPHA6;MAP3K19;ERBB2;ERBB3;BLK;EGFR;GAK;ERBB4;RIPK2
83,INCHIKEY:MKCYPWYURWOKST-INIZCTEOSA-N,Zipalertinib,KLIFS,one_nn,method_available,0.30526315789473685,EGFR,227,0,0,1,BLK;BMX;TXK;BTK;ERBB4;FGR;ERBB2;TEC;EGFR;PTK6
83,INCHIKEY:MKCYPWYURWOKST-INIZCTEOSA-N,Zipalertinib,KLIFS,one_nn,common_prediction_mask,0.30526315789473685,EGFR,215,0,0,1,BLK;BTK;ERBB4;ERBB2;TEC;EGFR;PTK6;HCK;YES1;JAK3
83,INCHIKEY:MKCYPWYURWOKST-INIZCTEOSA-N,Zipalertinib,KLIFS,unweighted_knn,method_available,0.30526315789473685,EGFR,259,0,0,0,TEC;YES1;HCK;CSK;BLK;RIPK2;BTK;LYN;PTK6;LCK
83,INCHIKEY:MKCYPWYURWOKST-INIZCTEOSA-N,Zipalertinib,KLIFS,unweighted_knn,common_prediction_mask,0.30526315789473685,EGFR,215,0,0,0,TEC;YES1;HCK;CSK;BLK;RIPK2;BTK;LYN;PTK6;LCK
83,INCHIKEY:MKCYPWYURWOKST-INIZCTEOSA-N,Zipalertinib,KLIFS,weighted_knn,method_available,0.30526315789473685,EGFR,259,0,0,0,TEC;YES1;HCK;CSK;BLK;RIPK2;BTK;LYN;PTK6;LCK
83,INCHIKEY:MKCYPWYURWOKST-INIZCTEOSA-N,Zipalertinib,KLIFS,weighted_knn,common_prediction_mask,0.30526315789473685,EGFR,215,0,0,0,TEC;YES1;HCK;CSK;BLK;RIPK2;BTK;LYN;PTK6;LCK
83,INCHIKEY:MKCYPWYURWOKST-INIZCTEOSA-N,Zipalertinib,KLIFS,weighted_vote,method_available,0.30526315789473685,EGFR,259,0,0,0,FYN;HCK;YES1;RIPK2;BLK;CSK;TEC;FLT1;LYN;ABL1
83,INCHIKEY:MKCYPWYURWOKST-INIZCTEOSA-N,Zipalertinib,KLIFS,weighted_vote,common_prediction_mask,0.30526315789473685,EGFR,215,0,0,0,RIPK2;FYN;HCK;YES1;CSK;BLK;TEC;LYN;FLT3;ABL1
84,INCHIKEY:TVGAHWWPABTBCX-UHFFFAOYSA-N,Vimseltinib,KLIFS,one_nn,method_available,0.26436781609195403,CSF1R;PDGFRA,384,0,0,0,MET;DYRK1A;DYRK1B;MAPK10;MAPK8;MAP3K19;MAPK13;ICK;AURKC;CAMK2A
84,INCHIKEY:TVGAHWWPABTBCX-UHFFFAOYSA-N,Vimseltinib,KLIFS,one_nn,common_prediction_mask,0.26436781609195403,CSF1R;PDGFRA,384,0,0,0,MET;DYRK1A;DYRK1B;MAPK10;MAPK8;MAP3K19;MAPK13;ICK;AURKC;CAMK2A
84,INCHIKEY:TVGAHWWPABTBCX-UHFFFAOYSA-N,Vimseltinib,KLIFS,unweighted_knn,method_available,0.26436781609195403,CSF1R;PDGFRA,388,0,0,1,MET;MAP3K19;FLT1;TIE1;KIT;CSF1R;RAF1;MAP3K7;HIPK4;EIF2AK2
84,INCHIKEY:TVGAHWWPABTBCX-UHFFFAOYSA-N,Vimseltinib,KLIFS,unweighted_knn,common_prediction_mask,0.26436781609195403,CSF1R;PDGFRA,384,0,0,1,MET;MAP3K19;FLT1;TIE1;KIT;CSF1R;RAF1;MAP3K7;HIPK4;EIF2AK2
84,INCHIKEY:TVGAHWWPABTBCX-UHFFFAOYSA-N,Vimseltinib,KLIFS,weighted_knn,method_available,0.26436781609195403,CSF1R;PDGFRA,388,0,0,1,MET;MAP3K19;FLT1;TIE1;KIT;CSF1R;RAF1;MAP3K7;HIPK4;EIF2AK2
84,INCHIKEY:TVGAHWWPABTBCX-UHFFFAOYSA-N,Vimseltinib,KLIFS,weighted_knn,common_prediction_mask,0.26436781609195403,CSF1R;PDGFRA,384,0,0,1,MET;MAP3K19;FLT1;TIE1;KIT;CSF1R;RAF1;MAP3K7;HIPK4;EIF2AK2
84,INCHIKEY:TVGAHWWPABTBCX-UHFFFAOYSA-N,Vimseltinib,KLIFS,weighted_vote,method_available,0.26436781609195403,CSF1R;PDGFRA,388,0,0,1,MET;MAP3K7;MAP3K19;HIPK4;TIE1;FLT1;EIF2AK2;KIT;CSF1R;RAF1
84,INCHIKEY:TVGAHWWPABTBCX-UHFFFAOYSA-N,Vimseltinib,KLIFS,weighted_vote,common_prediction_mask,0.26436781609195403,CSF1R;PDGFRA,384,0,0,1,MET;MAP3K7;HIPK4;MAP3K19;EIF2AK2;TIE1;RAF1;FLT1;KIT;CSF1R
85,INCHIKEY:UQTPDWDAYHAZNT-UHFFFAOYSA-N,Ilginatinib,KLIFS,one_nn,method_available,0.32051282051282054,JAK1;JAK2;JAK3;TYK2,191,0,0,0,MET;BMPR1B;CHEK1;CIT;GAK;EPHB6;RIPK2;AURKA;ULK1;ERN1
85,INCHIKEY:UQTPDWDAYHAZNT-UHFFFAOYSA-N,Ilginatinib,KLIFS,one_nn,common_prediction_mask,0.32051282051282054,JAK1;JAK2;JAK3;TYK2,189,0,0,0,MET;BMPR1B;CHEK1;CIT;GAK;EPHB6;RIPK2;AURKA;ULK1;ERN1
85,INCHIKEY:UQTPDWDAYHAZNT-UHFFFAOYSA-N,Ilginatinib,KLIFS,unweighted_knn,method_available,0.32051282051282054,JAK1;JAK2;JAK3;TYK2,250,0,0,0,MET;FLT1;BLK;CSF1R;ITK;KDR;FGFR3;ABL1;CHEK2;NTRK2
85,INCHIKEY:UQTPDWDAYHAZNT-UHFFFAOYSA-N,Ilginatinib,KLIFS,unweighted_knn,common_prediction_mask,0.32051282051282054,JAK1;JAK2;JAK3;TYK2,189,0,0,0,MET;ABL1;FLT3;LCK;AURKA;FYN;LYN;MAP4K5;CSNK1D;RET
85,INCHIKEY:UQTPDWDAYHAZNT-UHFFFAOYSA-N,Ilginatinib,KLIFS,weighted_knn,method_available,0.32051282051282054,JAK1;JAK2;JAK3;TYK2,250,0,0,0,MET;FLT1;BLK;CSF1R;ITK;KDR;FGFR3;CHEK2;NTRK2;ABL1
85,INCHIKEY:UQTPDWDAYHAZNT-UHFFFAOYSA-N,Ilginatinib,KLIFS,weighted_knn,common_prediction_mask,0.32051282051282054,JAK1;JAK2;JAK3;TYK2,189,0,0,0,MET;ABL1;FLT3;LCK;AURKA;FYN;LYN;CSNK1D;MAP4K5;RET
85,INCHIKEY:UQTPDWDAYHAZNT-UHFFFAOYSA-N,Ilginatinib,KLIFS,weighted_vote,method_available,0.32051282051282054,JAK1;JAK2;JAK3;TYK2,250,0,0,0,FLT1;MET;ABL1;FYN;EGFR;MAP4K4;CSNK1G2;MINK1;CSF1R;FGFR3
85,INCHIKEY:UQTPDWDAYHAZNT-UHFFFAOYSA-N,Ilginatinib,KLIFS,weighted_vote,common_prediction_mask,0.32051282051282054,JAK1;JAK2;JAK3;TYK2,189,0,0,0,MET;ABL1;FYN;EGFR;MAP4K4;CSNK1G2;MINK1;MST1R;ACVR1;CSNK1G3
86,INCHIKEY:ZPPUMAMZIMPJGP-UHFFFAOYSA-N,-,KLIFS,one_nn,method_available,0.2891566265060241,LRRK2;TTK,222,0,0,0,PTK2;CDKL5;JAK2;NTRK2;NTRK3;MAP3K9;JAK3;PTK2B;NTRK1;KDR
86,INCHIKEY:ZPPUMAMZIMPJGP-UHFFFAOYSA-N,-,KLIFS,one_nn,common_prediction_mask,0.2891566265060241,LRRK2;TTK,222,0,0,0,PTK2;CDKL5;JAK2;NTRK2;NTRK3;MAP3K9;JAK3;PTK2B;NTRK1;KDR
86,INCHIKEY:ZPPUMAMZIMPJGP-UHFFFAOYSA-N,-,KLIFS,unweighted_knn,method_available,0.2891566265060241,LRRK2;TTK,282,0,1,1,PTK2;JAK2;LRRK2;NTRK2;ITK;ROS1;NTRK3;PDGFRA;CSF1R;FGFR3
86,INCHIKEY:ZPPUMAMZIMPJGP-UHFFFAOYSA-N,-,KLIFS,unweighted_knn,common_prediction_mask,0.2891566265060241,LRRK2;TTK,222,0,0,0,PTK2;JAK2;NTRK2;NTRK3;KDR;JAK3;FLT1;PTK2B;MARK4;AURKA
86,INCHIKEY:ZPPUMAMZIMPJGP-UHFFFAOYSA-N,-,KLIFS,weighted_knn,method_available,0.2891566265060241,LRRK2;TTK,282,0,1,1,PTK2;LRRK2;JAK2;NTRK2;ITK;ROS1;NTRK3;PDGFRA;FGFR3;STK17A
86,INCHIKEY:ZPPUMAMZIMPJGP-UHFFFAOYSA-N,-,KLIFS,weighted_knn,common_prediction_mask,0.2891566265060241,LRRK2;TTK,222,0,0,0,PTK2;JAK2;NTRK2;NTRK3;KDR;JAK3;FLT1;MAP3K9;AURKA;PTK2B
86,INCHIKEY:ZPPUMAMZIMPJGP-UHFFFAOYSA-N,-,KLIFS,weighted_vote,method_available,0.2891566265060241,LRRK2;TTK,282,0,0,1,NTRK3;PTK2;KDR;NTRK2;JAK2;ALK;CHEK2;HIPK2;LRRK2;MATK
86,INCHIKEY:ZPPUMAMZIMPJGP-UHFFFAOYSA-N,-,KLIFS,weighted_vote,common_prediction_mask,0.2891566265060241,LRRK2;TTK,222,0,0,0,NTRK3;PTK2;KDR;JAK2;NTRK2;MAP3K11;FLT3;AURKA;PTK2B;MAP3K9
87,CHEMBL:CHEMBL5314397,Acumapimod,PKIDB,one_nn,method_available,0.30526315789473685,MAPK11;MAPK12;MAPK13;MAPK14,134,0,0,0,IRAK1;IRAK4;CSNK1D;AURKB;ITK;CLK4;PHKG2;MAP4K4;FLT1;CLK2
87,CHEMBL:CHEMBL5314397,Acumapimod,PKIDB,one_nn,common_prediction_mask,0.30526315789473685,MAPK11;MAPK12;MAPK13;MAPK14,134,0,0,0,IRAK1;IRAK4;CSNK1D;AURKB;ITK;CLK4;PHKG2;MAP4K4;FLT1;CLK2
87,CHEMBL:CHEMBL5314397,Acumapimod,PKIDB,unweighted_knn,method_available,0.30526315789473685,MAPK11;MAPK12;MAPK13;MAPK14,272,0,0,1,PLK3;PLK1;FGFR2;DAPK3;MAPKAPK2;ALK;FGFR3;FLT1;EPHB6;MAPK14
87,CHEMBL:CHEMBL5314397,Acumapimod,PKIDB,unweighted_knn,common_prediction_mask,0.30526315789473685,MAPK11;MAPK12;MAPK13;MAPK14,134,0,0,0,PLK3;PLK1;DAPK3;MAPKAPK2;ALK;FGFR3;FLT1;ITK;TSSK2;FGFR1
87,CHEMBL:CHEMBL5314397,Acumapimod,PKIDB,weighted_knn,method_available,0.30526315789473685,MAPK11;MAPK12;MAPK13;MAPK14,272,0,0,0,PLK3;FGFR2;PLK1;DAPK3;MAPKAPK2;ALK;FGFR3;FLT1;EPHB6;ITK
87,CHEMBL:CHEMBL5314397,Acumapimod,PKIDB,weighted_knn,common_prediction_mask,0.30526315789473685,MAPK11;MAPK12;MAPK13;MAPK14,134,0,0,0,PLK3;PLK1;DAPK3;MAPKAPK2;ALK;FGFR3;FLT1;ITK;TSSK2;NEK4
87,CHEMBL:CHEMBL5314397,Acumapimod,PKIDB,weighted_vote,method_available,0.30526315789473685,MAPK11;MAPK12;MAPK13;MAPK14,272,0,0,0,FLT1;PLK3;FGFR4;FGFR2;CLK1;CLK3;PLK1;FYN;ABL1;MAPKAPK2
87,CHEMBL:CHEMBL5314397,Acumapimod,PKIDB,weighted_vote,common_prediction_mask,0.30526315789473685,MAPK11;MAPK12;MAPK13;MAPK14,134,0,0,0,FLT1;PLK3;PLK1;FYN;ABL1;MAPKAPK2;CLK2;ITK;NEK4;CLK4
88,CHEMBL:CHEMBL1947204,Allitinib,PKIDB,one_nn,method_available,0.5465116279069767,EGFR;ERBB2,397,1,1,1,EGFR;ERBB2;ERBB4;MAP2K5;TSSK2;FYN;FLT1;BLK;SRC;PRKACA
88,CHEMBL:CHEMBL1947204,Allitinib,PKIDB,one_nn,common_prediction_mask,0.5465116279069767,EGFR;ERBB2,389,1,1,1,EGFR;ERBB2;ERBB4;MAP2K5;FLT1;FYN;BLK;SRC;RET;NTRK3
88,CHEMBL:CHEMBL1947204,Allitinib,PKIDB,unweighted_knn,method_available,0.5465116279069767,EGFR;ERBB2,390,1,1,1,EGFR;ERBB2;ERBB4;BLK;MAP2K7;ERBB3;LRRK2;MKNK1;EPHA6;RIPK2
88,CHEMBL:CHEMBL1947204,Allitinib,PKIDB,unweighted_knn,common_prediction_mask,0.5465116279069767,EGFR;ERBB2,389,1,1,1,EGFR;ERBB2;ERBB4;BLK;MAP2K7;ERBB3;LRRK2;MKNK1;EPHA6;RIPK2
88,CHEMBL:CHEMBL1947204,Allitinib,PKIDB,weighted_knn,method_available,0.5465116279069767,EGFR;ERBB2,390,1,1,1,EGFR;ERBB2;ERBB4;BLK;MAP2K7;ERBB3;LRRK2;MKNK1;EPHA6;RIPK2
88,CHEMBL:CHEMBL1947204,Allitinib,PKIDB,weighted_knn,common_prediction_mask,0.5465116279069767,EGFR;ERBB2,389,1,1,1,EGFR;ERBB2;ERBB4;BLK;MAP2K7;ERBB3;LRRK2;MKNK1;EPHA6;RIPK2
88,CHEMBL:CHEMBL1947204,Allitinib,PKIDB,weighted_vote,method_available,0.5465116279069767,EGFR;ERBB2,390,0,1,1,ERBB4;EGFR;ERBB2;RIPK2;MAP3K19;LRRK2;MKNK1;EPHA6;TXK;ERBB3
88,CHEMBL:CHEMBL1947204,Allitinib,PKIDB,weighted_vote,common_prediction_mask,0.5465116279069767,EGFR;ERBB2,389,0,1,1,ERBB4;EGFR;ERBB2;RIPK2;MAP3K19;LRRK2;MKNK1;EPHA6;TXK;ERBB3
89,CHEMBL:CHEMBL3545365,Altiratinib,PKIDB,one_nn,method_available,0.5625,KDR;MET;NTRK1;TEK,226,0,1,1,FLT3;DDR1;KDR;EPHA2;MST1R;DDR2;PTK6;EPHA7;RIPK2;EPHB4
89,CHEMBL:CHEMBL3545365,Altiratinib,PKIDB,one_nn,common_prediction_mask,0.5625,KDR;MET;NTRK1;TEK,226,0,1,1,FLT3;DDR1;KDR;EPHA2;MST1R;DDR2;PTK6;EPHA7;RIPK2;EPHB4
89,CHEMBL:CHEMBL3545365,Altiratinib,PKIDB,unweighted_knn,method_available,0.5625,KDR;MET;NTRK1;TEK,387,0,0,1,TIE1;EPHA3;EPHA6;EPHA8;DDR1;TEK;MAP3K19;AXL;KDR;EPHB1
89,CHEMBL:CHEMBL3545365,Altiratinib,PKIDB,unweighted_knn,common_prediction_mask,0.5625,KDR;MET;NTRK1;TEK,226,0,1,1,DDR1;KDR;MERTK;FLT3;RET;DDR2;MET;EPHA2;RIPK2;MST1R
89,CHEMBL:CHEMBL3545365,Altiratinib,PKIDB,weighted_knn,method_available,0.5625,KDR;MET;NTRK1;TEK,387,0,0,1,TIE1;EPHA3;EPHA6;EPHA8;DDR1;TEK;MAP3K19;AXL;KDR;EPHB1
89,CHEMBL:CHEMBL3545365,Altiratinib,PKIDB,weighted_knn,common_prediction_mask,0.5625,KDR;MET;NTRK1;TEK,226,0,1,1,DDR1;KDR;FLT3;RET;MERTK;DDR2;EPHA2;MST1R;MET;RIPK2
89,CHEMBL:CHEMBL3545365,Altiratinib,PKIDB,weighted_vote,method_available,0.5625,KDR;MET;NTRK1;TEK,387,0,0,0,MAP3K13;MAP3K7;RIPK2;EPHA6;SRMS;HIPK3;CDK14;STK36;CDK19;MKNK1
89,CHEMBL:CHEMBL3545365,Altiratinib,PKIDB,weighted_vote,common_prediction_mask,0.5625,KDR;MET;NTRK1;TEK,226,0,0,1,RIPK2;BCR;DDR1;ABL2;DDR2;EPHA2;RET;MET;KDR;NTRK1
90,CHEMBL:CHEMBL3707349,Amcasertib,PKIDB,one_nn,method_available,0.6538461538461539,PDGFRA,166,0,0,0,PDGFRB;FLT3;CSF1R;RET;KDR;PHKG2;AXL;MAP4K5;CDK7;MST1R
90,CHEMBL:CHEMBL3707349,Amcasertib,PKIDB,one_nn,common_prediction_mask,0.6538461538461539,PDGFRA,166,0,0,0,PDGFRB;FLT3;CSF1R;RET;KDR;PHKG2;AXL;MAP4K5;CDK7;MST1R
90,CHEMBL:CHEMBL3707349,Amcasertib,PKIDB,unweighted_knn,method_available,0.6538461538461539,PDGFRA,397,0,0,1,PDGFRB;FLT3;CSF1R;MAP3K19;PDGFRA;PHKG1;MYLK4;FLT1;ULK2;CHEK2
90,CHEMBL:CHEMBL3707349,Amcasertib,PKIDB,unweighted_knn,common_prediction_mask,0.6538461538461539,PDGFRA,166,0,0,1,PDGFRB;FLT3;CSF1R;PDGFRA;FLT1;CHEK2;STK17A;RET;AXL;KDR
90,CHEMBL:CHEMBL3707349,Amcasertib,PKIDB,weighted_knn,method_available,0.6538461538461539,PDGFRA,397,0,0,1,PDGFRB;FLT3;CSF1R;MAP3K19;PHKG1;MYLK4;PDGFRA;ULK2;BMP2K;CHEK2
90,CHEMBL:CHEMBL3707349,Amcasertib,PKIDB,weighted_knn,common_prediction_mask,0.6538461538461539,PDGFRA,166,0,0,1,PDGFRB;FLT3;CSF1R;PDGFRA;CHEK2;AXL;RET;FLT1;STK17A;KDR
90,CHEMBL:CHEMBL3707349,Amcasertib,PKIDB,weighted_vote,method_available,0.6538461538461539,PDGFRA,397,0,0,0,STK24;STK25;NUAK1;PAK3;STK17B;STK17A;STK39;BMP2K;CHEK2;RET
90,CHEMBL:CHEMBL3707349,Amcasertib,PKIDB,weighted_vote,common_prediction_mask,0.6538461538461539,PDGFRA,166,0,0,1,CSF1R;CHEK2;FLT3;FLT4;PDGFRA;FGFR3;PDGFRB;RET;AXL;BLK
91,PKIDB:ANLOTINIB,Anlotinib,PKIDB,one_nn,method_available,0.5131578947368421,FLT4;KDR,396,1,1,1,KDR;DDR1;FLT4;PDGFRB;FLT1;STK35;PDGFRA;RET;FGFR3;SLK
91,PKIDB:ANLOTINIB,Anlotinib,PKIDB,one_nn,common_prediction_mask,0.5131578947368421,FLT4;KDR,388,1,1,1,KDR;DDR1;FLT4;PDGFRB;FLT1;STK35;PDGFRA;RET;FGFR3;SLK
91,PKIDB:ANLOTINIB,Anlotinib,PKIDB,unweighted_knn,method_available,0.5131578947368421,FLT4;KDR,389,1,1,1,KDR;FLT4;FLT1;DDR1;KIT;EPHA6;RET;STK35;TEK;PDGFRA
91,PKIDB:ANLOTINIB,Anlotinib,PKIDB,unweighted_knn,common_prediction_mask,0.5131578947368421,FLT4;KDR,388,1,1,1,KDR;FLT4;FLT1;DDR1;KIT;EPHA6;RET;STK35;TEK;PDGFRA
91,PKIDB:ANLOTINIB,Anlotinib,PKIDB,weighted_knn,method_available,0.5131578947368421,FLT4;KDR,389,1,1,1,KDR;FLT4;FLT1;DDR1;KIT;EPHA6;RET;STK35;TEK;CSF1R
91,PKIDB:ANLOTINIB,Anlotinib,PKIDB,weighted_knn,common_prediction_mask,0.5131578947368421,FLT4;KDR,388,1,1,1,KDR;FLT4;FLT1;DDR1;KIT;EPHA6;RET;STK35;TEK;CSF1R
91,PKIDB:ANLOTINIB,Anlotinib,PKIDB,weighted_vote,method_available,0.5131578947368421,FLT4;KDR,389,0,0,1,EPHA6;KIT;MAP3K19;STK35;DDR1;FGFR3;FGFR2;FLT1;FLT4;KDR
91,PKIDB:ANLOTINIB,Anlotinib,PKIDB,weighted_vote,common_prediction_mask,0.5131578947368421,FLT4;KDR,388,0,0,1,EPHA6;KIT;MAP3K19;STK35;DDR1;FGFR3;FGFR2;FLT1;KDR;FLT4
92,PKIDB:APATINIB,Apatinib,PKIDB,one_nn,method_available,0.6515151515151515,KDR,219,1,1,1,KDR;RET;RIPK3;NAN;CHEK1;AURKA;PLK4;BMPR1B;RIPK2;BUB1
92,PKIDB:APATINIB,Apatinib,PKIDB,one_nn,common_prediction_mask,0.6515151515151515,KDR,219,1,1,1,KDR;RET;RIPK3;NAN;CHEK1;AURKA;PLK4;BMPR1B;RIPK2;BUB1
92,PKIDB:APATINIB,Apatinib,PKIDB,unweighted_knn,method_available,0.6515151515151515,KDR,388,0,0,1,CSF1R;PDGFRA;KIT;PDGFRB;KDR;DDR1;BCR;LCK;NAN;RET
92,PKIDB:APATINIB,Apatinib,PKIDB,unweighted_knn,common_prediction_mask,0.6515151515151515,KDR,219,0,1,1,PDGFRB;KDR;DDR1;BCR;LCK;NAN;RET;ABL1;FRK;DDR2
92,PKIDB:APATINIB,Apatinib,PKIDB,weighted_knn,method_available,0.6515151515151515,KDR,388,0,1,1,CSF1R;KDR;PDGFRA;KIT;PDGFRB;RET;DDR1;FLT1;FLT4;NAN
92,PKIDB:APATINIB,Apatinib,PKIDB,weighted_knn,common_prediction_mask,0.6515151515151515,KDR,219,1,1,1,KDR;PDGFRB;RET;DDR1;NAN;LCK;BCR;FRK;ABL1;LYN
92,PKIDB:APATINIB,Apatinib,PKIDB,weighted_vote,method_available,0.6515151515151515,KDR,388,0,0,1,KIT;PDGFRA;CSF1R;KDR;RET;LCK;DDR1;PDGFRB;BCR;FRK
92,PKIDB:APATINIB,Apatinib,PKIDB,weighted_vote,common_prediction_mask,0.6515151515151515,KDR,219,0,1,1,RET;KDR;PDGFRB;LCK;DDR1;BCR;LYN;FRK;NAN;ABL2
93,CHEMBL:CHEMBL2104954,Balamapimod,PKIDB,one_nn,method_available,0.4166666666666667,MAP2K1;MAP2K2;RAF1,387,0,0,0,ABL1;MAP4K5;ERBB3;ABL2;LCK;YES1;GAK;FRK;SRC;STK35
93,CHEMBL:CHEMBL2104954,Balamapimod,PKIDB,one_nn,common_prediction_mask,0.4166666666666667,MAP2K1;MAP2K2;RAF1,386,0,0,0,ABL1;MAP4K5;ERBB3;ABL2;LCK;YES1;GAK;FRK;SRC;STK35
93,CHEMBL:CHEMBL2104954,Balamapimod,PKIDB,unweighted_knn,method_available,0.4166666666666667,MAP2K1;MAP2K2;RAF1,388,0,0,0,ERBB3;GAK;EGFR;ERBB4;MAP4K5;MAP3K19;BLK;SLK;STK10;MAP4K3
93,CHEMBL:CHEMBL2104954,Balamapimod,PKIDB,unweighted_knn,common_prediction_mask,0.4166666666666667,MAP2K1;MAP2K2;RAF1,386,0,0,0,ERBB3;GAK;EGFR;ERBB4;MAP4K5;MAP3K19;BLK;SLK;STK10;MAP4K3
93,CHEMBL:CHEMBL2104954,Balamapimod,PKIDB,weighted_knn,method_available,0.4166666666666667,MAP2K1;MAP2K2;RAF1,388,0,0,0,ERBB3;GAK;MAP4K5;EGFR;ERBB4;MAP3K19;BLK;SLK;STK10;MAP4K3
93,CHEMBL:CHEMBL2104954,Balamapimod,PKIDB,weighted_knn,common_prediction_mask,0.4166666666666667,MAP2K1;MAP2K2;RAF1,386,0,0,0,ERBB3;GAK;MAP4K5;EGFR;ERBB4;MAP3K19;BLK;SLK;STK10;MAP4K3
93,CHEMBL:CHEMBL2104954,Balamapimod,PKIDB,weighted_vote,method_available,0.4166666666666667,MAP2K1;MAP2K2;RAF1,388,0,0,0,STK10;CHEK2;SLK;ERBB3;MAP3K19;ERBB4;GAK;LYN;LCK;EGFR
93,CHEMBL:CHEMBL2104954,Balamapimod,PKIDB,weighted_vote,common_prediction_mask,0.4166666666666667,MAP2K1;MAP2K2;RAF1,386,0,0,0,CHEK2;STK10;SLK;ERBB3;MAP3K19;ERBB4;GAK;LCK;LYN;EGFR
94,CHEMBL:CHEMBL3809489,Bemcentinib,PKIDB,one_nn,method_available,0.23809523809523808,AXL,292,0,0,0,CDK1;CDK2;CDK5;CDK16;TAOK1;NUAK2;AURKB;SLK;AURKA;ROCK2
94,CHEMBL:CHEMBL3809489,Bemcentinib,PKIDB,one_nn,common_prediction_mask,0.23809523809523808,AXL,206,0,0,0,CDK1;CDK2;CDK5;CDK16;TAOK1;NUAK2;AURKB;SLK;AURKA;ROCK2
94,CHEMBL:CHEMBL3809489,Bemcentinib,PKIDB,unweighted_knn,method_available,0.23809523809523808,AXL,263,0,0,1,LTK;FLT3;ALK;ERBB4;AXL;FLT1;PLK4;CHEK2;ROS1;AAK1
94,CHEMBL:CHEMBL3809489,Bemcentinib,PKIDB,unweighted_knn,common_prediction_mask,0.23809523809523808,AXL,206,0,0,1,LTK;FLT3;ALK;AXL;FLT1;PLK4;ROS1;AAK1;SRMS;AURKB
94,CHEMBL:CHEMBL3809489,Bemcentinib,PKIDB,weighted_knn,method_available,0.23809523809523808,AXL,263,0,0,1,LTK;FLT3;ALK;ERBB4;AXL;FLT1;PLK4;CHEK2;ROS1;AAK1
94,CHEMBL:CHEMBL3809489,Bemcentinib,PKIDB,weighted_knn,common_prediction_mask,0.23809523809523808,AXL,206,0,0,1,LTK;FLT3;ALK;AXL;FLT1;PLK4;ROS1;AAK1;AURKB;SRMS
94,CHEMBL:CHEMBL3809489,Bemcentinib,PKIDB,weighted_vote,method_available,0.23809523809523808,AXL,263,0,0,1,CHEK2;PLK4;AURKB;RET;FLT3;FER;AXL;ALK;SIK2;MAP4K3
94,CHEMBL:CHEMBL3809489,Bemcentinib,PKIDB,weighted_vote,common_prediction_mask,0.23809523809523808,AXL,206,0,0,1,PLK4;AURKB;RET;FER;FLT3;AXL;ALK;SIK2;MST1R;STK24
95,CHEMBL:CHEMBL3545213,Bentamapimod,PKIDB,one_nn,method_available,0.30952380952380953,MAPK8;MAPK9,151,0,0,0,GSK3B;CDK5;STK17A;DYRK3;CDK7;CDK2;DYRK1B;KIT;CDC7;FER
95,CHEMBL:CHEMBL3545213,Bentamapimod,PKIDB,one_nn,common_prediction_mask,0.30952380952380953,MAPK8;MAPK9,149,0,0,0,GSK3B;CDK5;STK17A;CDK2;DYRK1B;CDK7;KIT;CDC7;SYK;MELK
95,CHEMBL:CHEMBL3545213,Bentamapimod,PKIDB,unweighted_knn,method_available,0.30952380952380953,MAPK8;MAPK9,285,0,0,0,AAK1;FGFR2;MERTK;RPS6KA2;CSNK2A2;BMP2K;STK17A;PRKACG;PRKD1;JAK2
95,CHEMBL:CHEMBL3545213,Bentamapimod,PKIDB,unweighted_knn,common_prediction_mask,0.30952380952380953,MAPK8;MAPK9,149,0,0,0,STK17A;JAK2;JAK3;PLK4;KDR;FGFR3;FLT4;FLT1;ACVR1;HIPK2
95,CHEMBL:CHEMBL3545213,Bentamapimod,PKIDB,weighted_knn,method_available,0.30952380952380953,MAPK8;MAPK9,285,0,0,0,AAK1;FGFR2;MERTK;RPS6KA2;CSNK2A2;BMP2K;STK17A;PRKACG;PRKD1;ACVRL1
95,CHEMBL:CHEMBL3545213,Bentamapimod,PKIDB,weighted_knn,common_prediction_mask,0.30952380952380953,MAPK8;MAPK9,149,0,0,0,STK17A;JAK2;JAK3;KDR;PLK4;FGFR3;FLT1;FLT4;ACVR1;TYK2
95,CHEMBL:CHEMBL3545213,Bentamapimod,PKIDB,weighted_vote,method_available,0.30952380952380953,MAPK8;MAPK9,285,0,0,1,STK17A;BMP2K;ULK3;CSNK2A2;ADCK1;AAK1;MAPK10;HIPK2;MAPK8;JAK3
95,CHEMBL:CHEMBL3545213,Bentamapimod,PKIDB,weighted_vote,common_prediction_mask,0.30952380952380953,MAPK8;MAPK9,149,0,0,1,STK17A;HIPK2;PLK4;JAK2;MAPK8;IKBKE;PRKD3;TYK2;PRKD2;TBK1
96,PKIDB:DEUCRAVACITINIB,Deucravacitinib,PKIDB,one_nn,method_available,,TYK2,0,0,0,0,
96,PKIDB:DEUCRAVACITINIB,Deucravacitinib,PKIDB,one_nn,common_prediction_mask,,TYK2,0,0,0,0,
96,PKIDB:DEUCRAVACITINIB,Deucravacitinib,PKIDB,unweighted_knn,method_available,,TYK2,0,0,0,0,
96,PKIDB:DEUCRAVACITINIB,Deucravacitinib,PKIDB,unweighted_knn,common_prediction_mask,,TYK2,0,0,0,0,
96,PKIDB:DEUCRAVACITINIB,Deucravacitinib,PKIDB,weighted_knn,method_available,,TYK2,0,0,0,0,
96,PKIDB:DEUCRAVACITINIB,Deucravacitinib,PKIDB,weighted_knn,common_prediction_mask,,TYK2,0,0,0,0,
96,PKIDB:DEUCRAVACITINIB,Deucravacitinib,PKIDB,weighted_vote,method_available,,TYK2,0,0,0,0,
96,PKIDB:DEUCRAVACITINIB,Deucravacitinib,PKIDB,weighted_vote,common_prediction_mask,,TYK2,0,0,0,0,
97,CHEMBL:CHEMBL2103838,Dilmapimod,PKIDB,one_nn,method_available,0.2987012987012987,MAPK11;MAPK12;MAPK13;MAPK14,215,0,0,1,MAPKAPK2;ALK;MYLK;MAPK14;MAPK11;ACVR2B;NLK;MAPK10;MAPK9;ROCK1
97,CHEMBL:CHEMBL2103838,Dilmapimod,PKIDB,one_nn,common_prediction_mask,0.2987012987012987,MAPK11;MAPK12;MAPK13;MAPK14,213,0,0,1,MAPKAPK2;ALK;MYLK;MAPK14;MAPK11;ACVR2B;NLK;MAPK10;MAPK9;ROCK1
97,CHEMBL:CHEMBL2103838,Dilmapimod,PKIDB,unweighted_knn,method_available,0.2987012987012987,MAPK11;MAPK12;MAPK13;MAPK14,271,1,1,1,MAPK14;MYLK;ALK;MAPK11;CSNK1D;MAPK9;ACVR2B;MAPKAPK2;CDC7;NLK
97,CHEMBL:CHEMBL2103838,Dilmapimod,PKIDB,unweighted_knn,common_prediction_mask,0.2987012987012987,MAPK11;MAPK12;MAPK13;MAPK14,213,1,1,1,MAPK14;MYLK;ALK;MAPK11;CSNK1D;MAPK9;ACVR2B;MAPKAPK2;NLK;CDK9
97,CHEMBL:CHEMBL2103838,Dilmapimod,PKIDB,weighted_knn,method_available,0.2987012987012987,MAPK11;MAPK12;MAPK13;MAPK14,271,1,1,1,MAPK14;MYLK;ALK;MAPK11;CSNK1D;MAPK9;ACVR2B;MAPKAPK2;NLK;CDC7
97,CHEMBL:CHEMBL2103838,Dilmapimod,PKIDB,weighted_knn,common_prediction_mask,0.2987012987012987,MAPK11;MAPK12;MAPK13;MAPK14,213,1,1,1,MAPK14;MYLK;ALK;MAPK11;CSNK1D;MAPK9;ACVR2B;MAPKAPK2;NLK;CDK9
97,CHEMBL:CHEMBL2103838,Dilmapimod,PKIDB,weighted_vote,method_available,0.2987012987012987,MAPK11;MAPK12;MAPK13;MAPK14,271,1,1,1,MAPK14;ACVR2B;MYLK;MAPK11;MAPK10;NLK;CDK7;CSNK1E;CSNK1D;CSNK1A1
97,CHEMBL:CHEMBL2103838,Dilmapimod,PKIDB,weighted_vote,common_prediction_mask,0.2987012987012987,MAPK11;MAPK12;MAPK13;MAPK14,213,1,1,1,MAPK14;MAPK10;ACVR2B;MYLK;MAPK11;NLK;CDK7;CSNK1E;CSNK1A1;CSNK1D
98,CHEMBL:CHEMBL4113131,Ensartinib,PKIDB,one_nn,method_available,0.7671232876712328,ALK,200,1,1,1,ALK;MET;MAP4K2;MAP3K1;MAP4K5;AAK1;CHEK1;BMPR1B;RIPK2;BUB1
98,CHEMBL:CHEMBL4113131,Ensartinib,PKIDB,one_nn,common_prediction_mask,0.7671232876712328,ALK,200,1,1,1,ALK;MET;MAP4K2;MAP3K1;MAP4K5;AAK1;CHEK1;BMPR1B;RIPK2;BUB1
98,CHEMBL:CHEMBL4113131,Ensartinib,PKIDB,unweighted_knn,method_available,0.7671232876712328,ALK,275,0,0,1,ROS1;AXL;LTK;MET;ALK;TYRO3;NTRK3;MERTK;JAK2;MAP4K2
98,CHEMBL:CHEMBL4113131,Ensartinib,PKIDB,unweighted_knn,common_prediction_mask,0.7671232876712328,ALK,200,0,1,1,MET;ALK;MAP4K2;MAP4K5;DDR1;AURKB;NTRK1;PLK4;LCK;SLK
98,CHEMBL:CHEMBL4113131,Ensartinib,PKIDB,weighted_knn,method_available,0.7671232876712328,ALK,275,0,0,1,ROS1;AXL;MET;ALK;LTK;MERTK;NTRK3;JAK2;MAP4K2;TYRO3
98,CHEMBL:CHEMBL4113131,Ensartinib,PKIDB,weighted_knn,common_prediction_mask,0.7671232876712328,ALK,200,0,1,1,MET;ALK;MAP4K2;MAP4K5;AURKB;DDR1;NTRK1;SLK;PLK4;LCK
98,CHEMBL:CHEMBL4113131,Ensartinib,PKIDB,weighted_vote,method_available,0.7671232876712328,ALK,275,0,0,0,TEK;BLK;LTK;EPHA3;ROS1;NTRK3;MUSK;AXL;MAP4K2;MET
98,CHEMBL:CHEMBL4113131,Ensartinib,PKIDB,weighted_vote,common_prediction_mask,0.7671232876712328,ALK,200,0,1,1,MAP4K2;MET;ALK;DDR1;MAP4K5;ABL1;LCK;PLK4;AURKB;MAP4K3
99,CHEMBL:CHEMBL1278146,Famitinib,PKIDB,one_nn,method_available,0.5394736842105263,FLT1;FLT3;FLT4;KDR;KIT;PDGFRA;PDGFRB,390,0,1,1,STK17A;FLT1;FLT3;PDGFRA;BMP2K;PHKG1;PHKG2;PDGFRB;KDR;AXL
99,CHEMBL:CHEMBL1278146,Famitinib,PKIDB,one_nn,common_prediction_mask,0.5394736842105263,FLT1;FLT3;FLT4;KDR;KIT;PDGFRA;PDGFRB,388,0,1,1,STK17A;FLT1;FLT3;PDGFRA;BMP2K;PHKG1;PHKG2;PDGFRB;KDR;AXL
99,CHEMBL:CHEMBL1278146,Famitinib,PKIDB,unweighted_knn,method_available,0.5394736842105263,FLT1;FLT3;FLT4;KDR;KIT;PDGFRA;PDGFRB,397,1,1,1,PDGFRB;FLT3;CSF1R;MAP3K19;PDGFRA;PHKG1;MYLK4;FLT1;ULK2;CHEK2
99,CHEMBL:CHEMBL1278146,Famitinib,PKIDB,unweighted_knn,common_prediction_mask,0.5394736842105263,FLT1;FLT3;FLT4;KDR;KIT;PDGFRA;PDGFRB,388,1,1,1,PDGFRB;FLT3;CSF1R;MAP3K19;PDGFRA;PHKG1;MYLK4;FLT1;ULK2;CHEK2
99,CHEMBL:CHEMBL1278146,Famitinib,PKIDB,weighted_knn,method_available,0.5394736842105263,FLT1;FLT3;FLT4;KDR;KIT;PDGFRA;PDGFRB,397,1,1,1,PDGFRB;FLT3;CSF1R;MAP3K19;PHKG1;PDGFRA;MYLK4;BMP2K;ULK2;CHEK2
99,CHEMBL:CHEMBL1278146,Famitinib,PKIDB,weighted_knn,common_prediction_mask,0.5394736842105263,FLT1;FLT3;FLT4;KDR;KIT;PDGFRA;PDGFRB,388,1,1,1,PDGFRB;FLT3;CSF1R;MAP3K19;PHKG1;PDGFRA;MYLK4;BMP2K;ULK2;CHEK2
99,CHEMBL:CHEMBL1278146,Famitinib,PKIDB,weighted_vote,method_available,0.5394736842105263,FLT1;FLT3;FLT4;KDR;KIT;PDGFRA;PDGFRB,397,0,0,0,STK24;STK25;NUAK1;PAK3;STK17B;STK17A;STK39;BMP2K;CHEK2;RET
99,CHEMBL:CHEMBL1278146,Famitinib,PKIDB,weighted_vote,common_prediction_mask,0.5394736842105263,FLT1;FLT3;FLT4;KDR;KIT;PDGFRA;PDGFRB,388,0,0,0,MAP3K13;MAP3K7;NUAK1;PAK3;DAPK2;TNIK;STK39;STK17A;STK17B;CHEK2
100,PKIDB:FLUMATINIB,Flumatinib,PKIDB,one_nn,method_available,0.6428571428571429,ABL1;BCR;KIT;PDGFRB,395,1,1,1,BCR;DDR1;ABL1;PDGFRB;PDGFRA;ABL2;DDR2;KIT;CSF1R;LCK
100,PKIDB:FLUMATINIB,Flumatinib,PKIDB,one_nn,common_prediction_mask,0.6428571428571429,ABL1;BCR;KIT;PDGFRB,387,1,1,1,BCR;DDR1;ABL1;PDGFRB;PDGFRA;ABL2;DDR2;KIT;CSF1R;LCK
100,PKIDB:FLUMATINIB,Flumatinib,PKIDB,unweighted_knn,method_available,0.6428571428571429,ABL1;BCR;KIT;PDGFRB,390,0,1,1,DDR1;ABL1;PDGFRA;ABL2;CSF1R;DDR2;BCR;LCK;PDGFRB;KIT
100,PKIDB:FLUMATINIB,Flumatinib,PKIDB,unweighted_knn,common_prediction_mask,0.6428571428571429,ABL1;BCR;KIT;PDGFRB,387,0,1,1,DDR1;ABL1;PDGFRA;ABL2;CSF1R;DDR2;BCR;LCK;PDGFRB;KIT
100,PKIDB:FLUMATINIB,Flumatinib,PKIDB,weighted_knn,method_available,0.6428571428571429,ABL1;BCR;KIT;PDGFRB,390,0,1,1,DDR1;ABL1;PDGFRA;ABL2;BCR;CSF1R;DDR2;LCK;PDGFRB;KIT
100,PKIDB:FLUMATINIB,Flumatinib,PKIDB,weighted_knn,common_prediction_mask,0.6428571428571429,ABL1;BCR;KIT;PDGFRB,387,0,1,1,DDR1;ABL1;PDGFRA;ABL2;BCR;CSF1R;DDR2;LCK;PDGFRB;KIT
100,PKIDB:FLUMATINIB,Flumatinib,PKIDB,weighted_vote,method_available,0.6428571428571429,ABL1;BCR;KIT;PDGFRB,390,0,1,1,DDR2;ABL1;DDR1;BCR;KIT;ABL2;CSF1R;LCK;PDGFRA;PDGFRB
100,PKIDB:FLUMATINIB,Flumatinib,PKIDB,weighted_vote,common_prediction_mask,0.6428571428571429,ABL1;BCR;KIT;PDGFRB,387,0,1,1,DDR2;ABL1;DDR1;BCR;KIT;ABL2;CSF1R;LCK;PDGFRA;PDGFRB
101,CHEMBL:CHEMBL4303214,Fruquintinib,PKIDB,one_nn,method_available,0.425,FLT1;FLT4;KDR,226,0,0,1,LCK;PDGFRB;KIT;RET;ABL1;CSF1R;FLT1;KDR;EGFR;ABL2
101,CHEMBL:CHEMBL4303214,Fruquintinib,PKIDB,one_nn,common_prediction_mask,0.425,FLT1;FLT4;KDR,225,0,0,1,LCK;PDGFRB;KIT;RET;ABL1;CSF1R;FLT1;KDR;EGFR;ABL2
101,CHEMBL:CHEMBL4303214,Fruquintinib,PKIDB,unweighted_knn,method_available,0.425,FLT1;FLT4;KDR,236,0,0,1,PDGFRA;KIT;CSF1R;FLT1;FLT4;KDR;PDGFRB;RET;DDR1;DDR2
101,CHEMBL:CHEMBL4303214,Fruquintinib,PKIDB,unweighted_knn,common_prediction_mask,0.425,FLT1;FLT4;KDR,225,0,1,1,KIT;CSF1R;FLT1;KDR;PDGFRB;RET;DDR1;DDR2;RIPK2;ABL1
101,CHEMBL:CHEMBL4303214,Fruquintinib,PKIDB,weighted_knn,method_available,0.425,FLT1;FLT4;KDR,236,0,0,1,PDGFRA;KIT;CSF1R;FLT1;FLT4;KDR;RET;PDGFRB;DDR1;DDR2
101,CHEMBL:CHEMBL4303214,Fruquintinib,PKIDB,weighted_knn,common_prediction_mask,0.425,FLT1;FLT4;KDR,225,0,1,1,KIT;CSF1R;FLT1;KDR;RET;PDGFRB;DDR1;DDR2;RAF1;RIPK2
101,CHEMBL:CHEMBL4303214,Fruquintinib,PKIDB,weighted_vote,method_available,0.425,FLT1;FLT4;KDR,236,0,1,1,PDGFRA;FLT1;KIT;CSF1R;FLT4;RIPK2;KDR;PDGFRB;DDR2;DDR1
101,CHEMBL:CHEMBL4303214,Fruquintinib,PKIDB,weighted_vote,common_prediction_mask,0.425,FLT1;FLT4;KDR,225,0,1,1,KIT;FLT1;CSF1R;RIPK2;PDGFRB;KDR;DDR2;DDR1;RET;FRK
102,CHEMBL:CHEMBL1277072,Henatinib,PKIDB,one_nn,method_available,0.6341463414634146,KDR,386,0,0,1,PDGFRB;PDGFRA;FLT3;KDR;CSF1R;HUNK;FLT1;STK35;MAP3K19;MAP4K1
102,CHEMBL:CHEMBL1277072,Henatinib,PKIDB,one_nn,common_prediction_mask,0.6341463414634146,KDR,386,0,0,1,PDGFRB;PDGFRA;FLT3;KDR;CSF1R;HUNK;FLT1;STK35;MAP3K19;MAP4K1
102,CHEMBL:CHEMBL1277072,Henatinib,PKIDB,unweighted_knn,method_available,0.6341463414634146,KDR,397,0,0,0,PDGFRB;FLT3;CSF1R;MAP3K19;PDGFRA;PHKG1;MYLK4;FLT1;ULK2;CHEK2
102,CHEMBL:CHEMBL1277072,Henatinib,PKIDB,unweighted_knn,common_prediction_mask,0.6341463414634146,KDR,386,0,0,0,PDGFRB;FLT3;CSF1R;MAP3K19;PDGFRA;PHKG1;MYLK4;FLT1;ULK2;CHEK2
102,CHEMBL:CHEMBL1277072,Henatinib,PKIDB,weighted_knn,method_available,0.6341463414634146,KDR,397,0,0,1,PDGFRB;FLT3;CSF1R;PDGFRA;MAP3K19;FLT1;HUNK;MYLK4;KDR;STK17A
102,CHEMBL:CHEMBL1277072,Henatinib,PKIDB,weighted_knn,common_prediction_mask,0.6341463414634146,KDR,386,0,0,1,PDGFRB;FLT3;CSF1R;PDGFRA;MAP3K19;FLT1;HUNK;MYLK4;KDR;STK17A
102,CHEMBL:CHEMBL1277072,Henatinib,PKIDB,weighted_vote,method_available,0.6341463414634146,KDR,397,0,0,0,STK24;STK25;NUAK1;PAK3;STK17B;STK17A;STK39;BMP2K;CHEK2;RET
102,CHEMBL:CHEMBL1277072,Henatinib,PKIDB,weighted_vote,common_prediction_mask,0.6341463414634146,KDR,386,0,0,0,MAP3K13;MAP3K7;NUAK1;TLK1;DAPK2;STK39;STK17A;PAK3;TNIK;BMP2K
103,CHEMBL:CHEMBL3889654,Larotrectinib,PKIDB,one_nn,method_available,0.25555555555555554,NTRK1;NTRK2;NTRK3,134,0,0,1,CSNK1G1;FLT1;STK17A;CLK4;ABL1;FYN;RET;KIT;NTRK3;BTK
103,CHEMBL:CHEMBL3889654,Larotrectinib,PKIDB,one_nn,common_prediction_mask,0.25555555555555554,NTRK1;NTRK2;NTRK3,127,0,0,0,CSNK1G1;FLT1;STK17A;ABL1;CLK4;FYN;RET;DAPK3;BTK;KIT
103,CHEMBL:CHEMBL3889654,Larotrectinib,PKIDB,unweighted_knn,method_available,0.25555555555555554,NTRK1;NTRK2;NTRK3,264,0,1,1,FLT1;FLT4;NTRK2;DDR1;EPHA2;NTRK1;KDR;FLT3;MET;KIT
103,CHEMBL:CHEMBL3889654,Larotrectinib,PKIDB,unweighted_knn,common_prediction_mask,0.25555555555555554,NTRK1;NTRK2;NTRK3,127,0,1,1,FLT1;FLT4;NTRK2;EPHA2;NTRK1;KDR;FLT3;MET;KIT;DAPK3
103,CHEMBL:CHEMBL3889654,Larotrectinib,PKIDB,weighted_knn,method_available,0.25555555555555554,NTRK1;NTRK2;NTRK3,264,0,1,1,FLT1;NTRK2;FLT4;DDR1;EPHA2;KDR;NTRK1;FLT3;NTRK3;KIT
103,CHEMBL:CHEMBL3889654,Larotrectinib,PKIDB,weighted_knn,common_prediction_mask,0.25555555555555554,NTRK1;NTRK2;NTRK3,127,0,1,1,FLT1;NTRK2;FLT4;EPHA2;KDR;NTRK1;FLT3;KIT;NTRK3;DAPK3
103,CHEMBL:CHEMBL3889654,Larotrectinib,PKIDB,weighted_vote,method_available,0.25555555555555554,NTRK1;NTRK2;NTRK3,264,0,0,1,FLT1;ABL1;EPHA2;STK17A;ERN2;FLT4;FYN;NTRK1;RET;MET
103,CHEMBL:CHEMBL3889654,Larotrectinib,PKIDB,weighted_vote,common_prediction_mask,0.25555555555555554,NTRK1;NTRK2;NTRK3,127,0,0,1,FLT1;ABL1;EPHA2;STK17A;FLT4;FYN;NTRK1;RET;MET;GSK3B
104,CHEMBL:CHEMBL4558324,Lazertinib,PKIDB,one_nn,method_available,0.4326923076923077,EGFR,214,0,1,1,ERBB3;ERBB2;EGFR;ALK;TEC;BTK;MET;TNK2;INSR;BUB1
104,CHEMBL:CHEMBL4558324,Lazertinib,PKIDB,one_nn,common_prediction_mask,0.4326923076923077,EGFR,202,0,1,1,ERBB3;ERBB2;EGFR;ALK;TEC;BTK;MET;TNK2;INSR;ROCK2
104,CHEMBL:CHEMBL4558324,Lazertinib,PKIDB,unweighted_knn,method_available,0.4326923076923077,EGFR,251,0,0,1,ERBB3;ERBB4;FLT4;EGFR;ERBB2;KDR;BLK;FLT1;ALK;ROS1
104,CHEMBL:CHEMBL4558324,Lazertinib,PKIDB,unweighted_knn,common_prediction_mask,0.4326923076923077,EGFR,202,0,1,1,ERBB3;EGFR;ERBB2;ALK;TEC;FRK;INSR;MAPK9;MAPK8;PTK2
104,CHEMBL:CHEMBL4558324,Lazertinib,PKIDB,weighted_knn,method_available,0.4326923076923077,EGFR,251,0,0,1,ERBB3;ERBB4;FLT4;EGFR;ERBB2;KDR;BLK;FLT1;ROS1;ALK
104,CHEMBL:CHEMBL4558324,Lazertinib,PKIDB,weighted_knn,common_prediction_mask,0.4326923076923077,EGFR,202,0,1,1,ERBB3;EGFR;ERBB2;ALK;TEC;INSR;FRK;MAPK9;BTK;PTK2
104,CHEMBL:CHEMBL4558324,Lazertinib,PKIDB,weighted_vote,method_available,0.4326923076923077,EGFR,251,0,1,1,ERBB2;EGFR;ERBB3;FLT4;KDR;TEC;ERBB4;BTK;HIPK4;SRMS
104,CHEMBL:CHEMBL4558324,Lazertinib,PKIDB,weighted_vote,common_prediction_mask,0.4326923076923077,EGFR,202,1,1,1,EGFR;ERBB2;ERBB3;TEC;BTK;ALK;PTK2;RET;MAPK8;IGF1R
105,CHEMBL:CHEMBL2103874,Oclacitinib,PKIDB,one_nn,method_available,0.44776119402985076,JAK1;JAK2;JAK3,128,1,1,1,JAK3;JAK2;FLT1;ABL1;FYN;RET;DAPK3;KIT;ALK;NTRK3
105,CHEMBL:CHEMBL2103874,Oclacitinib,PKIDB,one_nn,common_prediction_mask,0.44776119402985076,JAK1;JAK2;JAK3,128,1,1,1,JAK3;JAK2;FLT1;ABL1;FYN;RET;DAPK3;KIT;ALK;NTRK3
105,CHEMBL:CHEMBL2103874,Oclacitinib,PKIDB,unweighted_knn,method_available,0.44776119402985076,JAK1;JAK2;JAK3,275,1,1,1,JAK1;JAK2;JAK3;PKN1;LRRK2;AAK1;BMP2K;TYK2;ROCK2;ROCK1
105,CHEMBL:CHEMBL2103874,Oclacitinib,PKIDB,unweighted_knn,common_prediction_mask,0.44776119402985076,JAK1;JAK2;JAK3,128,1,1,1,JAK2;JAK3;TYK2;ROCK2;ROCK1;PKN2;CDC7;TSSK2;MARK3;MARK2
105,CHEMBL:CHEMBL2103874,Oclacitinib,PKIDB,weighted_knn,method_available,0.44776119402985076,JAK1;JAK2;JAK3,275,1,1,1,JAK1;JAK2;JAK3;PKN1;LRRK2;TYK2;AAK1;TNK1;BMP2K;ROCK1
105,CHEMBL:CHEMBL2103874,Oclacitinib,PKIDB,weighted_knn,common_prediction_mask,0.44776119402985076,JAK1;JAK2;JAK3,128,1,1,1,JAK2;JAK3;TYK2;ROCK1;ROCK2;PKN2;CDC7;TSSK2;MARK3;FLT1
105,CHEMBL:CHEMBL2103874,Oclacitinib,PKIDB,weighted_vote,method_available,0.44776119402985076,JAK1;JAK2;JAK3,275,0,1,1,PKN1;TNK1;JAK1;JAK3;JAK2;ROCK1;LRRK2;NUAK2;PKN2;ROCK2
105,CHEMBL:CHEMBL2103874,Oclacitinib,PKIDB,weighted_vote,common_prediction_mask,0.44776119402985076,JAK1;JAK2;JAK3,128,1,1,1,JAK2;JAK3;ROCK1;ROCK2;PKN2;TYK2;ABL1;MARK3;MARK2;FLT1
106,CHEMBL:CHEMBL3786343,Olmutinib,PKIDB,one_nn,method_available,0.3711340206185567,EGFR,202,0,1,1,ERBB3;ERBB2;EGFR;ALK;TEC;TNK1;PTK2;GAK;BTK;CLK1
106,CHEMBL:CHEMBL3786343,Olmutinib,PKIDB,one_nn,common_prediction_mask,0.3711340206185567,EGFR,201,0,1,1,ERBB2;EGFR;ALK;TEC;TNK1;PTK2;GAK;BTK;CLK1;FER
106,CHEMBL:CHEMBL3786343,Olmutinib,PKIDB,unweighted_knn,method_available,0.3711340206185567,EGFR,268,0,0,0,WEE2;GAK;WEE1;FLT4;BLK;FLT1;ERBB2;ERBB4;FLT3;CLK1
106,CHEMBL:CHEMBL3786343,Olmutinib,PKIDB,unweighted_knn,common_prediction_mask,0.3711340206185567,EGFR,201,0,0,1,GAK;WEE1;ERBB2;FLT3;CLK1;EGFR;LCK;ALK;AURKB;ABL1
106,CHEMBL:CHEMBL3786343,Olmutinib,PKIDB,weighted_knn,method_available,0.3711340206185567,EGFR,268,0,0,0,WEE2;GAK;WEE1;BLK;FLT4;ERBB2;FLT1;ERBB4;FLT3;CLK1
106,CHEMBL:CHEMBL3786343,Olmutinib,PKIDB,weighted_knn,common_prediction_mask,0.3711340206185567,EGFR,201,0,0,1,GAK;WEE1;ERBB2;FLT3;CLK1;ALK;EGFR;LCK;AURKB;ABL1
106,CHEMBL:CHEMBL3786343,Olmutinib,PKIDB,weighted_vote,method_available,0.3711340206185567,EGFR,268,0,0,0,WEE2;FLT4;GAK;ERBB2;KIT;CLK1;FLT1;PKMYT1;WEE1;ABL1
106,CHEMBL:CHEMBL3786343,Olmutinib,PKIDB,weighted_vote,common_prediction_mask,0.3711340206185567,EGFR,201,0,0,1,GAK;ERBB2;CLK1;WEE1;PKMYT1;FLT3;ABL1;EGFR;PRKD3;PRKD2
107,CHEMBL:CHEMBL5095025,Panulisib,PKIDB,one_nn,method_available,0.4588235294117647,MTOR,234,0,1,1,PRKDC;MTOR;ATM;CSF1R;LTK;ATR;ALK;CLK4;LRRK2;CHEK1
107,CHEMBL:CHEMBL5095025,Panulisib,PKIDB,one_nn,common_prediction_mask,0.4588235294117647,MTOR,223,1,1,1,MTOR;CSF1R;ATR;ALK;CLK4;MAP4K2;CHEK1;JAK2;KDR;TYRO3
107,CHEMBL:CHEMBL5095025,Panulisib,PKIDB,unweighted_knn,method_available,0.4588235294117647,MTOR,233,1,1,1,MTOR;KDR;FLT1;CSF1R;CLK4;JAK2;JAK3;TYRO3;NTRK3;ALK
107,CHEMBL:CHEMBL5095025,Panulisib,PKIDB,unweighted_knn,common_prediction_mask,0.4588235294117647,MTOR,223,1,1,1,MTOR;KDR;FLT1;CSF1R;CLK4;JAK2;JAK3;TYRO3;NTRK3;ALK
107,CHEMBL:CHEMBL5095025,Panulisib,PKIDB,weighted_knn,method_available,0.4588235294117647,MTOR,233,1,1,1,MTOR;CSF1R;KDR;FLT1;CLK4;ALK;JAK2;JAK3;TYRO3;ATR
107,CHEMBL:CHEMBL5095025,Panulisib,PKIDB,weighted_knn,common_prediction_mask,0.4588235294117647,MTOR,223,1,1,1,MTOR;CSF1R;KDR;FLT1;CLK4;ALK;JAK2;JAK3;TYRO3;ATR
107,CHEMBL:CHEMBL5095025,Panulisib,PKIDB,weighted_vote,method_available,0.4588235294117647,MTOR,233,0,1,1,CSF1R;MTOR;CLK4;ALK;ATR;DYRK1A;CLK1;FLT1;KDR;CSNK1G2
107,CHEMBL:CHEMBL5095025,Panulisib,PKIDB,weighted_vote,common_prediction_mask,0.4588235294117647,MTOR,223,0,1,1,CSF1R;MTOR;CLK4;ALK;ATR;DYRK1A;CLK1;FLT1;KDR;KIT
108,CHEMBL:CHEMBL3137308,Peficitinib,PKIDB,one_nn,method_available,0.29577464788732394,JAK1;JAK2;JAK3;TYK2,152,0,0,0,PRKCQ;LRRK2;ROCK2;PRKACA;PRKCD;ROCK1;DYRK1B;CLK4;PKN2;LTK
108,CHEMBL:CHEMBL3137308,Peficitinib,PKIDB,one_nn,common_prediction_mask,0.29577464788732394,JAK1;JAK2;JAK3;TYK2,152,0,0,0,PRKCQ;LRRK2;ROCK2;PRKACA;PRKCD;ROCK1;DYRK1B;CLK4;PKN2;LTK
108,CHEMBL:CHEMBL3137308,Peficitinib,PKIDB,unweighted_knn,method_available,0.29577464788732394,JAK1;JAK2;JAK3;TYK2,156,0,0,0,LRRK2;PRKCQ;ROCK2;ROCK1;DYRK1B;CDK8;NTRK3;LTK;TSSK1B;PKN2
108,CHEMBL:CHEMBL3137308,Peficitinib,PKIDB,unweighted_knn,common_prediction_mask,0.29577464788732394,JAK1;JAK2;JAK3;TYK2,152,0,0,0,LRRK2;PRKCQ;ROCK2;ROCK1;DYRK1B;CDK8;NTRK3;LTK;TSSK1B;PKN2
108,CHEMBL:CHEMBL3137308,Peficitinib,PKIDB,weighted_knn,method_available,0.29577464788732394,JAK1;JAK2;JAK3;TYK2,156,0,0,0,LRRK2;PRKCQ;ROCK2;ROCK1;DYRK1B;CDK8;LTK;NTRK3;PKN2;TSSK1B
108,CHEMBL:CHEMBL3137308,Peficitinib,PKIDB,weighted_knn,common_prediction_mask,0.29577464788732394,JAK1;JAK2;JAK3;TYK2,152,0,0,0,LRRK2;PRKCQ;ROCK2;ROCK1;DYRK1B;CDK8;LTK;NTRK3;PKN2;TSSK1B
108,CHEMBL:CHEMBL3137308,Peficitinib,PKIDB,weighted_vote,method_available,0.29577464788732394,JAK1;JAK2;JAK3;TYK2,156,0,0,0,LTK;CDK8;LRRK2;DYRK1B;MAP4K4;KDR;PRKCQ;PRKX;CHEK2;CLK4
108,CHEMBL:CHEMBL3137308,Peficitinib,PKIDB,weighted_vote,common_prediction_mask,0.29577464788732394,JAK1;JAK2;JAK3;TYK2,152,0,0,0,LTK;CDK8;LRRK2;DYRK1B;MAP4K4;KDR;PRKCQ;PRKX;CHEK2;CLK4
109,CHEMBL:CHEMBL3544911,Prexasertib,PKIDB,one_nn,method_available,0.35135135135135137,CHEK1;CHEK2,139,1,1,1,CHEK1;RET;FLT1;ABL1;MAPKAPK5;IRAK1;FYN;DAPK3;KIT;NTRK3
109,CHEMBL:CHEMBL3544911,Prexasertib,PKIDB,one_nn,common_prediction_mask,0.35135135135135137,CHEK1;CHEK2,139,1,1,1,CHEK1;RET;FLT1;ABL1;MAPKAPK5;IRAK1;FYN;DAPK3;KIT;NTRK3
109,CHEMBL:CHEMBL3544911,Prexasertib,PKIDB,unweighted_knn,method_available,0.35135135135135137,CHEK1;CHEK2,141,1,1,1,CHEK1;ABL1;BTK;FYN;BLK;SRC;RET;LCK;LYN;FRK
109,CHEMBL:CHEMBL3544911,Prexasertib,PKIDB,unweighted_knn,common_prediction_mask,0.35135135135135137,CHEK1;CHEK2,139,1,1,1,CHEK1;ABL1;BTK;FYN;BLK;SRC;RET;LCK;LYN;FRK
109,CHEMBL:CHEMBL3544911,Prexasertib,PKIDB,weighted_knn,method_available,0.35135135135135137,CHEK1;CHEK2,141,1,1,1,CHEK1;ABL1;BTK;FYN;RET;BLK;SRC;LYN;LCK;FRK
109,CHEMBL:CHEMBL3544911,Prexasertib,PKIDB,weighted_knn,common_prediction_mask,0.35135135135135137,CHEK1;CHEK2,139,1,1,1,CHEK1;ABL1;BTK;FYN;RET;BLK;SRC;LYN;LCK;FRK
109,CHEMBL:CHEMBL3544911,Prexasertib,PKIDB,weighted_vote,method_available,0.35135135135135137,CHEK1;CHEK2,141,0,1,1,FYN;ABL1;CHEK1;FLT1;RET;TBK1;IRAK1;FER;MAP4K4;MAPKAPK5
109,CHEMBL:CHEMBL3544911,Prexasertib,PKIDB,weighted_vote,common_prediction_mask,0.35135135135135137,CHEK1;CHEK2,139,0,1,1,FYN;ABL1;CHEK1;FLT1;RET;IRAK1;FER;MAP4K4;MAPKAPK5;ERBB4
110,CHEMBL:CHEMBL3647420,Pyrotinib,PKIDB,one_nn,method_available,0.7263157894736842,EGFR;ERBB2,384,0,1,1,MAP4K5;EGFR;STK24;ERBB4;STK26;ERBB3;MAP4K3;STK25;STK10;ERBB2
110,CHEMBL:CHEMBL3647420,Pyrotinib,PKIDB,one_nn,common_prediction_mask,0.7263157894736842,EGFR;ERBB2,384,0,1,1,MAP4K5;EGFR;STK24;ERBB4;STK26;ERBB3;MAP4K3;STK25;STK10;ERBB2
110,CHEMBL:CHEMBL3647420,Pyrotinib,PKIDB,unweighted_knn,method_available,0.7263157894736842,EGFR;ERBB2,388,1,1,1,EGFR;ERBB3;ERBB4;BLK;GAK;MAP4K5;MAP3K19;ERBB2;LCK;MAP2K1
110,CHEMBL:CHEMBL3647420,Pyrotinib,PKIDB,unweighted_knn,common_prediction_mask,0.7263157894736842,EGFR;ERBB2,384,1,1,1,EGFR;ERBB3;ERBB4;BLK;GAK;MAP4K5;MAP3K19;ERBB2;LCK;MAP2K1
110,CHEMBL:CHEMBL3647420,Pyrotinib,PKIDB,weighted_knn,method_available,0.7263157894736842,EGFR;ERBB2,388,1,1,1,EGFR;ERBB3;ERBB4;MAP4K5;MAP3K19;GAK;BLK;ERBB2;STK24;LCK
110,CHEMBL:CHEMBL3647420,Pyrotinib,PKIDB,weighted_knn,common_prediction_mask,0.7263157894736842,EGFR;ERBB2,384,1,1,1,EGFR;ERBB3;ERBB4;MAP4K5;MAP3K19;GAK;BLK;ERBB2;STK24;LCK
110,CHEMBL:CHEMBL3647420,Pyrotinib,PKIDB,weighted_vote,method_available,0.7263157894736842,EGFR;ERBB2,388,1,1,1,EGFR;MAP3K19;ERBB4;ERBB3;BLK;GAK;ERBB2;LYN;LCK;AXL
110,CHEMBL:CHEMBL3647420,Pyrotinib,PKIDB,weighted_vote,common_prediction_mask,0.7263157894736842,EGFR;ERBB2,384,1,1,1,EGFR;MAP3K19;ERBB4;ERBB3;BLK;GAK;ERBB2;LYN;LCK;AXL
111,CHEMBL:CHEMBL4297524,Radotinib,PKIDB,one_nn,method_available,0.8289473684210527,ABL1;PDGFRB,386,0,1,1,DDR1;NAN;ABL1;DDR2;ILK;ABL2;MAPK11;EPHA8;KIT;EPHB2
111,CHEMBL:CHEMBL4297524,Radotinib,PKIDB,one_nn,common_prediction_mask,0.8289473684210527,ABL1;PDGFRB,386,0,1,1,DDR1;NAN;ABL1;DDR2;ILK;ABL2;MAPK11;EPHA8;KIT;EPHB2
111,CHEMBL:CHEMBL4297524,Radotinib,PKIDB,unweighted_knn,method_available,0.8289473684210527,ABL1;PDGFRB,395,0,0,1,DDR1;DDR2;ABL2;BCR;ABL1;PDGFRA;CSF1R;LCK;KIT;PDGFRB
111,CHEMBL:CHEMBL4297524,Radotinib,PKIDB,unweighted_knn,common_prediction_mask,0.8289473684210527,ABL1;PDGFRB,386,0,0,1,DDR1;DDR2;ABL2;BCR;ABL1;PDGFRA;CSF1R;LCK;KIT;PDGFRB
111,CHEMBL:CHEMBL4297524,Radotinib,PKIDB,weighted_knn,method_available,0.8289473684210527,ABL1;PDGFRB,395,0,1,1,DDR1;DDR2;ABL1;ABL2;PDGFRA;KIT;BCR;CSF1R;LCK;PDGFRB
111,CHEMBL:CHEMBL4297524,Radotinib,PKIDB,weighted_knn,common_prediction_mask,0.8289473684210527,ABL1;PDGFRB,386,0,1,1,DDR1;DDR2;ABL1;ABL2;PDGFRA;KIT;BCR;CSF1R;LCK;PDGFRB
111,CHEMBL:CHEMBL4297524,Radotinib,PKIDB,weighted_vote,method_available,0.8289473684210527,ABL1;PDGFRB,395,1,1,1,ABL1;LCK;DDR2;PDGFRA;DDR1;BCR;KIT;CSF1R;ABL2;NAN
111,CHEMBL:CHEMBL4297524,Radotinib,PKIDB,weighted_vote,common_prediction_mask,0.8289473684210527,ABL1;PDGFRB,386,1,1,1,ABL1;DDR2;BCR;PDGFRA;ABL2;KIT;CSF1R;LCK;DDR1;NAN
112,CHEMBL:CHEMBL2364626,Ralimetinib,PKIDB,one_nn,method_available,0.3246753246753247,MAPK11;MAPK14,139,0,0,0,PRKD3;MAPK9;PRKD2;FRK;MAP4K4;DYRK3;CSNK1D;MAPK8;FLT1;ERBB2
112,CHEMBL:CHEMBL2364626,Ralimetinib,PKIDB,one_nn,common_prediction_mask,0.3246753246753247,MAPK11;MAPK14,137,0,0,0,PRKD3;MAPK9;PRKD2;FRK;MAP4K4;DYRK3;CSNK1D;MAPK8;FLT1;ERBB2
112,CHEMBL:CHEMBL2364626,Ralimetinib,PKIDB,unweighted_knn,method_available,0.3246753246753247,MAPK11;MAPK14,139,1,1,1,MAPK14;CSNK1D;MAPK9;PRKD3;MAP4K4;PRKD2;FRK;FLT1;ABL1;MAPK8
112,CHEMBL:CHEMBL2364626,Ralimetinib,PKIDB,unweighted_knn,common_prediction_mask,0.3246753246753247,MAPK11;MAPK14,137,0,0,0,CSNK1D;MAPK9;PRKD3;MAP4K4;PRKD2;FRK;FLT1;ABL1;MAPK8;FYN
112,CHEMBL:CHEMBL2364626,Ralimetinib,PKIDB,weighted_knn,method_available,0.3246753246753247,MAPK11;MAPK14,139,1,1,1,MAPK14;CSNK1D;MAPK9;PRKD3;MAP4K4;PRKD2;FRK;FLT1;ABL1;MAPK8
112,CHEMBL:CHEMBL2364626,Ralimetinib,PKIDB,weighted_knn,common_prediction_mask,0.3246753246753247,MAPK11;MAPK14,137,0,0,0,CSNK1D;MAPK9;PRKD3;MAP4K4;PRKD2;FRK;FLT1;ABL1;MAPK8;FYN
112,CHEMBL:CHEMBL2364626,Ralimetinib,PKIDB,weighted_vote,method_available,0.3246753246753247,MAPK11;MAPK14,139,0,1,1,CSNK1D;MAPK9;MAPK14;MAP4K4;FYN;ABL1;FLT1;PRKD3;FRK;MINK1
112,CHEMBL:CHEMBL2364626,Ralimetinib,PKIDB,weighted_vote,common_prediction_mask,0.3246753246753247,MAPK11;MAPK14,137,0,0,0,CSNK1D;MAPK9;MAP4K4;ABL1;FYN;FLT1;PRKD3;FRK;MINK1;MAPK8
113,CHEMBL:CHEMBL4442620,Roniciclib,PKIDB,one_nn,method_available,0.3333333333333333,CDK1;CDK2;CDK4;CDK9,222,0,0,0,PTK2;CDKL5;JAK2;NTRK2;NTRK3;MAP3K9;JAK3;PTK2B;NTRK1;KDR
113,CHEMBL:CHEMBL4442620,Roniciclib,PKIDB,one_nn,common_prediction_mask,0.3333333333333333,CDK1;CDK2;CDK4;CDK9,221,0,0,0,PTK2;CDKL5;JAK2;NTRK2;NTRK3;MAP3K9;JAK3;PTK2B;NTRK1;KDR
113,CHEMBL:CHEMBL4442620,Roniciclib,PKIDB,unweighted_knn,method_available,0.3333333333333333,CDK1;CDK2;CDK4;CDK9,275,0,0,0,LRRK2;ITK;JAK2;MAP3K9;ROS1;FLT4;NTRK2;MARK1;FGFR3;STK17A
113,CHEMBL:CHEMBL4442620,Roniciclib,PKIDB,unweighted_knn,common_prediction_mask,0.3333333333333333,CDK1;CDK2;CDK4;CDK9,221,0,0,0,JAK2;MAP3K9;NTRK2;MARK1;JAK3;PTK2;KDR;NTRK3;BMP2K;FLT1
113,CHEMBL:CHEMBL4442620,Roniciclib,PKIDB,weighted_knn,method_available,0.3333333333333333,CDK1;CDK2;CDK4;CDK9,275,0,0,0,LRRK2;ITK;JAK2;MAP3K9;ROS1;FLT4;NTRK2;MARK1;FGFR3;STK17A
113,CHEMBL:CHEMBL4442620,Roniciclib,PKIDB,weighted_knn,common_prediction_mask,0.3333333333333333,CDK1;CDK2;CDK4;CDK9,221,0,0,0,JAK2;MAP3K9;NTRK2;MARK1;JAK3;PTK2;NTRK3;KDR;BMP2K;FLT1
113,CHEMBL:CHEMBL4442620,Roniciclib,PKIDB,weighted_vote,method_available,0.3333333333333333,CDK1;CDK2;CDK4;CDK9,275,0,0,0,CHEK2;MARK1;ROS1;HIPK2;FGFR3;LTK;NTRK2;JAK2;BLK;ITK
113,CHEMBL:CHEMBL4442620,Roniciclib,PKIDB,weighted_vote,common_prediction_mask,0.3333333333333333,CDK1;CDK2;CDK4;CDK9,221,0,0,0,JAK2;KDR;MAP3K9;NTRK3;NTRK2;MARK1;FLT3;JAK3;FLT1;MAP3K11
114,PKIDB:SELATINIB,Selatinib,PKIDB,one_nn,method_available,0.8024691358024691,EGFR;ERBB2,397,1,1,1,EGFR;ERBB2;ERBB4;MAP2K5;TSSK2;FYN;FLT1;BLK;SRC;PRKACA
114,PKIDB:SELATINIB,Selatinib,PKIDB,one_nn,common_prediction_mask,0.8024691358024691,EGFR;ERBB2,396,1,1,1,EGFR;ERBB2;ERBB4;MAP2K5;TSSK2;FYN;FLT1;BLK;SRC;RET
114,PKIDB:SELATINIB,Selatinib,PKIDB,unweighted_knn,method_available,0.8024691358024691,EGFR;ERBB2,397,1,1,1,EGFR;ERBB2;ERBB4;RIPK2;GAK;MAP3K19;TSSK2;BLK;MKNK1;CHEK2
114,PKIDB:SELATINIB,Selatinib,PKIDB,unweighted_knn,common_prediction_mask,0.8024691358024691,EGFR;ERBB2,396,1,1,1,EGFR;ERBB2;ERBB4;RIPK2;GAK;MAP3K19;TSSK2;BLK;MKNK1;CHEK2
114,PKIDB:SELATINIB,Selatinib,PKIDB,weighted_knn,method_available,0.8024691358024691,EGFR;ERBB2,397,1,1,1,EGFR;ERBB2;ERBB4;RIPK2;TSSK2;FLT1;BLK;CHEK2;GAK;DAPK3
114,PKIDB:SELATINIB,Selatinib,PKIDB,weighted_knn,common_prediction_mask,0.8024691358024691,EGFR;ERBB2,396,1,1,1,EGFR;ERBB2;ERBB4;RIPK2;TSSK2;FLT1;BLK;CHEK2;GAK;DAPK3
114,PKIDB:SELATINIB,Selatinib,PKIDB,weighted_vote,method_available,0.8024691358024691,EGFR;ERBB2,397,0,1,1,ERBB4;EGFR;ERBB2;RIPK2;GAK;MAP3K19;SBK1;MKNK1;ERBB3;EPHA6
114,PKIDB:SELATINIB,Selatinib,PKIDB,weighted_vote,common_prediction_mask,0.8024691358024691,EGFR;ERBB2,396,0,1,1,ERBB4;EGFR;ERBB2;RIPK2;GAK;MAP3K19;SBK1;MKNK1;ERBB3;EPHA6
115,CHEMBL:CHEMBL3545235,Simotinib,PKIDB,one_nn,method_available,0.6710526315789473,EGFR,396,1,1,1,EGFR;RIPK2;GAK;IRAK1;MAP3K19;ERBB4;MKNK1;ERBB2;LYN;CSNK1E
115,CHEMBL:CHEMBL3545235,Simotinib,PKIDB,one_nn,common_prediction_mask,0.6710526315789473,EGFR,387,1,1,1,EGFR;RIPK2;GAK;IRAK1;MAP3K19;ERBB4;MKNK1;ERBB2;LYN;CSNK1E
115,CHEMBL:CHEMBL3545235,Simotinib,PKIDB,unweighted_knn,method_available,0.6710526315789473,EGFR,390,1,1,1,EGFR;ERBB4;ERBB2;BLK;MKNK1;RIPK2;ERBB3;MAP3K19;GAK;EPHA6
115,CHEMBL:CHEMBL3545235,Simotinib,PKIDB,unweighted_knn,common_prediction_mask,0.6710526315789473,EGFR,387,1,1,1,EGFR;ERBB4;ERBB2;BLK;MKNK1;RIPK2;ERBB3;MAP3K19;GAK;EPHA6
115,CHEMBL:CHEMBL3545235,Simotinib,PKIDB,weighted_knn,method_available,0.6710526315789473,EGFR,390,1,1,1,EGFR;ERBB4;ERBB2;RIPK2;MKNK1;BLK;GAK;MAP3K19;ERBB3;EPHA6
115,CHEMBL:CHEMBL3545235,Simotinib,PKIDB,weighted_knn,common_prediction_mask,0.6710526315789473,EGFR,387,1,1,1,EGFR;ERBB4;ERBB2;RIPK2;MKNK1;BLK;GAK;MAP3K19;ERBB3;EPHA6
115,CHEMBL:CHEMBL3545235,Simotinib,PKIDB,weighted_vote,method_available,0.6710526315789473,EGFR,390,0,0,1,EPHA6;MKNK1;ERBB4;MAP3K19;ERBB2;EGFR;ERBB3;RIPK2;GAK;LCK
115,CHEMBL:CHEMBL3545235,Simotinib,PKIDB,weighted_vote,common_prediction_mask,0.6710526315789473,EGFR,387,0,0,1,EPHA6;MKNK1;ERBB4;MAP3K19;ERBB2;EGFR;ERBB3;RIPK2;GAK;LCK
116,CHEMBL:CHEMBL3989926,Sitravatinib,PKIDB,one_nn,method_available,0.7558139534883721,DDR2;NTRK1;NTRK2;NTRK3;RET,217,0,0,0,KDR;MET;LCK;FLT3;ABL1;HCK;ABL2;SRC;DDR1;MAP4K4
116,CHEMBL:CHEMBL3989926,Sitravatinib,PKIDB,one_nn,common_prediction_mask,0.7558139534883721,DDR2;NTRK1;NTRK2;NTRK3;RET,216,0,0,0,KDR;MET;LCK;FLT3;ABL1;HCK;ABL2;SRC;DDR1;MAP4K4
116,CHEMBL:CHEMBL3989926,Sitravatinib,PKIDB,unweighted_knn,method_available,0.7558139534883721,DDR2;NTRK1;NTRK2;NTRK3;RET,387,0,0,1,TIE1;MERTK;AXL;EPHA6;CSF1R;EPHA8;HIPK4;TYRO3;FLT4;NTRK3
116,CHEMBL:CHEMBL3989926,Sitravatinib,PKIDB,unweighted_knn,common_prediction_mask,0.7558139534883721,DDR2;NTRK1;NTRK2;NTRK3;RET,216,0,0,1,KDR;DDR1;MET;FLT3;LCK;FRK;RET;DDR2;MST1R;NTRK1
116,CHEMBL:CHEMBL3989926,Sitravatinib,PKIDB,weighted_knn,method_available,0.7558139534883721,DDR2;NTRK1;NTRK2;NTRK3;RET,387,0,0,0,TIE1;MERTK;AXL;EPHA6;CSF1R;EPHA8;HIPK4;TYRO3;KDR;FLT4
116,CHEMBL:CHEMBL3989926,Sitravatinib,PKIDB,weighted_knn,common_prediction_mask,0.7558139534883721,DDR2;NTRK1;NTRK2;NTRK3;RET,216,0,0,1,KDR;MET;DDR1;FLT3;LCK;FRK;DDR2;MST1R;ABL1;RET
116,CHEMBL:CHEMBL3989926,Sitravatinib,PKIDB,weighted_vote,method_available,0.7558139534883721,DDR2;NTRK1;NTRK2;NTRK3;RET,387,0,0,0,MAPK13;MAP3K13;MAP3K7;EPHA6;MKNK2;HIPK3;SRMS;HIPK2;STK36;ERBB2
116,CHEMBL:CHEMBL3989926,Sitravatinib,PKIDB,weighted_vote,common_prediction_mask,0.7558139534883721,DDR2;NTRK1;NTRK2;NTRK3;RET,216,0,0,1,MET;DDR1;FLT3;KDR;ABL2;BCR;LCK;ABL1;NTRK1;FRK
117,CHEMBL:CHEMBL3301606,Solcitinib,PKIDB,one_nn,method_available,0.5522388059701493,JAK1,217,0,0,1,JAK2;FLT4;CSF1R;JAK3;JAK1;TYK2;STK10;ADCK1;MAPK10;FLT3
117,CHEMBL:CHEMBL3301606,Solcitinib,PKIDB,one_nn,common_prediction_mask,0.5522388059701493,JAK1,215,0,0,1,JAK2;FLT4;CSF1R;JAK3;JAK1;TYK2;STK10;ADCK1;MAPK10;FLT3
117,CHEMBL:CHEMBL3301606,Solcitinib,PKIDB,unweighted_knn,method_available,0.5522388059701493,JAK1,249,0,0,0,PDGFRA;KDR;FLT1;FLT4;CSF1R;JAK2;JAK3;NTRK3;AXL;FGFR3
117,CHEMBL:CHEMBL3301606,Solcitinib,PKIDB,unweighted_knn,common_prediction_mask,0.5522388059701493,JAK1,215,0,0,0,FLT4;CSF1R;JAK2;JAK3;RET;BCR;ROCK1;FLT3;PDGFRB;TYK2
117,CHEMBL:CHEMBL3301606,Solcitinib,PKIDB,weighted_knn,method_available,0.5522388059701493,JAK1,249,0,0,0,PDGFRA;KDR;FLT1;FLT4;JAK2;CSF1R;JAK3;NTRK3;AXL;FGFR3
117,CHEMBL:CHEMBL3301606,Solcitinib,PKIDB,weighted_knn,common_prediction_mask,0.5522388059701493,JAK1,215,0,0,1,FLT4;JAK2;CSF1R;JAK3;FLT3;TYK2;RET;JAK1;ROCK1;BCR
117,CHEMBL:CHEMBL3301606,Solcitinib,PKIDB,weighted_vote,method_available,0.5522388059701493,JAK1,249,0,0,1,FLT1;KDR;FLT4;CSF1R;JAK2;JAK3;JAK1;NTRK3;PDGFRA;YES1
117,CHEMBL:CHEMBL3301606,Solcitinib,PKIDB,weighted_vote,common_prediction_mask,0.5522388059701493,JAK1,215,0,0,1,CSF1R;FLT4;JAK3;JAK2;JAK1;YES1;BCR;NEK1;PRKCQ;MINK1
118,CHEMBL:CHEMBL3301625,Spebrutinib,PKIDB,one_nn,method_available,0.47368421052631576,BTK,128,0,0,0,AURKA;FLT3;JAK2;TYRO3;FLT1;FLT4;PLK4;AXL;TYK2;KDR
118,CHEMBL:CHEMBL3301625,Spebrutinib,PKIDB,one_nn,common_prediction_mask,0.47368421052631576,BTK,128,0,0,0,AURKA;FLT3;JAK2;TYRO3;FLT1;FLT4;PLK4;AXL;TYK2;KDR
118,CHEMBL:CHEMBL3301625,Spebrutinib,PKIDB,unweighted_knn,method_available,0.47368421052631576,BTK,253,0,0,0,JAK2;GAK;AXL;FLT3;DAPK3;ROS1;FLT4;AURKB;FLT1;PLK4
118,CHEMBL:CHEMBL3301625,Spebrutinib,PKIDB,unweighted_knn,common_prediction_mask,0.47368421052631576,BTK,128,0,0,0,JAK2;AXL;FLT3;DAPK3;ROS1;FLT4;AURKB;FLT1;PLK4;CSF1R
118,CHEMBL:CHEMBL3301625,Spebrutinib,PKIDB,weighted_knn,method_available,0.47368421052631576,BTK,253,0,0,0,JAK2;GAK;AXL;FLT3;DAPK3;ROS1;FLT4;AURKB;FLT1;PLK4
118,CHEMBL:CHEMBL3301625,Spebrutinib,PKIDB,weighted_knn,common_prediction_mask,0.47368421052631576,BTK,128,0,0,0,JAK2;AXL;FLT3;DAPK3;ROS1;FLT4;AURKB;FLT1;PLK4;CSF1R
118,CHEMBL:CHEMBL3301625,Spebrutinib,PKIDB,weighted_vote,method_available,0.47368421052631576,BTK,253,0,0,0,GAK;JAK2;ROS1;CSF1R;FGFR3;JAK3;BLK;AXL;ALK;TNK1
118,CHEMBL:CHEMBL3301625,Spebrutinib,PKIDB,weighted_vote,common_prediction_mask,0.47368421052631576,BTK,128,0,0,0,JAK2;ROS1;CSF1R;FGFR3;AXL;BLK;ALK;JAK3;MAPK9;FLT3
119,CHEMBL:CHEMBL2180602,Tafetinib,PKIDB,one_nn,method_available,0.6081081081081081,FLT1;FLT4;KDR,390,0,1,1,STK17A;FLT1;FLT3;PDGFRA;BMP2K;PHKG1;PHKG2;PDGFRB;KDR;AXL
119,CHEMBL:CHEMBL2180602,Tafetinib,PKIDB,one_nn,common_prediction_mask,0.6081081081081081,FLT1;FLT4;KDR,386,0,1,1,STK17A;FLT1;FLT3;PDGFRA;BMP2K;PHKG1;PHKG2;PDGFRB;AXL;KDR
119,CHEMBL:CHEMBL2180602,Tafetinib,PKIDB,unweighted_knn,method_available,0.6081081081081081,FLT1;FLT4;KDR,393,0,0,0,PDGFRB;BMP2K;FLT3;MAP3K19;MAP4K1;CSF1R;PDGFRA;HIPK3;STK17A;AXL
119,CHEMBL:CHEMBL2180602,Tafetinib,PKIDB,unweighted_knn,common_prediction_mask,0.6081081081081081,FLT1;FLT4;KDR,386,0,0,0,PDGFRB;BMP2K;FLT3;MAP3K19;MAP4K1;CSF1R;PDGFRA;HIPK3;STK17A;AXL
119,CHEMBL:CHEMBL2180602,Tafetinib,PKIDB,weighted_knn,method_available,0.6081081081081081,FLT1;FLT4;KDR,393,0,0,1,PDGFRB;FLT3;BMP2K;CSF1R;MAP3K19;MAP4K1;KDR;RET;AXL;PHKG1
119,CHEMBL:CHEMBL2180602,Tafetinib,PKIDB,weighted_knn,common_prediction_mask,0.6081081081081081,FLT1;FLT4;KDR,386,0,0,1,PDGFRB;FLT3;BMP2K;CSF1R;MAP3K19;MAP4K1;KDR;RET;AXL;PHKG1
119,CHEMBL:CHEMBL2180602,Tafetinib,PKIDB,weighted_vote,method_available,0.6081081081081081,FLT1;FLT4;KDR,393,0,0,0,NUAK1;TNIK;MAP4K4;STK10;CAMKK1;MAP4K3;MAP4K1;GRK7;STK33;NUAK2
119,CHEMBL:CHEMBL2180602,Tafetinib,PKIDB,weighted_vote,common_prediction_mask,0.6081081081081081,FLT1;FLT4;KDR,386,0,0,0,NUAK1;MAP4K4;TNIK;STK10;HIPK3;MAP2K2;GRK7;CAMKK1;GRK4;MYLK2
120,CHEMBL:CHEMBL4297661,Tarloxotinib,PKIDB,one_nn,method_available,0.3584905660377358,EGFR,212,1,1,1,EGFR;ERBB2;ERBB4;GAK;RIPK2;RIPK3;CIT;CHEK1;EPHB6;BUB1
120,CHEMBL:CHEMBL4297661,Tarloxotinib,PKIDB,one_nn,common_prediction_mask,0.3584905660377358,EGFR,212,1,1,1,EGFR;ERBB2;ERBB4;GAK;RIPK2;RIPK3;CIT;CHEK1;EPHB6;BUB1
120,CHEMBL:CHEMBL4297661,Tarloxotinib,PKIDB,unweighted_knn,method_available,0.3584905660377358,EGFR,388,1,1,1,EGFR;ERBB4;ERBB2;BLK;GAK;EPHA6;MKNK1;HIPK4;ERBB3;RIPK2
120,CHEMBL:CHEMBL4297661,Tarloxotinib,PKIDB,unweighted_knn,common_prediction_mask,0.3584905660377358,EGFR,212,1,1,1,EGFR;ERBB4;ERBB2;GAK;RIPK2;IRAK1;MAP2K5;LCK;BTK;ABL1
120,CHEMBL:CHEMBL4297661,Tarloxotinib,PKIDB,weighted_knn,method_available,0.3584905660377358,EGFR,388,1,1,1,EGFR;ERBB4;ERBB2;BLK;GAK;EPHA6;MKNK1;HIPK4;ERBB3;RIPK2
120,CHEMBL:CHEMBL4297661,Tarloxotinib,PKIDB,weighted_knn,common_prediction_mask,0.3584905660377358,EGFR,212,1,1,1,EGFR;ERBB4;ERBB2;GAK;RIPK2;IRAK1;MAP2K5;LCK;BTK;ABL1
120,CHEMBL:CHEMBL4297661,Tarloxotinib,PKIDB,weighted_vote,method_available,0.3584905660377358,EGFR,388,0,1,1,EPHA6;ERBB4;EGFR;ERBB2;GAK;BLK;HIPK4;MAP3K19;ERBB3;MKNK1
120,CHEMBL:CHEMBL4297661,Tarloxotinib,PKIDB,weighted_vote,common_prediction_mask,0.3584905660377358,EGFR,212,1,1,1,EGFR;ERBB2;ERBB4;GAK;RIPK2;LCK;IRAK1;BTK;MAP2K5;LYN
121,CHEMBL:CHEMBL13608,Toceranib,PKIDB,one_nn,method_available,0.7164179104477612,KIT,390,0,0,0,STK17A;FLT1;FLT3;PDGFRA;BMP2K;PHKG1;PHKG2;PDGFRB;KDR;AXL
121,CHEMBL:CHEMBL13608,Toceranib,PKIDB,one_nn,common_prediction_mask,0.7164179104477612,KIT,386,0,0,0,STK17A;FLT1;FLT3;PDGFRA;BMP2K;PHKG1;PHKG2;PDGFRB;AXL;KDR
121,CHEMBL:CHEMBL13608,Toceranib,PKIDB,unweighted_knn,method_available,0.7164179104477612,KIT,394,0,0,0,PDGFRB;FLT3;BMP2K;CSF1R;MAP3K19;MAP4K1;RET;KDR;AXL;PDGFRA
121,CHEMBL:CHEMBL13608,Toceranib,PKIDB,unweighted_knn,common_prediction_mask,0.7164179104477612,KIT,386,0,0,0,PDGFRB;FLT3;BMP2K;CSF1R;MAP3K19;MAP4K1;RET;KDR;AXL;PDGFRA
121,CHEMBL:CHEMBL13608,Toceranib,PKIDB,weighted_knn,method_available,0.7164179104477612,KIT,394,0,0,0,PDGFRB;FLT3;CSF1R;BMP2K;MAP3K19;MAP4K1;KDR;RET;AXL;PDGFRA
121,CHEMBL:CHEMBL13608,Toceranib,PKIDB,weighted_knn,common_prediction_mask,0.7164179104477612,KIT,386,0,0,0,PDGFRB;FLT3;CSF1R;BMP2K;MAP3K19;MAP4K1;KDR;RET;AXL;PDGFRA
121,CHEMBL:CHEMBL13608,Toceranib,PKIDB,weighted_vote,method_available,0.7164179104477612,KIT,394,0,0,0,PLK4;NUAK1;STK10;HIPK3;BMP2K;MAP4K4;NTRK1;MAP4K1;RET;SLK
121,CHEMBL:CHEMBL13608,Toceranib,PKIDB,weighted_vote,common_prediction_mask,0.7164179104477612,KIT,386,0,0,0,NUAK1;MAP4K4;TNIK;STK10;RET;HIPK3;CSF1R;NTRK1;BMP2K;RIOK1
122,CHEMBL:CHEMBL3894860,Trilaciclib,PKIDB,one_nn,method_available,0.4166666666666667,CDK4;CDK6,211,1,1,1,CDK6;CAMK2G;CAMK2D;CDK4;GAK;SIK2;CDK9;CDK16;MAP3K1;PRKD2
122,CHEMBL:CHEMBL3894860,Trilaciclib,PKIDB,one_nn,common_prediction_mask,0.4166666666666667,CDK4;CDK6,210,1,1,1,CDK6;CAMK2G;CAMK2D;CDK4;GAK;SIK2;CDK9;CDK16;MAP3K1;PRKD2
122,CHEMBL:CHEMBL3894860,Trilaciclib,PKIDB,unweighted_knn,method_available,0.4166666666666667,CDK4;CDK6,250,0,0,0,WEE2;PLK1;JAK3;FLT4;DAPK3;GAK;JAK2;WEE1;LRRK2;KIT
122,CHEMBL:CHEMBL3894860,Trilaciclib,PKIDB,unweighted_knn,common_prediction_mask,0.4166666666666667,CDK4;CDK6,210,0,1,1,GAK;WEE1;CDK4;CDK6;CLK1;CSNK2A2;CLK4;CDK16;PRKD3;FLT3
122,CHEMBL:CHEMBL3894860,Trilaciclib,PKIDB,weighted_knn,method_available,0.4166666666666667,CDK4;CDK6,250,0,0,1,WEE2;PLK1;JAK3;DAPK3;FLT4;CDK4;CDK6;GAK;JAK2;LRRK2
122,CHEMBL:CHEMBL3894860,Trilaciclib,PKIDB,weighted_knn,common_prediction_mask,0.4166666666666667,CDK4;CDK6,210,1,1,1,CDK4;CDK6;GAK;WEE1;CLK1;CSNK2A2;CLK4;CDK16;PRKD3;PRKD2
122,CHEMBL:CHEMBL3894860,Trilaciclib,PKIDB,weighted_vote,method_available,0.4166666666666667,CDK4;CDK6,250,0,0,1,WEE2;FLT4;JAK3;PLK1;CDK4;GAK;DAPK3;KIT;CDK6;JAK2
122,CHEMBL:CHEMBL3894860,Trilaciclib,PKIDB,weighted_vote,common_prediction_mask,0.4166666666666667,CDK4;CDK6,210,1,1,1,CDK4;GAK;CDK6;CLK1;CLK4;CSNK2A2;PKMYT1;WEE1;CAMK2G;CAMK2D
123,CHEMBL:CHEMBL3622821,Upadacitinib,PKIDB,one_nn,method_available,0.25882352941176473,JAK1,128,0,0,0,JAK3;JAK2;FLT1;ABL1;FYN;RET;DAPK3;KIT;ALK;NTRK3
123,CHEMBL:CHEMBL3622821,Upadacitinib,PKIDB,one_nn,common_prediction_mask,0.25882352941176473,JAK1,128,0,0,0,JAK3;JAK2;FLT1;ABL1;FYN;RET;DAPK3;KIT;ALK;NTRK3
123,CHEMBL:CHEMBL3622821,Upadacitinib,PKIDB,unweighted_knn,method_available,0.25882352941176473,JAK1,269,1,1,1,JAK1;JAK3;JAK2;TNK1;TYK2;LRRK2;STK10;CDC42BPB;CDK17;FLT1
123,CHEMBL:CHEMBL3622821,Upadacitinib,PKIDB,unweighted_knn,common_prediction_mask,0.25882352941176473,JAK1,128,0,0,0,JAK3;JAK2;TYK2;FLT1;CDC7;STK17A;CHEK2;TSSK2;ROCK1;ABL1
123,CHEMBL:CHEMBL3622821,Upadacitinib,PKIDB,weighted_knn,method_available,0.25882352941176473,JAK1,269,1,1,1,JAK1;JAK3;JAK2;TNK1;LRRK2;TYK2;STK10;CDC42BPB;CDK17;FLT1
123,CHEMBL:CHEMBL3622821,Upadacitinib,PKIDB,weighted_knn,common_prediction_mask,0.25882352941176473,JAK1,128,0,0,0,JAK3;JAK2;TYK2;FLT1;CDC7;STK17A;CHEK2;TSSK2;ABL1;ROCK1
123,CHEMBL:CHEMBL3622821,Upadacitinib,PKIDB,weighted_vote,method_available,0.25882352941176473,JAK1,269,0,1,1,TNK1;JAK1;JAK2;JAK3;ABL1;ROCK1;FLT1;PRKCB;PRKCA;CDC42BPB
123,CHEMBL:CHEMBL3622821,Upadacitinib,PKIDB,weighted_vote,common_prediction_mask,0.25882352941176473,JAK1,128,0,0,0,JAK2;JAK3;ABL1;ROCK1;FLT1;FYN;MARK3;MARK2;TYK2;ERBB4
124,CHEMBL:CHEMBL3905910,Voruciclib,PKIDB,one_nn,method_available,0.7575757575757576,CDK4,216,0,0,1,PLK1;CDK9;CDKL5;CDK1;ICK;CAMK2G;CDK4;NLK;PRKCD;PRKD3
124,CHEMBL:CHEMBL3905910,Voruciclib,PKIDB,one_nn,common_prediction_mask,0.7575757575757576,CDK4,216,0,0,1,PLK1;CDK9;CDKL5;CDK1;ICK;CAMK2G;CDK4;NLK;PRKCD;PRKD3
124,CHEMBL:CHEMBL3905910,Voruciclib,PKIDB,unweighted_knn,method_available,0.7575757575757576,CDK4,277,0,0,0,CDK8;CDK9;DYRK1B;CDKL5;FLT1;ICK;ALK;CDK1;KIT;FLT4
124,CHEMBL:CHEMBL3905910,Voruciclib,PKIDB,unweighted_knn,common_prediction_mask,0.7575757575757576,CDK4,216,0,0,1,CDK9;CDKL5;ICK;CDK1;NLK;CDK7;MAP4K5;CDK4;MAP4K2;RET
124,CHEMBL:CHEMBL3905910,Voruciclib,PKIDB,weighted_knn,method_available,0.7575757575757576,CDK4,277,0,0,1,CDK8;CDK9;CDKL5;DYRK1B;ICK;CDK1;ALK;CDK4;PLK1;CDK7
124,CHEMBL:CHEMBL3905910,Voruciclib,PKIDB,weighted_knn,common_prediction_mask,0.7575757575757576,CDK4,216,0,0,1,CDK9;CDKL5;ICK;CDK1;CDK4;PLK1;CDK7;PRKD3;CDK2;CDK5
124,CHEMBL:CHEMBL3905910,Voruciclib,PKIDB,weighted_vote,method_available,0.7575757575757576,CDK4,277,0,0,0,DYRK1B;CDK8;ALK;CDK9;CDKL5;ICK;CDK1;SRPK1;MATK;TAOK1
124,CHEMBL:CHEMBL3905910,Voruciclib,PKIDB,weighted_vote,common_prediction_mask,0.7575757575757576,CDK4,216,0,0,0,CDK9;CDKL5;ICK;CDK1;DYRK1A;TAOK1;PRKCQ;CDK7;GSK3B;CDK5
